,PT,CAL,"Calheta, Island São Jorge","Calheta, Island Sao Jorge",20,AI,1-3-----,0401,,3836N 02801W,
,PT,CLH,"Calheta, Island Madeira","Calheta, Island Madeira",30,RN,--3-----,0401,,3243N 01711W,
,PT,FNC,"Funchal, Madeira","Funchal, Madeira",30,AI,1-345---,0401,,3238N 01654W,
,PT,LGA,"Lagoa, Algarve","Lagoa, Algarve",08,RL,--3-----,0401,,3710N 00730W,
,PT,LGP,"Lagoa, Island São Miguel","Lagoa, Island Sao Miguel",20,RN,--3-----,0401,,3903N 02759W,
,PT,MAS,"Maia, Island São Miguel","Maia, Island Sao Miguel",20,RN,--3-----,0401,,3750N 02523W,
,PT,TZA,A dos Cunhados,A dos Cunhados,11,RL,--3--6--,0901,,3909N 00918W,
,PT,AVM,Abade de Vermoim,Abade de Vermoim,03,RN,--3-----,0401,,4123N 00829W,
,PT,ABO,Aboboda,Aboboda,11,RL,-23--6--,0401,,3843N 00920W,
,PT,AGO,Abragão,Abragao,13,RL,--3-----,1501,,4109N 00813W,
,PT,ABT,Abrantes,Abrantes,14,RN,-23-----,0401,,3928N 00812W,
,PT,ABS,Abraveses,Abraveses,18,RL,-----6--,1201,,4040N 00755W,
,PT,AA4,Abraã,Abraa,14,RL,--3-----,1701,,3925N 00847W,
,PT,ABG,Abrigada,Abrigada,11,RL,--3-----,0701,,3909N 00901W,
,PT,ABR,Abrunheira,Abrunheira,06,RL,--3-----,0401,,4007N 00843W,
,PT,AHA,Abrunheira,Abrunheira,11,RL,-----6--,1201,,3846N 00922W,
,PT,B4R,Adaufe,Adaufe,03,RL,--3-----,1601,,4135N 00824W,
,PT,ADF,Adaúfe,Adaufe,03,RL,--3-----,1501,,4135N 00824W,
,PT,ASD,Adães,Adaes,03,RN,-23-----,0401,,4131N 00834W,
,PT,AGE,Agrela,Agrela,03,RN,--3-----,0401,,4132N 00812W,
,PT,ADB,Aguada de Baixo,Aguada de Baixo,,RQ,-2------,1001,,4030N 00827W,
,PT,AGA,Aguada de Cima,Aguada de Cima,01,RQ,--3-----,0901,,,
,PT,AGV,Agualva,Agualva,01,RL,--3--6--,0901,,4050N 00815W,
,PT,UGV,Agualva,Agualva,11,RL,--3-----,0401,,3845N 00919W,
,PT,AGD,Aguda,Aguda,13,RL,1-------,1201,,4103N 00839W,
,PT,AGB,Aguiar da Beira,Aguiar da Beira,09,RN,--3-----,0401,,4049N 00733W,
,PT,AGC,Aguçadoura,Agucadoura,13,RL,--3-----,1401,,4126N 00847W,
,PT,AIO,Aião,Aiao,13,RN,-23-----,0401,,4118N 00812W,
,PT,ALG,Alagoa,Alagoa,06,RL,--3-----,1301,,4018N 00821W,
,PT,AOD,Alandroal,Alandroal,07,RN,--3-----,0401,,3842N 00724W,
,PT,ABQ,Albarraque,Albarraque,11,RL,--3-----,0701,,3846N 00921W,
,PT,ALB,Albergaria,Albergaria,10,RL,--3-----,0401,,3945N 00853W,
,PT,BDZ,Albergaria dos Doze,Albergaria dos Doze,,RL,-----6--,1107,,3947N 00835W,
,PT,ABV,Albergaria-a-Velha,Albergaria-a-Velha,01,RL,-23-----,0401,,4042N 00829W,
,PT,ANO,Albernoa,Albernoa,02,RL,--3-----,1207,,3752N 00758W,
,PT,ABF,Albufeira,Albufeira,08,RL,123-----,0401,,3705N 00815W,
,PT,ACB,Alcabideche,Alcabideche,11,RN,--3-----,0401,,3844N 00925W,
,PT,ALS,Alcains,Alcains,05,RN,-23-----,0401,,3955N 00727W,
,PT,ACD,Alcanede,Alcanede,14,RN,--3-----,0401,,3925N 00849W,
,PT,ALC,Alcanena,Alcanena,14,RL,--3-----,0401,,3927N 00840W,
,PT,ATH,Alcantarilha,Alcantarilha,08,RL,--3-----,1307,,3708N 00821W,
,PT,ALO,Alcobaça,Alcobaca,10,RL,--3-----,0212,,3933N 00859W,
,PT,ALE,Alcochete,Alcochete,15,RL,--3-----,0401,,3845N 00858W,
,PT,ACR,Alcoentre,Alcoentre,11,RN,--3-----,0401,,3912N 00857W,
,PT,ACT,Alcoutim,Alcoutim,08,RN,--3-----,0401,,3728N 00728W,
,PT,ADS,Alcácer do Sal,Alcacer do Sal,15,RL,-23-----,0401,,3822N 00830W,
,PT,APP,Aldeia de Paio Pires,Aldeia de Paio Pires,15,RL,--3-----,1301,,3837N 00905W,
,PT,OAS,Aldeia Galega da Merceana,Aldeia Galega da Merceana,11,RL,--3-----,1207,,3904N 00906W,
,PT,ALN,Alenquer,Alenquer,11,RL,--3-----,0401,,3903N 00900W,
,PT,AFZ,Alfeizerão,Alfeizerao,10,RL,--3-----,1501,,3930N 00906W,
,PT,AFA,Alfena,Alfena,13,RL,--3-----,0401,,4114N 00832W,
,PT,ARE,Alferrarede,Alferrarede,14,RL,--3-----,0212,,3929N 00810W,
,PT,ALF,Alfragide,Alfragide,11,RQ,--3--6--,1001,,3844N 00916W,
,PT,AFE,Alfândega da Fé,Alfandega da Fe,04,RN,--3-----,0401,,4120N 00658W,
,PT,AL8,Algoz,Algoz,06,RL,--3-----,1301,,3710N 00818W,
,PT,ARO,Algueirão,Algueirao,11,RL,--3-----,1301,,3848N 00920W,
,PT,AGS,Algés,Alges,11,RN,-23-----,0401,,3842N 00914W,
,PT,AHD,Alhandra,Alhandra,11,RQ,--3-----,0901,,3855N 00900W,
,PT,ALJ,Alijo,Alijo,17,RN,--3-----,0401,,4137N 00745W,
,PT,AJZ,Aljezur,Aljezur,08,RN,--3-----,0401,,3719N 00848W,
,PT,AJB,Aljubarrota,Aljubarrota,10,RL,--3-----,0701,,3934N 00856W,
,PT,AJT,Aljustrel,Aljustrel,02,RN,-23-----,0401,,3752N 00810W,
,PT,ALM,Almada,Almada,15,RL,-23-----,0401,,3841N 00909W,
,PT,AMG,Almagreira,Almagreira,10,RN,--3-----,0401,,3959N 00840W,
,PT,AML,Almancil,Almancil,08,RN,-23-----,0401,,3705N 00802W,
,PT,AMP,Almargem,Almargem,11,RL,--3-----,0607,,3851N 00916W,
,PT,ALD,Almeida,Almeida,09,RN,--3-----,0401,,4043N 00654W,
,PT,ALR,Almeirim,Almeirim,14,RN,--3-----,0401,,3925N 00843W,
,PT,ADA,Almendra,Almendra,,RL,-----6--,1201,,4100N 00703W,
,PT,ADV,Almodôvar,Almodovar,02,RN,--3-----,0401,,3731N 00804W,
,PT,AGR,Almograve,Almograve,,RL,1-------,1201,,3739N 00848W,
,PT,HAO,Alpalhão,Alpalhao,12,RL,--3-----,1301,,3925N 00737W,
,PT,AEM,Alpendurada e Matos,Alpendurada e Matos,13,RL,--3-----,1301,,4114N 00831W,
,PT,APC,Alpiarça,Alpiarca,14,RN,--3-----,0401,,3915N 00835W,
,PT,AQB,Alquerubim,Alquerubim,01,RL,--3-----,1207,,4037N 00830W,
,PT,ALT,Alter do Chão,Alter do Chao,12,RN,--3-----,0401,,3912N 00740W,
,PT,AVZ,Alvaiázere,Alvaiazere,10,RN,--3-----,0401,,3949N 00823W,
,PT,ADO,Alvaredo,Alvaredo,16,RL,-----6--,1201,,4206N 00818W,
,PT,AVL,Alvarelhos,Alvarelhos,13,RN,-23-----,0401,,4118N 00836W,
,PT,ALV,Alverca,Alverca,11,RL,-23-----,0401,,3854N 00902W,
,PT,ARJ,Alverca do Ribatejo,Alverca do Ribatejo,11,RQ,--3-----,0901,,3853N 00902W,
,PT,AVT,Alvito,Alvito,02,RN,-23-----,0401,,3815N 00759W,
,PT,AVR,Alvor,Alvor,08,RL,--3-----,1301,,3708N 00834W,
,PT,AVA,Alvorninha,Alvorninha,11,RL,--3-----,1501,,3923N 00902W,
,PT,AER,Além da Ribeira,Alem da Ribeira,16,RN,--3-----,0401,,4137N 00845W,
,PT,AMA,Amadora,Amadora,11,RL,-23-----,0401,,3845N 00914W,
,PT,AMT,Amarante,Amarante,13,RN,-23--6--,0401,,4116N 00805W,
,PT,AMJ,Amareleja,Amareleja,02,RN,--3-----,0401,,3812N 00714W,
,PT,AMR,Amares,Amares,03,RN,--3-----,0401,,4138N 00821W,
,PT,AMB,Amiais de Baixo,Amiais de Baixo,14,RL,--3-----,1601,,3927N 00844W,
,PT,AME,Amieirinha,Amieirinha,10,RQ,--3-----,0907,,3953N 00746W,
,PT,AMC,Amiães de Cima,Amiaes de Cima,14,RL,--3-----,0401,,3927N 00846W,
,PT,AMO,Amora,Amora,15,RN,--3-----,0401,,3837N 00907W,
,PT,ADG,Amoreira da Gândara,Amoreira da Gandara,01,RL,1----6--,1407,,4029N 00832W,
,PT,AMI,Amorim,Amorim,13,RN,-23-----,0401,,4124N 00845W,
,PT,ANA,Anadia,Anadia,01,RL,--3-----,0401,,4026N 00826W,
,PT,ANI,Anais,Anais,16,RL,--3-----,0901,,4142N 00831W,
,PT,ANC,Ancora,Ancora,16,RL,--3-----,0901,,4147N 00850W,
,PT,ANG,Angeiras,Angeiras,13,RL,1-------,1201,,4116N 00843W,
,PT,ADH,Angra do Heroísmo,Angra do Heroismo,20,AI,1-3-----,0401,,3839N 02713W,
,PT,ANS,Ansião,Ansiao,10,RN,--3-----,0401,,3955N 00826W,
,PT,AC6,Ançã,Anca,06,RL,--3-----,1701,,4016N 00831W,
,PT,AAR,Arada,Arada,01,RL,--3-----,1407,,4055N 00836W,
,PT,AZD,Arazede,Arazede,06,RL,--3-----,1307,,4017N 00839W,
,PT,ACS,Arcos,Arcos,16,RL,--3-----,1607,,4145N 00840W,
,PT,AVV,Arcos de Valdevez,Arcos de Valdevez,16,RN,--3-----,0401,,4151N 00825W,
,PT,AOR,Arcossó,Arcosso,17,RL,--3-----,1601,,4139N 00736W,
,PT,ACZ,Arcozelo,Arcozelo,18,RN,--3-----,0401,,4045N 00802W,
,PT,ARD,Ardido,Ardido,10,RL,--3-----,0607,,3929N 00859W,
,PT,ARA,Areosa,Areosa,16,RQ,--3-----,0607,,4142N 00851W,
,PT,AGN,Arganil,Arganil,06,RN,--3-----,0401,,4013N 00803W,
,PT,GER,Argeriz,Argeriz,17,RL,1-3-----,1401,,4135N 00723W,
,PT,AGL,Argoncilhe,Argoncilhe,01,RN,--3-----,0401,,4101N 00832W,
,PT,AGZ,Argozelo,Argozelo,04,RN,--3-----,0401,,4139N 00636W,
,PT,ARZ,Ariz,Ariz,13,RN,--3-----,0401,,4106N 00813W,
,PT,ARM,Armamar,Armamar,18,RN,--3-----,0401,,4106N 00742W,
,PT,ARP,Armação de Pêra,Armacao de Pera,08,RN,1-3-----,0401,,3706N 00821W,
,PT,ARC,Arouca,Arouca,01,RN,--3-----,0401,,4056N 00815W,
,PT,ARL,Arraiolos,Arraiolos,07,RN,-23-----,0401,,3843N 00759W,
,PT,ARG,Arreigada,Arreigada,13,RN,--3-----,0401,,4115N 00824W,
,PT,AFN,Arrifana,Arrifana,01,RL,--3-----,1301,,4055N 00830W,
,PT,ARF,Arrifana,Arrifana,06,RL,--3-----,0601,,4013N 00816W,
,PT,ARR,Arronches,Arronches,12,RN,--3-----,0401,,3907N 00717W,
,PT,ARV,Arruda dos Vinhos,Arruda dos Vinhos,11,RN,--3-----,0401,,3859N 00905W,
,PT,ATC,Atalaia do Campo,Atalaia do Campo,01,RL,--3-----,1207,,4003N 00726W,
,PT,ATB,Atouguia da Baleia,Atouguia da Baleia,10,RN,--3-----,0401,,3920N 00920W,
,PT,AVC,Avanca,Avanca,01,RL,--3-----,0401,,4048N 00834W,
,PT,AVB,Aveiras De Baixo,Aveiras De Baixo,11,RL,--3-----,1501,,3907N 00852W,
,PT,ADC,Aveiras de Cima,Aveiras de Cima,11,RL,--3-----,0401,,3908N 00854W,
,PT,AVE,Aveiro,Aveiro,01,AI,123-----,0401,,4038N 00839W,
,PT,AVD,Aveleda,Aveleda,13,RN,-23-----,0401,,4117N 00815W,
,PT,ACH,Avelãs de Caminho,Avelas de Caminho,01,RL,--3-----,1301,,4029N 00827W,
,PT,AES,Aves,Aves,13,RN,--3-----,0401,,4122N 00824W,
,PT,AVO,Avidos,Avidos,03,RQ,--3-----,0907,,4122N 00829W,
,PT,AVI,Avintes,Avintes,13,RL,-23-----,0401,,4107N 00833W,
,PT,AVS,Avis,Avis,12,RN,--3-----,0401,,3903N 00753W,
,PT,AZA,Azambuja,Azambuja,11,RL,-23-----,0401,,3904N 00852W,
,PT,ABA,Azambujeira,Azambujeira,14,RL,--3-----,0401,,3916N 00847W,
,PT,AZJ,Azaruja,Azaruja,07,RN,-23-----,0401,,3842N 00747W,
,PT,AZT,Azeitão,Azeitao,15,RN,--3-----,0401,,3831N 00901W,
,PT,AZM,Azenhas do Mar,Azenhas do Mar,,RL,1-------,1201,,3850N 00927W,
,PT,AZU,Azueira,Azueira,11,RL,--3-----,1401,,3900N 00917W,
,PT,BBN,Baixa da Banheira,Baixa da Banheira,15,RN,--3-----,0401,,,
,PT,BAA,Baião,Baiao,13,RN,--3-----,0401,,4109N 00802W,
,PT,BLZ,Balazar,Balazar,13,RN,--3-----,0401,,4124N 00838W,
,PT,BTR,Baltar,Baltar,13,RQ,1----6--,0907,,4111N 00823W,
,PT,BAN,Banatica,Banatica,15,AI,123-----,0401,,3840N 00912W,
,PT,BHC,Banho e Carvalhosa,Banho e Carvalhosa,13,RN,--3-----,0401,,4114N 00810W,
,PT,BEA,Barcarena,Barcarena,11,RN,-23-----,0401,,3844N 00917W,
,PT,BAR,Barcelos,Barcelos,03,RL,-23-----,0401,,4132N 00837W,
,PT,BQS,Barqueiros,Barqueiros,03,RL,--3-----,1301,,4129N 00844W,
,PT,BRR,Barrancos,Barrancos,02,RN,--3-----,0401,,3808N 00659W,
,PT,BRO,Barreiro,Barreiro,15,RL,-23-----,0401,,3840N 00904W,
,PT,BAO,Barro,Barro,01,RQ,1-3-----,0901,,,
,PT,BRS,Barroselas,Barroselas,16,RL,--3-----,0207,,4139N 00840W,
,PT,BAT,Batalha,Batalha,10,RL,-23-----,0401,,3939N 00850W,
,PT,BEI,Beijos,Beijos,18,RQ,1-3-----,0901,,,
,PT,BRE,Beire,Beire,13,RQ,-----6--,1007,,4115N 00819W,
,PT,BEJ,Beja,Beja,02,RL,-23-----,0401,,3801N 00752W,
,PT,BEL,Bela Salema,Bela Salema,08,RL,--3-----,1801,,3704N 00756W,
,PT,BLS,Belas,Belas,11,RN,--3--6--,0401,,3846N 00916W,
,PT,BMT,Belmonte,Belmonte,05,RN,--3-----,0401,,4021N 00721W,
,PT,BML,Belém,Belem,08,RL,--3-----,0401,,3719N 00835W,
,PT,BPA,Bemposta,Bemposta,04,RL,--3-----,1301,,4119N 00630W,
,PT,BNG,Benagil,Benagil,,RL,1-------,1201,,3705N 00826W,
,PT,BNV,Benavente,Benavente,14,RN,--3--6--,0401,,3859N 00848W,
,PT,BNT,Benedita,Benedita,10,RN,--3-----,0401,,3925N 00859W,
,PT,BDM,Benfica do Ribatejo,Benfica do Ribatejo,14,RL,--3-----,1501,,3909N 00841W,
,PT,BEC,Beça,Beca,17,RL,--3-----,1601,,4142N 00742W,
,PT,BBL,Bobadela,Bobadela,11,RN,-23-----,0401,,3849N 00906W,
,PT,BIM,Boim,Boim,13,RL,--3-----,1207,,4116N 00817W,
,PT,BOL,Boliqueime,Boliqueime,08,RL,-23-----,1401,,3707N 00809W,
,PT,BOM,Bombarral,Bombarral,10,RL,-23-----,0401,,3916N 00909W,
,PT,BBA,Borba,Borba,07,RN,-23-----,0401,,3848N 00727W,
,PT,BTS,Boticas,Boticas,17,RL,--3-----,0401,,4141N 00740W,
,PT,BOC,Bouça,Bouca,17,RL,1-3-----,1401,,4139N 00713W,
,PT,BGZ,Braga,Braga,03,AI,--34----,0401,,4133N 00826W,
,PT,BGC,Bragança,Braganca,04,AI,-234----,0401,,4149N 00645W,
,PT,BCA,Branca,Branca,01,RL,-23-----,0607,,4046N 00829W,
,PT,BUC,Bucelas,Bucelas,11,RL,--3-----,0701,,3854N 00907W,
,PT,BGL,Bugalhos,Bugalhos,14,RQ,-----6--,1007,,3927N 00839W,
,PT,BRG,Burgau,Burgau,,RL,1-------,1201,,3704N 00846W,
,PT,BUS,Bustos,Bustos,,RL,1----6--,1201,,4030N 00836W,
,PT,CBV,Cabanas de Tavira,Cabanas de Tavira,08,RL,--3-----,1607,,3708N 00735W,
,PT,CEV,Cabanas de Viriato,Cabanas de Viriato,18,RQ,-----6--,1007,,4028N 00759W,
,PT,CBS,Cabeceiras de Basto,Cabeceiras de Basto,03,RN,--3-----,0401,,4133N 00801W,
,PT,CAB,Cabeço de Vide,Cabeco de Vide,12,RL,-23-----,0401,,3908N 00735W,
,PT,CBL,Cabrela,Cabrela,07,RN,--3-----,0401,,3836N 00828W,
,PT,CAA,Cacia,Cacia,01,RL,--3--6--,0401,,4041N 00836W,
,PT,CAC,Cacém,Cacem,11,RL,1-3-----,0401,,3846N 00918W,
,PT,CDV,Cadaval,Cadaval,11,RN,--3-----,0401,,3914N 00906W,
,PT,CDP,Cais do Pico,Cais do Pico,20,AI,1-3-----,0401,,3831N 02819W,
,PT,CDR,Caldas da Rainha,Caldas da Rainha,10,RL,-23-----,0401,,3924N 00908W,
,PT,CTP,Caldas das Taipas,Caldas das Taipas,03,RL,--3-----,0901,,4129N 00821W,
,PT,CSJ,Caldas de São Jorge,Caldas de Sao Jorge,01,RL,--3-----,1301,,4058N 00830W,
,PT,CVZ,Caldas de Vizela,Caldas de Vizela,03,RN,--3-----,0401,,4123N 00819W,
,PT,CDA,Caldas do Moledo,Caldas do Moledo,13,RL,--3-----,1601,,4109N 00750W,
,PT,CDW,Calvária de Cima,Calvaria de Cima,10,RL,--3-----,1301,,3938N 00852W,
,PT,CMH,Camacha,Camacha,30,RN,--3-----,0401,,3305N 01620W,
,PT,CMT,Camarate,Camarate,11,RL,-23-----,0401,,3848N 00908W,
,PT,CES,Cambres,Cambres,18,RL,1----6--,1201,,4108N 00748W,
,PT,CAM,Caminha,Caminha,16,RL,-23-----,0401,,4152N 00850W,
,PT,CMO,Campelos,Campelos,11,RN,--3-----,0401,,3912N 00914W,
,PT,CPB,Campo de Besteiros,Campo de Besteiros,18,RN,--3-----,0401,,4033N 00808W,
,PT,CMR,Campo Maior,Campo Maior,12,RN,--3-----,0401,,3901N 00704W,
,PT,SCM,Canas de Santa Maria,Canas de Santa Maria,18,RL,-23-----,0901,,4032N 00850W,
,PT,CNI,Canas de Senhorim,Canas de Senhorim,18,RN,-23-----,0401,,4030N 00754W,
,PT,CEO,Canedo,Canedo,01,RN,--3-----,0401,,,
,PT,CNS,Canelas,Canelas,13,RL,-23-----,0401,,4104N 00836W,
,PT,CNC,Caneças,Canecas,11,RN,--3-----,0401,,3848N 00914W,
,PT,CHA,Canha,Canha,15,RQ,--3-----,0901,,3846N 00837W,
,PT,CNL,Caniçal,Canical,30,RL,1-3-----,0601,,3244N 01644W,
,PT,CNO,Caniço,Canico,30,RL,--3-----,0401,,3238N 01651W,
,PT,CTH,Cantanhede,Cantanhede,06,RL,-23-----,0401,,4021N 00836W,
,PT,CPC,Caparica,Caparica,15,RN,-23-----,0401,,3840N 00912W,
,PT,CPL,Capelo,Capelo,20,RN,1-3-----,0401,,3835N 02847W,
,PT,CRO,Caramulo,Caramulo,18,RN,--3-----,0401,,4034N 00810W,
,PT,CLE,Caranguejeira,Caranguejeira,10,RL,-----6--,1201,,3944N 00843W,
,PT,CPH,Carapelhos,Carapelhos,06,RL,--3-----,1501,,4026N 00841W,
,PT,CCS,Carcavelos,Carcavelos,11,RQ,--3-----,0901,,3841N 00920W,
,PT,CDS,Cardigos,Cardigos,14,RQ,--3-----,1001,,3942N 00801W,
,PT,CNX,Carnaxide,Carnaxide,11,RN,-23-----,0401,,3843N 00915W,
,PT,CRC,Carrasqueira,Carrasqueira,15,RL,1-------,1201,,3829N 00906W,
,PT,CZZ,Carrazeda de Anciães,Carrazeda de Anciaes,04,RN,--3-----,0401,,4115N 00718W,
,PT,CRG,Carrazedo de Montenegro,Carrazedo de Montenegro,17,RN,--3-----,0401,,4134N 00726W,
,PT,CRR,Carregado,Carregado,11,RL,--3-----,0401,,3901N 00859W,
,PT,CRA,Carregal do Sal,Carregal do Sal,18,RN,-23-----,0401,,4026N 00800W,
,PT,CGO,Carregosa,Carregosa,01,RL,--3-----,1701,,4053N 00825W,
,PT,CGS,Carregosa,Carregosa,15,RL,--3-----,1301,,3840N 00858W,
,PT,REO,Carreço,Carreco,16,RL,-23-----,1301,,4145N 00852W,
,PT,CXO,Cartaxo,Cartaxo,14,RL,-23-----,0401,,3909N 00847W,
,PT,TZE,Carvalhais,Carvalhais,04,RL,-----6--,0901,,4131N 00710W,
,PT,CAR,Carvalhos,Carvalhos,03,RL,-23-----,0401,,4128N 00836W,
,PT,CR2,Carvalhosa,Carvalhosa,13,RL,--3-----,1801,,4118N 00822W,
,PT,CVA,Carvoeira,Carvoeira,11,RL,--3-----,1601,,3905N 00910W,
,PT,CAO,Carvoeiro,Carvoeiro,08,RL,--3-----,1601,,3706N 00828W,
,PT,CRB,Casa Branca,Casa Branca,,RQ,1----6--,1001,,3830N 00810W,
,PT,CCB,Casal Comba,Casal Comba,01,RL,--3-----,1301,,4022N 00828W,
,PT,CCM,Casal De Cima,Casal De Cima,18,RL,--3-----,1601,,4042N 00742W,
,PT,CLV,Casal de Loivos,Casal de Loivos,17,RQ,--3-----,0901,,4112N 00732W,
,PT,CSM,Casal do Marco,Casal do Marco,15,RL,-----6--,0901,,3836N 00905W,
,PT,CBN,Casal dos Bernardos,Casal dos Bernardos,14,RN,--3-----,0401,,,
,PT,CV5,Casal Velho,Casal Velho,10,RL,-23-----,1307,,3956N 00818W,
,PT,CAS,Cascais,Cascais,11,AI,1-3-----,0401,,3842N 00925W,
,PT,CPR,Castanheira de Pêra,Castanheira de Pera,10,RN,--3-----,0401,,4000N 00813W,
,PT,CRI,Castanheira do Ribatejo,Castanheira do Ribatejo,11,RL,-23-----,0307,,3859N 00858W,
,PT,CBR,Castelo Branco,Castelo Branco,05,RL,-23-----,0401,,3949N 00730W,
,PT,CPV,Castelo de Paiva,Castelo de Paiva,01,RN,--3-----,0401,,4104N 00816W,
,PT,CVD,Castelo de Vide,Castelo de Vide,12,RN,-23-----,0401,,3925N 00727W,
,PT,CNV,Castelo do Neiva,Castelo do Neiva,16,RL,1-------,1201,,4138N 00848W,
,PT,CTD,Castro Daire,Castro Daire,18,RN,--3-----,0401,,4054N 00756W,
,PT,CMM,Castro Marim,Castro Marim,08,RN,-23-----,0401,,3713N 00726W,
,PT,CVR,Castro Verde,Castro Verde,02,RN,--3-----,0401,,3742N 00805W,
,PT,CMA,Castêlo da Maia,Castelo da Maia,13,RL,-23-----,1407,,4115N 00837W,
,PT,CAV,Cavalos,Cavalos,08,RL,--3-----,1301,,3719N 00757W,
,PT,PTC,Caxarias,Caxarias,11,RQ,--3--6--,0907,,3942N 00832W,
,PT,CAX,Caxias,Caxias,11,RN,-23-----,0401,,3842N 00917W,
,PT,CDM,Cedovim,Cedovim,09,RN,--3-----,0401,,4102N 00719W,
,PT,CLB,Celorico da Beira,Celorico da Beira,09,RN,-23-----,0401,,4038N 00723W,
,PT,CBT,Celorico de Basto,Celorico de Basto,03,RN,--3-----,0401,,4123N 00800W,
,PT,CLJ,Cercal do Alentejo,Cercal do Alentejo,15,RN,--3-----,0401,,3748N 00840W,
,PT,CER,Cernache,Cernache,06,RL,--3--6--,0901,,4008N 00828W,
,PT,CDB,Cernache do Bonjardim,Cernache do Bonjardim,05,RL,--3-----,1501,,3948N 00811W,
,PT,CHM,Chamusca,Chamusca,14,RN,--3-----,0401,,3921N 00829W,
,PT,CCC,Chao de Couce,Chao de Couce,10,RQ,--3-----,0907,,3953N 00822W,
,PT,CXP,Charneca da Caparica,Charneca da Caparica,15,RN,-23-----,0401,,,
,PT,CHV,Chaves,Chaves,17,AI,-234----,0401,,4144N 00728W,
,PT,CNF,Cinfães,Cinfaes,18,RN,-23-----,0401,,4104N 00805W,
,PT,CBP,Coimbra,Coimbra,06,AI,-234----,0401,,4012N 00825W,
,PT,CDC,Coimbra CDP,Coimbra CDP,06,RN,--3-----,0401,,3954N 00853W,
,PT,COI,Coimbrão,Coimbrao,10,RL,--3-----,0401,,3954N 00853W,
,PT,CNA,Coina,Coina,15,RL,1-3-----,0401,,3836N 00903W,
,PT,COJ,Coja,Coja,06,RN,--3-----,0401,,4016N 00759W,
,PT,CLR,Colares,Colares,11,RN,--3-----,0401,,3848N 00927W,
,PT,COL,Colmeias,Colmeias,10,RL,--3-----,1301,,3948N 00843W,
,PT,CLS,Colos,Colos,,RL,1----6--,1201,,3744N 00828W,
,PT,CMP,Comporta,Comporta,15,RL,--3-----,1601,,3823N 00847W,
,PT,CAN,Condeixa a Nova,Condeixa a Nova,06,RL,--3-----,0401,,4007N 00830W,
,PT,CON,Constância,Constancia,14,RL,--3-----,0212,,3928N 00820W,
,PT,COR,Coronado-Sao Mamede,Coronado-Sao Mamede,,RL,--3-----,0901,,,
,PT,CTL,Corotelo,Corotelo,08,RL,--3-----,1807,,3708N 00756W,
,PT,CRS,Corroios,Corroios,15,RN,--3-----,0401,,3838N 00909W,
,PT,TZD,Cortegaca,Cortegaca,11,RL,-----6--,0901,,3850N 00919W,
,PT,ZGA,Cortegaca,Cortegaca,,RQ,-----6--,0901,,,
,PT,CO5,Cortes,Cortes,16,RL,--3-----,1601,,4204N 00831W,
,PT,CRE,Coruche,Coruche,14,RL,-23-----,0401,,3857N 00831W,
,PT,CVU,Corvo Island Apt,Corvo Island Apt,20,AI,---4----,0401,,3942N 03106W,
,PT,CAP,Costa da Caparica,Costa da Caparica,15,RL,1-------,1201,,3838N 00913W,
,PT,CVP,Cova da Piedade,Cova da Piedade,15,RN,-23-----,0401,,3840N 00909W,
,PT,CDD,Covas do Douro,Covas do Douro,17,RL,--3-----,1601,,4111N 00736W,
,PT,CVO,Covelo,Covelo,06,RN,--3-----,0401,,4019N 00805W,
,PT,COV,Covilhã,Covilha,05,AI,-234----,0401,,4017N 00730W,
,PT,CRT,Crato,Crato,12,RN,-23-----,0401,,3918N 00739W,
,PT,CST,Crestuma,Crestuma,13,RN,--3-----,0401,,4104N 00830W,
,PT,CUB,Cuba,Cuba,02,RN,-23-----,0401,,3810N 00753W,
,PT,CUC,Cucujães,Cucujaes,01,RL,--3-----,0401,,4052N 00838W,
,PT,CUS,Custoias,Custoias,13,RQ,--3-----,1001,,4120N 08633W,
,PT,CML,Câmara de Lobos,Camara de Lobos,30,RN,1-3-----,0401,,3238N 01658W,
,PT,CSR,César,Cesar,01,RL,--3-----,0401,,4055N 00826W,
,PT,DAF,Dafundo,Dafundo,11,RL,--3-----,1301,,3842N 00915W,
,PT,DAR,Darque,Darque,16,RL,--3-----,1301,,4141N 00846W,
,PT,DNM,Donim,Donim,03,RL,--3-----,1601,,4132N 00818W,
,PT,DOU,Douro,Douro,13,RL,1-------,1201,,3953N 00816W,
,PT,EIX,Eixo,Eixo,01,RL,--3-----,1801,,4037N 00834W,
,PT,ELV,Elvas,Elvas,12,RL,-23-----,0307,,3853N 00710W,
,PT,EOR,Entre-os-Rios,Entre-os-Rios,13,RN,--3-----,0401,,4105N 00818W,
,PT,ENT,Entroncamento,Entroncamento,14,RN,-23-----,0401,,3928N 00828W,
,PT,VJT,Envendos,Envendos,14,RL,--3-----,1301,,3934N 00752W,
,PT,ERC,Ericeira,Ericeira,11,RN,--3-----,0401,,3859N 00925W,
,PT,ERM,Ermesinde,Ermesinde,13,RL,-23-----,1607,,4113N 00833W,
,PT,ERS,Ermidas,Ermidas,15,RN,-23-----,0401,,3800N 00823W,
,PT,EDD,Ervedosa do Douro,Ervedosa do Douro,17,RL,--3-----,1601,,4110N 00728W,
,PT,ERA,Ervosa,Ervosa,01,RL,--3-----,1501,,4120N 00831W,
,PT,ESC,Escandarao,Escandarao,14,RL,--3-----,0607,,3940N 00838W,
,PT,PAE,Escapães,Escapaes,,RQ,--3-----,1007,,4055N 00831W,
,PT,XZX,Escariz,Escariz,01,RL,1-3-----,1401,,4056N 00825W,
,PT,EM3,Esmeriz,Esmeriz,13,RL,--3-----,1501,,4123N 00831W,
,PT,EMZ,Esmoriz,Esmoriz,01,RN,-23-----,0401,,4057N 00837W,
,PT,EPG,Espargo,Espargo,01,RL,--3-----,1707,,4055N 00834W,
,PT,ESN,Espinho,Espinho,01,RL,-23-----,0701,,4100N 00838W,
,PT,ESP,Espinho,Espinho,18,RQ,--3-----,0401,,,3 Espinho in Viseu
,PT,EPS,Esposende,Esposende,03,RN,--3-----,0401,,4132N 00848W,
,PT,ETR,Estarreja,Estarreja,01,RN,-23-----,0401,,4045N 00834W,
,PT,ETB,Estombar,Estombar,08,RL,--3-----,1207,,3709N 00829E,
,PT,EST,Estoril,Estoril,11,RL,123-----,0401,,3842N 00924W,
,PT,ECL,Estreito de Câmara de Lobos,Estreito de Camara de Lobos,30,RN,--3-----,0401,,3240N 01659W,
,PT,ESZ,Estremoz,Estremoz,07,RL,-23-----,0401,,3851N 00735W,
,PT,FFE,Fafe,Fafe,03,RN,--3-----,0401,,4127N 00810W,
,PT,FIL,Faial,Faial,30,RL,--3-----,0401,,3247N 01651W,
,PT,FJS,Fajoes,Fajoes,01,RQ,-----6--,1007,,4055N 00825W,
,PT,FAJ,Fajozes,Fajozes,13,RL,-23-----,0212,,4119N 00841W,
,PT,FAM,Famalicão,Famalicao,09,RL,--3-----,0401,,4027N 00723W,
,PT,OES,Famões,Famoes,11,RL,--3-----,1301,,3847N 00912W,
,PT,FAO,Faro,Faro,08,AI,1234----,0401,,3701N 00756W,
,PT,FAV,Favaios,Favaios,17,RL,--3-----,1601,,4116N 00730W,
,PT,FEI,Feijo,Feijo,15,RL,--3-----,1207,,3809N 00909W,
,PT,FVD,Feira,Feira,16,RQ,-----6--,0901,,,
,PT,FEL,Felgueiras,Felgueiras,13,RL,--3-----,0401,,4122N 00812W,
,PT,FNF,Fernão Ferro,Fernao Ferro,15,RN,--3-----,0401,,,
,PT,FER,Ferragudo,Ferragudo,08,RL,--3-----,1601,,3707N 00831W,
,PT,FAL,Ferreira do Alentejo,Ferreira do Alentejo,02,RN,--3-----,0401,,3803N 00802W,
,PT,FZZ,Ferreira do Zêzere,Ferreira do Zezere,14,RN,--3-----,0401,,3942N 00818W,
,PT,FAN,Ferreira-a-Nova,Ferreira-a-Nova,06,RL,--3-----,1607,,4014N 00844W,
,PT,RMR,Ferreirim,Ferreirim,18,RL,--3-----,1301,,4057N 00730W,
,PT,FIA,Fiaes,Fiaes,01,RL,--3--6--,0601,,4059N 00831W,
,PT,FDF,Figueira da Foz,Figueira da Foz,06,AI,123-----,0401,,4009N 00852W,
,PT,FCR,Figueira de Castelo Rodrigo,Figueira de Castelo Rodrigo,09,RN,--3-----,0401,,4054N 00658W,
,PT,FDL,Figueira de Lorvão,Figueira de Lorvao,06,RL,--3-----,1701,,4017N 00820W,
,PT,FIG,Figueiró,Figueiro,13,RL,--3-----,1701,,4118N 00810W,
,PT,FGV,Figueiró dos Vinhos,Figueiro dos Vinhos,10,RN,--3-----,0401,,3954N 00817W,
,PT,FLW,Flores Island Apt,Flores Island Apt,20,AI,---4----,0401,,3926N 03113W,
,PT,FOL,Folgosa,Folgosa,13,RL,-23-----,0701,,4115N 00833W,
,PT,FDT,Fonte da Telha,Fonte da Telha,15,RL,1-------,1201,,3834N 00911W,
,PT,FAG,Fornos de Algodres,Fornos de Algodres,09,RN,-23-----,0401,,4037N 00732W,
,PT,FTC,Forte da Casa,Forte da Casa,11,RL,--3-----,1201,,3852N 00903E,
,PT,FDR,Foz de Arouce,Foz de Arouce,06,RL,--3-----,1301,,4009N 00817W,
,PT,FOZ,Foz do Arelho,Foz do Arelho,10,RL,1-------,1201,,3926N 00913W,
,PT,FRD,Fradelos,Fradelos,03,RL,--3-----,0901,,4122N 00835W,
,PT,FGO,Fragoso,Fragoso,03,RL,--3-----,1601,,4136N 00842W,
,PT,FRZ,Frazão,Frazao,13,RL,--3-----,1801,,4116N 00824W,
,PT,FRE,Freamunde,Freamunde,,RQ,--3-----,1001,,4117N 00821W,
,PT,TZF,Freixeira,Freixeira,02,RL,-----6--,0901,,3814N 00718W,
,PT,FXO,Freixieiro,Freixieiro,13,RL,-23-----,0401,,4107N 00835W,
,PT,FEC,Freixo de Espada à Cinta,Freixo de Espada a Cinta,04,RN,--3-----,0401,,4105N 00649W,
,PT,FRL,Frielas,Frielas,11,RN,--3-----,0401,,3849N 00909W,
,PT,FTR,Fronteira,Fronteira,12,RN,-23-----,0401,,3903N 00739W,
,PT,FUA,Fundão,Fundao,05,RL,-23-----,0212,,4008N 00729W,
,PT,FRS,Furnas,Furnas,20,RN,--3-----,0401,,3746N 02519W,
,PT,FUZ,Fuzeta,Fuzeta,,RL,1-------,1201,,3703N 00745W,
,PT,FTM,Fátima,Fatima,14,RL,-23-----,0401,,3937N 00839W,
,PT,FNZ,Fânzeres,Fanzeres,13,RN,-23-----,0401,,4110N 00832W,
,PT,FAE,Fão,Fao,,RL,1-------,1201,,4131N 00846W,
,PT,GAE,Gaeiras,Gaeiras,10,RL,--3-----,1301,,3922N 00908W,
,PT,GHE,Gafanha da Encarnaçao,Gafanha da Encarnacao,01,RL,--3-----,0701,,4037N 00844W,
,PT,GDN,Gafanha da Nazaré,Gafanha da Nazare,01,RL,--3--6--,0401,,4038N 00843W,
,PT,G7A,Gaia,Gaia,13,RL,--3-----,1601,,4024N 00720W,
,PT,GAA,Galafura,Galafura,17,RL,--3-----,1601,,4111N 00741W,
,PT,GAV,Gavião,Gaviao,12,RN,--3-----,0401,,3928N 00756W,
,PT,GEM,Gemieira,Gemieira,,RL,-----6--,1201,,4146N 00831W,
,PT,TZH,Gemunde,Gemunde,13,RL,-----6--,0901,,4116N 00839W,
,PT,GRS,Gerês,Geres,03,RN,--3-----,0401,,4144N 00810W,
,PT,GIN,Ginetes,Ginetes,20,RN,--3-----,0401,,3751N 02550W,
,PT,GLG,Golegã,Golega,14,RN,--3-----,0401,,3924N 00829W,
,PT,GLP,Golpilheira,Golpilheira,10,RL,-----6--,1201,,3941N 00849W,
,PT,GON,Gondomar,Gondomar,03,RL,--3-----,0401,,4145N 00822W,
,PT,GVI,Gouveia,Gouveia,09,RN,--3-----,0401,,4030N 00736W,
,PT,GCS,Graciosa,Graciosa,01,RL,--3-----,0401,,4047N 00831W,
,PT,GRW,Graciosa Island Apt,Graciosa Island Apt,20,AI,---4----,0401,,3904N 02800W,
,PT,GRD,Gradil,Gradil,11,RL,--3-----,1501,,3859N 00917W,
,PT,GRI,Grijó,Grijo,13,RL,--3-----,0212,,4102N 00835W,
,PT,GDL,Grândola,Grandola,15,RN,--3-----,0401,,3810N 00834W,
,PT,GDA,Guarda,Guarda,09,RL,-23-----,0401,,4032N 00716W,
,PT,GUA,Guardizela,Guardizela,03,RQ,1-3-----,0901,,,
,PT,GUE,Gueifães,Gueifaes,,RL,1----6--,1201,,4112N 00836W,
,PT,GIA,Guia,Guia,08,RN,--3-----,0401,,3707N 00818W,
,PT,GIF,Guifões,Guifoes,13,RN,123-----,0401,,4112N 00840W,
,PT,GHB,Guilhabreu,Guilhabreu,13,RL,--3-----,1407,,4118N 00838W,
,PT,HUF,Guilhufe,Guilhufe,13,RL,--3-----,1301,,4111N 00819W,
,PT,GUI,Guimarães,Guimaraes,03,RL,-23-----,0401,,4127N 00818W,
,PT,GOI,Góis,Gois,06,RN,--3-----,0401,,4009N 00807W,
,PT,HER,Herdade,Herdade,,RL,-----6--,1107,,3951N 00807W,
,PT,HOR,Horta,Horta,20,AI,1-34----,0401,,3832N 02838W,
,PT,IDN,Idanha-a-Nova,Idanha-a-Nova,05,RN,--3-----,0401,,3955N 00714W,
,PT,IGH,Igrejinha,Igrejinha,,RL,-----6--,1201,,3842N 00754W,
,PT,JES,Jesufrei,Jesufrei,03,RL,--3-----,1501,,4127N 00830W,
,PT,BRA,Joane,Joane,03,RQ,1-3-----,0901,,,
,PT,JUN,Juncal,Juncal,05,RL,--3-----,1601,,3955N 00734W,
,PT,JOA,Juromenha,Juromenha,,RL,-----6--,1107,,3844N 00714W,
,PT,LAG,Lago,Lago,,RL,-----6--,1107,,4137N 00825W,
,PT,LOS,Lagos,Lagos,08,AI,123-----,0401,,3706N 00840W,
,PT,LDP,Lajes,Lajes,20,AI,1-3-----,0401,,3823N 02816W,
,PT,LAJ,Lajes das Flores,Lajes das Flores,20,RL,1-3-----,0401,,3923N 03110W,
,PT,LMG,Lamego,Lamego,18,RN,-23-----,0401,,4106N 00749W,
,PT,LCD,Lancada,Lancada,11,RL,--3-----,1501,,3841N 00857W,
,PT,LDI,Landim,Landim,03,RL,--3-----,1301,,4123N 00828W,
,PT,LNS,Lanheses,Lanheses,16,RL,1----6--,0901,,4103N 00840W,
,PT,8PS,Lanhezes,Lanhezes,16,RL,--3-----,1601,,4144N 00840W,
,PT,DOS,Laundos,Laundos,13,RL,--3--6--,0907,,4126N 00843W,
,PT,LVR,Lavra,Lavra,13,RN,--3-----,0401,,4115N 00843W,
,PT,VRO,Lavradio,Lavradio,15,RL,--3-----,1301,,3840N 00903W,
,PT,LEA,Leiria,Leiria,10,RL,--3-----,0401,,3945N 00848W,
,PT,LER,Leiros,Leiros,17,RL,--3-----,0401,,4121N 00739W,
,PT,TZJ,Leirosa,Leirosa,06,RL,-----6--,0901,,4002N 00852W,
,PT,LEI,Leixões,Leixoes,13,AI,123-----,0401,,4111N 00841W,
,PT,LEP,Leça da Palmeira,Leca da Palmeira,13,RL,123-----,0401,,4112N 00842W,
,PT,LDB,Leça do Bailio,Leca do Bailio,13,RL,-23-----,0401,,4112N 00837W,
,PT,LAV,Linda-a-Velha,Linda-a-Velha,11,RL,-23-----,0401,,3843N 00915W,
,PT,LSI,Linhó,Linho,11,RL,--3-----,0401,,3846N 00923W,
,PT,LIS,Lisboa,Lisboa,11,AI,12345---,0401,,3843N 00908W,
,PT,CDL,Lisboa CDP,Lisboa CDP,11,RN,--3-----,0401,,3900N 00908W,
,PT,EXP,Lisboa-EXPO,Lisboa-EXPO,11,RN,--3-----,0401,,3843N 00908W,
,PT,LXA,Lixa,Lixa,13,RN,--3-----,0401,,,
,PT,LOV,Loivos,Loivos,17,RL,--3-----,1707,,4137N 00730W,
,PT,LDO,Lordelo,Lordelo,13,RL,--3-----,1301,,4114N 00825W,
,PT,LDR,Lordelo,Lordelo,03,RL,123-----,0601,,4122N 00823W,
,PT,LUL,Loulé,Loule,08,RN,-23-----,0401,,3708N 00802W,
,PT,LRS,Loures,Loures,11,RL,--3-----,0401,,3850N 00910W,
,PT,LBP,Loures Business Park,Loures Business Park,11,RQ,--3-----,1001,,3851N 00908W,
,PT,MRL,Loures-MARL,Loures-MARL,11,RN,--3-----,0401,,3850N 00910W,
,PT,LNH,Lourinhã,Lourinha,11,RN,--3-----,0401,,3914N 00919W,
,PT,LRC,Louriçal,Lourical,10,RN,--3-----,0401,,4000N 00844W,
,PT,LRO,Louro,Louro,13,RL,--3-----,1501,,4126N 00832W,
,PT,LOU,Lourosa,Lourosa,01,RL,--3-----,0401,,4059N 00833W,
,PT,LOA,Lousada,Lousada,13,RL,-23-----,0401,,4118N 00815W,
,PT,LSD,Lousado,Lousado,03,RL,--3-----,0901,,4121N 00832W,
,PT,LSA,Lousã,Lousa,06,RN,-23--6--,0401,,4007N 00814W,
,PT,LDM,Lugar do Monte,Lugar do Monte,17,RL,--3-----,1207,,4138N 00831W,
,PT,LSO,Luso,Luso,01,RL,--3-----,0507,,4023N 00823W,
,PT,LUS,Lustosa,Lustosa,13,RL,--3-----,1501,,4120N 00819W,
,PT,MAC,Maceda,Maceda,13,RL,-234----,1407,,4110N 00834W,
,PT,MCD,Macedo de Cavaleiros,Macedo de Cavaleiros,04,RN,-23-----,0401,,4132N 00658W,
,PT,LE2,Maceira,Maceira,10,RL,1----6--,1107,,3941N 00853W,
,PT,MAL,Maceira Lis,Maceira Lis,10,RN,--3-----,0401,,,
,PT,MCH,Machico,Machico,30,RN,1-3-----,0401,,3242N 01646W,
,PT,MLI,Macieira da Lixa,Macieira da Lixa,13,RL,--3-----,1601,,4121N 00809W,
,PT,MDE,Madalena,Madalena,11,RL,-23-----,1501,,3934N 00827W,
,PT,MAD,Madalena (Madalena do Pico),Madalena (Madalena do Pico),20,AI,1-3-----,1207,,3832N 02832W,
,PT,MDM,Madalena do Mar,Madalena do Mar,30,RL,1-------,1201,,3241N 01708W,
,PT,M6E,Madeira,Madeira,04,RL,--3-----,1601,,4014N 00728W,
,PT,MFR,Mafra,Mafra,11,RL,-23-----,0401,,3856N 00920W,
,PT,MAI,Maia,Maia,13,RL,-23-----,0401,,4114N 00837W,
,PT,MRG,Maiorga,Maiorga,10,RL,--3-----,1601,,3935N 00859W,
,PT,MHU,Malhou,Malhou,14,RL,--3-----,0601,,3925N 00841W,
,PT,MLV,Malveira,Malveira,11,RN,-23-----,0401,,3856N 00915W,
,PT,MGL,Mangualde,Mangualde,18,RN,-23-----,0401,,4036N 00746W,
,PT,MNG,Manteigas,Manteigas,09,RN,--3-----,0401,,4024N 00732W,
,PT,MRC,Marco de Canavezes,Marco de Canavezes,13,RL,-23-----,0401,,4111N 00809W,
,PT,MGR,Marinha Grande,Marinha Grande,10,RL,-23-----,0401,,3945N 00856W,
,PT,MRN,Marinhais,Marinhais,14,RN,-23-----,0401,,3903N 00842W,
,PT,MAR,Marteleira,Marteleira,11,RL,--3-----,1401,,3913N 00917W,
,PT,MGA,Martinganca,Martinganca,11,RL,-----6--,1107,,3941N 00858W,
,PT,MRV,Marvão,Marvao,12,RN,-23-----,0401,,3924N 00723W,
,PT,SSA,Massamá,Massama,11,RL,--3-----,1301,,3845N 00916W,
,PT,MAT,Matosinhos,Matosinhos,13,RL,123-----,0401,,4111N 00842W,
,PT,DDM,Maçãs de Dona Maria,Macas de Dona Maria,10,RL,--3-----,1401,,3953N 00820W,
,PT,MLD,Mealhada,Mealhada,01,RN,-23-----,0401,,4022N 00827W,
,PT,MDA,Meda,Meda,09,RN,--3-----,0401,,4058N 00716W,
,PT,MRH,Meirinhas,Meirinhas,10,RQ,--3-----,0901,,3950N 00842W,
,PT,MLG,Melgaço,Melgaco,16,RN,--3-----,0401,,4207N 00816W,
,PT,MMA,Mem Martins,Mem Martins,11,RL,--3-----,0212,,3847N 00921W,
,PT,MEM,Memória,Memoria,11,RL,-23-----,0401,,3842N 00912W,
,PT,MER,Merceana,Merceana,11,RL,--3-----,1601,,3906N 00907W,
,PT,MSF,Mesão Frio,Mesao Frio,17,RN,-23-----,0401,,4109N 00753W,
,PT,MLR,Milharado,Milharado,11,RQ,1-------,0901,,,
,PT,MIN,Minde,Minde,14,RL,--3-----,0401,,3931N 00841W,
,PT,MID,Mindelo,Mindelo,13,RL,-23--6--,1607,,4119N 00843W,
,PT,MIR,Mira,Mira,06,RL,--3-----,0401,,4026N 00844W,
,PT,MIE,Mira d'Aire,Mira d'Aire,10,RN,--3-----,0401,,3932N 00843W,Mira
,PT,MCV,Miranda do Corvo,Miranda do Corvo,06,RN,-23-----,0401,,4006N 00820W,
,PT,MDR,Miranda do Douro,Miranda do Douro,04,RN,--3-----,0401,,4130N 00616W,
,PT,MDL,Mirandela,Mirandela,04,RN,-23-----,0401,,4129N 00711W,
,PT,MOD,Modivas,Modivas,13,RL,--3-----,1407,,4118N 00842W,
,PT,MGD,Mogadouro,Mogadouro,04,RN,--3-----,0401,,4120N 00643W,
,PT,MOG,Mogege,Mogege,03,RL,--3-----,1301,,4126N 00825W,
,PT,MBR,Moimenta da Beira,Moimenta da Beira,18,RN,--3-----,0401,,4059N 00737W,
,PT,MTA,Moita,Moita,15,RN,--3-----,0401,,3839N 00859W,
,PT,PI3,Moitalina,Moitalina,13,RL,--3-----,1601,,3937N 00852W,
,PT,MCP,Moncarapacho,Moncarapacho,08,RL,--3-----,1501,,3705N 00747W,
,PT,MCQ,Monchique,Monchique,08,RN,--3-----,0401,,3719N 00833W,
,PT,MDB,Mondim de Basto,Mondim de Basto,17,RN,--3-----,0401,,4125N 00758W,
,PT,MFT,Monforte,Monforte,12,RN,--3-----,0401,,3903N 00726W,
,PT,MTR,Montalegre,Montalegre,17,RN,--3-----,0401,,4149N 00748W,
,PT,MTV,Montalvão,Montalvao,12,RN,--3-----,0401,,3936N 00732W,
,PT,MTG,Montargil,Montargil,12,RN,--3-----,0401,,3905N 00810W,
,PT,MTC,Monte da Caparica,Monte da Caparica,15,RN,-23-----,0401,,3840N 00912W,
,PT,MRE,Monte Real,Monte Real,10,RN,--3-----,0401,,3951N 00852W,
,PT,MRD,Monte Redondo,Monte Redondo,10,RL,-23-----,1701,,3954N 00849W,
,PT,TGO,Monte Trigo,Monte Trigo,01,RQ,1-------,0901,,,
,PT,MNV,Montelavar,Montelavar,11,RL,--3-----,1307,,3852N 00920W,
,PT,MMN,Montemor-o-Novo,Montemor-o-Novo,07,RN,-23-----,0401,,3839N 00813W,
,PT,MMV,Montemor-o-Velho,Montemor-o-Velho,06,RN,-23-----,0401,,4010N 00841W,
,PT,MON,Montijo,Montijo,15,RL,-23-----,0401,,3842N 00858W,
,PT,MNO,Monção,Moncao,16,RN,-23-----,0401,,4205N 00829W,
,PT,MOA,Mora,Mora,07,RN,-23-----,0401,,3856N 00810W,
,PT,MRR,Moreira,Moreira,13,RL,--3-----,0701,,4114N 00839W,
,PT,MOR,Mortena,Mortena,11,RL,-23-----,0401,,3851N 00919W,
,PT,MRT,Mortágua,Mortagua,18,RN,-23--6--,0401,,4024N 00814W,
,PT,MSV,Moscavide,Moscavide,11,RN,-23-----,0401,,3846N 00906W,
,PT,MOS,Mosteiro,Mosteiro,07,RL,--3-----,1207,,3956N 00811W,
,PT,MOC,Moura,Moura,06,RL,--3-----,0401,,4013N 00754W,
,PT,MRA,Moura,Moura,02,RN,-23-----,0401,,3808N 00727W,
,PT,MOU,Mourão,Mourao,07,RN,--3-----,0401,,3823N 00721W,
,PT,MZL,Mozelos,Mozelos,16,RL,--3-----,0401,,4152N 00824W,
,PT,TZI,Muge,Muge,14,RL,-----6--,0901,,3906N 00843W,
,PT,MUS,Murches,Murches,11,RQ,1-------,0901,,,
,PT,MRO,Muro,Muro,13,RL,-2------,1301,,4130N 00758W,
,PT,MTE,Murtede,Murtede,06,RL,-23-----,0601,,4021N 00830W,
,PT,MSA,Murtosa,Murtosa,01,RN,--3-----,0401,,4044N 00838W,
,PT,MUR,Murça,Murca,17,RL,--3-----,0212,,4124N 00727W,
,PT,MCC,Mutsamudu,Mutsamudu,13,RL,--3-----,1207,,4111N 00809W,
,PT,MTL,Mértola,Mertola,02,RN,--3-----,0401,,3738N 00740W,
,PT,NAV,Nariz,Nariz,01,RL,1----6--,1407,,4032N 00836W,
,PT,NZR,Nazaré,Nazare,10,RN,-23-----,0401,,3936N 00904W,
,PT,NEG,Negrais,Negrais,11,RL,--3-----,1407,,3853N 00917W,
,PT,NEL,Nelas,Nelas,18,RL,-23-----,0401,,4032N 00751W,
,PT,NES,Nespereira,Nespereira,03,RL,--3-----,1401,,4124N 00819W,
,PT,NNE,Nine,Nine,03,RN,-23-----,0401,,4127N 00833W,
,PT,NIS,Nisa,Nisa,12,RN,--3-----,0401,,3931N 00739W,
,PT,NOG,Nogueira Da Maia,Nogueira Da Maia,13,RQ,--3-----,0907,,4114N 00835W,
,PT,NOR,Nogueira da Regedoura,Nogueira da Regedoura,01,RL,--3-----,1607,,4100N 00835W,
,PT,NDC,Nogueira do Cravo,Nogueira do Cravo,06,RL,--3-----,0401,,4020N 00753W,
,PT,NRD,Nordeste,Nordeste,20,RN,1-3-----,0401,,3750N 02510W,
,PT,OCX,Odeceixe,Odeceixe,08,RL,--3-----,1307,,3726N 00846W,
,PT,ODE,Odemira,Odemira,02,RL,--3-----,0401,,3736N 00838W,
,PT,ODI,Odivelas,Odivelas,11,RL,-23-----,0401,,3847N 00911W,
,PT,8DA,Odiáxere,Odiaxere,08,RL,--3-----,1807,,3709N 00839W,
,PT,OEI,Oeiras,Oeiras,11,RL,123-----,0401,,3841N 00919W,
,PT,OIA,Oia,Oia,01,RQ,--3-----,0907,,4032N 00832W,
,PT,OLR,Oleiros,Oleiros,05,RN,--3-----,0401,,3955N 00755W,
,PT,OLA,Olhos de Água,Olhos de Agua,,RL,1-------,1201,,3705N 00811W,
,PT,OLH,Olhão,Olhao,08,RL,123-----,0401,,3702N 00750W,
,PT,OLB,Olival do Basto,Olival do Basto,11,RN,--3-----,0401,,3847N 00910W,
,PT,ODA,Oliveira de Azemeis,Oliveira de Azemeis,01,RL,-23-----,0401,,4050N 00829W,
,PT,OFR,Oliveira de Frades,Oliveira de Frades,18,RN,-23-----,0401,,4044N 00811W,
,PT,OLI,Oliveira do Bairro,Oliveira do Bairro,01,RL,--3-----,0401,,4031N 00830W,
,PT,ODO,Oliveira do Douro,Oliveira do Douro,18,RL,--3-----,0701,,4105N 00802W,
,PT,OHP,Oliveira do Hospital,Oliveira do Hospital,06,RN,--3-----,0401,,4021N 00752W,
,PT,QGT,Ortigosa,Ortigosa,,RQ,--3-----,1001,,3950N 00850W,
,PT,ORV,Orvalho,Orvalho,05,RN,--3-----,0401,,4001N 00748W,
,PT,OSS,Ossela,Ossela,01,RL,--3-----,1601,,4049N 00826W,
,PT,ORQ,Ourique,Ourique,02,RN,--3-----,0401,,3739N 00813W,
,PT,OUR,Ourém,Ourem,14,RN,--3-----,0401,,3938N 00835W,
,PT,OUT,Outeiro,Outeiro,03,RQ,--3-----,0401,,,4 Outiero in Braga
,PT,OVA,Ovar,Ovar,01,RL,-23-----,0401,,4052N 00838W,
,PT,PDB,Pacos de Brandado,Pacos de Brandado,01,RQ,--3-----,0901,,,
,PT,PAI,Painho,Painho,11,RL,--3-----,1301,,3918N 00903W,
,PT,PLH,Palhais,Palhais,11,RQ,--3--6--,1001,,3837N 00903W,
,PT,PAH,Palhaça,Palhaca,01,RL,--3-----,1707,,4032N 00836W,
,PT,PAL,Palmela,Palmela,15,RL,-23-----,0401,,3834N 00854W,
,PT,PPS,Pampilhosa da Serra,Pampilhosa da Serra,06,RN,--3-----,0401,,4003N 00757W,
,PT,PAM,Pampilhosa do Botão,Pampilhosa do Botao,01,RL,--3-----,1601,,4020N 00825W,
,PT,MPQ,Panasqueira,Panasqueira,05,RN,--3-----,0401,,4010N 00746W,Minas da Panasqueira
,PT,PDT,Parada de Tibães,Parada de Tibaes,,RL,-----6--,1201,,4134N 00828W,
,PT,PAR,Paramos,Paramos,,RL,-----6--,1201,,4058N 00838W,
,PT,PRE,Parede,Parede,11,RN,-23-----,0401,,3841N 00921W,
,PT,PRD,Paredes,Paredes,,RL,-----6--,1201,,4112N 00820W,
,PT,PRS,Paredes,Paredes,13,RN,--3-----,0401,,4123N 00844W,
,PT,PER,Paredes de Coura,Paredes de Coura,16,RN,--3-----,0401,,4154N 00834W,
,PT,PTS,Pataias,Pataias,10,RN,-23-----,0401,,3940N 00900W,
,PT,PCS,Paço de Arcos,Paco de Arcos,11,RN,-23-----,0401,,3841N 00917W,
,PT,PAC,Paços de Brandão,Pacos de Brandao,01,RL,--3-----,0701,,4058N 00835W,
,PT,PFR,Paços de Ferreira,Pacos de Ferreira,13,RN,--3-----,0401,,4116N 00824W,
,PT,PDO,Pedome,Pedome,,RL,-----6--,1107,,4125N 00822W,
,PT,PEA,Pedorido,Pedorido,01,RQ,--3-----,0907,,4102N 00822W,
,PT,PED,Pedreiras,Pedreiras,,RL,--3-----,0901,,3827N 09043W,
,PT,PEM,Pedro Miguel,Pedro Miguel,20,RL,--3-----,1401,,3834N 02837W,
,PT,PRO,Pedroso,Pedroso,13,RL,--3-----,0607,,4104N 00833W,
,PT,UCO,Pedroucos,Pedroucos,13,RL,--3-----,1301,,4114N 00837W,
,PT,OGO,Pedrógão,Pedrogao,,RL,-----6--,1201,,3807N 00739W,
,PT,PGR,Pedrógão Grande,Pedrogao Grande,10,RN,--3-----,0401,,3955N 00809W,
,PT,PGO,Pego,Pego,11,RL,--3-----,1107,,3928N 00809W,
,PT,PVH,Pegoes Velhos,Pegoes Velhos,11,RL,1----6--,1107,,3841N 00840W,
,PT,PEG,Pegões,Pegoes,15,RN,--3-----,0401,,3840N 00837W,
,PT,PLG,Pelariga,Pelariga,10,RQ,-----6--,1007,,3958N 00837W,
,PT,PCV,Penacova,Penacova,06,RN,-23-----,0401,,4016N 00817W,
,PT,PFL,Penafiel,Penafiel,13,RL,-23-----,0307,,4112N 00817W,
,PT,PCT,Penalva do Castelo,Penalva do Castelo,18,RN,--3-----,0401,,4040N 00741W,
,PT,PNC,Penamacor,Penamacor,05,RN,--3-----,0401,,4010N 00710W,
,PT,IOR,Penamaior,Penamaior,13,RQ,1-------,0901,,,
,PT,PND,Penedono,Penedono,18,RN,--3-----,0401,,4059N 00724W,
,PT,PNL,Penela,Penela,06,RN,--3-----,0401,,4002N 00823W,
,PT,PLS,Penelas,Penelas,06,RL,--3-----,1801,,4107N 00748W,
,PT,PEN,Peniche,Peniche,10,RL,1-3-----,0401,,3921N 00923W,
,PT,PFT,Perafita,Perafita,13,RL,123-----,0307,,4113N 00842W,
,PT,PPH,Pero Pinheiro,Pero Pinheiro,11,RL,-23-----,0401,,3851N 00920W,
,PT,PGA,Peso da Régua,Peso da Regua,17,RN,-23-----,0401,,4110N 00747W,
,PT,REV,Pevidem,Pevidem,03,RL,--3-----,0401,,4126N 00821W,
,PT,PIC,Pico,Pico,03,RL,--3-----,0201,,4141N 00825W,
,PT,PID,Piedade,Piedade,,RQ,--3-----,9501,,,
,PT,AVP,Pindelo,Pindelo,01,RL,1-3--6--,0907,,4052N 00827W,
,PT,PNV,Pinhal Novo,Pinhal Novo,15,RN,-23-----,0401,,3838N 00855W,
,PT,PIS,Pinhanços,Pinhancos,09,RL,--3-----,1601,,4028N 00741W,
,PT,PIH,Pinhel,Pinhel,11,RL,-----6--,1107,,3939N 00837W,
,PT,PIN,Pinhel,Pinhel,09,RN,--3-----,0401,,4046N 00704W,
,PT,PNO,Pinhão,Pinhao,17,RN,-23-----,0401,,4111N 00733W,
,PT,PR8,Poceirao,Poceirao,11,RL,--3-----,1501,,3850N 00847W,
,PT,PAS,Poiares,Poiares,03,RL,--3-----,1207,,4139N 00837W,
,PT,POM,Pomarão,Pomarao,02,RN,1-3-----,0401,,3733N 00732W,
,PT,PLO,Pombal,Pombal,10,RL,-23-----,0401,,3955N 00838W,
,PT,POB,Pombal,Pombal,,RQ,--3-----,9501,,,
,PT,PDL,Ponta Delgada,Ponta Delgada,20,AI,1-345---,0401,,3744N 02540W,
,PT,PTG,Ponta do Pargo,Ponta do Pargo,30,RN,--3-----,0401,,3248N 01715W,
,PT,PSL,Ponta do Sol,Ponta do Sol,30,RN,--3-----,0401,,3240N 01706W,
,PT,PTB,Ponte da Barca,Ponte da Barca,16,RN,--3-----,0401,,4148N 00825W,
,PT,PDS,Ponte de Sor,Ponte de Sor,12,RL,123-----,0401,,3915N 00801W,
,PT,PLM,Ponte do Lima,Ponte do Lima,16,RN,--3-----,0401,,4146N 00835W,
,PT,PDR,Ponte do Rol,Ponte do Rol,11,RL,--3-----,0507,,3905N 00919W,
,PT,PNT,Pontinha,Pontinha,11,RN,-23-----,0401,,3846N 00912W,
,PT,PTV,Pontével,Pontevel,14,RL,--3-----,1301,,3909N 00850W,
,PT,POC,Porches,Porches,08,RL,--3-----,1801,,3707N 00824W,
,PT,POR,Portalegre,Portalegre,12,RL,--3-----,0401,,3917N 00726W,
,PT,PRL,Portel,Portel,07,RN,--3-----,0401,,3818N 00742W,
,PT,PRM,Portimao,Portimao,08,AI,123-----,0401,,3708N 00832W,
,PT,OPO,Porto,Porto,13,AI,12345---,0401,,4109N 00837W,
,PT,POA,Porto Alto,Porto Alto,14,RL,--3-----,0401,,3855N 00853W,
,PT,CDO,Porto CDP,Porto CDP,13,RN,-23-----,0401,,4106N 00805W,
,PT,PCZ,Porto da Cruz,Porto da Cruz,30,RN,1-3-----,0401,,3246N 01650W,
,PT,PDM,Porto de Mós,Porto de Mos,10,RL,--3-----,0212,,3936N 00849W,
,PT,PMZ,Porto Moniz,Porto Moniz,30,RN,1-3-----,0401,,3251N 01710W,
,PT,PSV,Porto Salvo,Porto Salvo,11,RN,-23-----,0401,,3843N 00918W,
,PT,PXO,Porto Santo Island,Porto Santo Island,30,AI,1--4---B,0501,,3304N 01620W,
,PT,PVC,Povoação,Povoacao,20,RN,1-3-----,0401,,3745N 02515W,
,PT,PRG,Praia da Graciosa,Praia da Graciosa,20,AI,1-3-----,0401,,3903N 02758W,
,PT,AIA,Praia da Victoria,Praia da Victoria,20,RQ,--3-----,0907,,3849N 00906W,
,PT,PRV,Praia da Vitória,Praia da Vitoria,20,AI,1-3-----,0401,,3844N 02704W,
,PT,PMI,Praia de Mira,Praia de Mira,06,RL,--3-----,1601,,4027N 00848W,
,PT,PEH,Prior Velho,Prior Velho,,RL,-----6--,1107,,3847N 00907W,
,PT,PRA,Proença-a-Nova,Proenca-a-Nova,05,RN,--3-----,0401,,3945N 00755W,
,PT,VND,Provesende,Provesende,17,RL,--3-----,1307,,4113N 00734W,
,PT,PVL,Póvoa de Lanhoso,Povoa de Lanhoso,03,RN,--3-----,0401,,4135N 00816W,
,PT,PSI,Póvoa de Santa Iria,Povoa de Santa Iria,11,RL,-23-----,0401,,3851N 00904W,
,PT,PSA,Póvoa de Santo Adrião,Povoa de Santo Adriao,11,RL,--3-----,1301,,3848N 00910W,
,PT,PDV,Póvoa de Varzim,Povoa de Varzim,13,RL,-23-----,0401,,4123N 00846W,
,PT,QRT,Quarteira,Quarteira,08,RN,123-----,0401,,3704N 00806W,
,PT,QDB,Queluz,Queluz,11,RL,-23-----,0401,,3845N 00915W,
,PT,TZK,Queluz de Baixo,Queluz de Baixo,11,RL,-----6--,0901,,3845N 00917W,
,PT,QUR,Querença,Querenca,08,RL,--3-----,1607,,3711N 00759W,
,PT,QDS,Quinta Da Sardinha,Quinta Da Sardinha,10,RL,--3-----,1301,,3941N 00840W,
,PT,QDA,Quinta do Anjo,Quinta do Anjo,15,RL,-23-----,1101,,3834N 00856W,
,PT,QCD,Quinta do Conde,Quinta do Conde,15,RN,--3-----,0401,,3807N 00842W,
,PT,RPX,Rabo de Peixe,Rabo de Peixe,20,RL,1-3-----,0701,,3748N 02535W,
,PT,RML,Ramalde,Ramalde,13,RQ,-----6--,1007,,4110S 00839W,
,PT,PPR,Rates,Rates,13,RL,--3-----,1401,,4125N 00840W,
,PT,RBD,Rebordelo,Rebordelo,04,RN,--3-----,0401,,4144N 00710W,
,PT,ROS,Rebordoes,Rebordoes,,RQ,-----6--,1001,,4121N 00825W,
,PT,REB,Rebordosa,Rebordosa,06,RL,--3-----,0607,,4015N 00817W,
,PT,RHD,Reboreda,Reboreda,16,RL,--3-----,1301,,4157N 00844W,
,PT,REC,Recarei,Recarei,,RL,--3-----,0901,,4112N 08380W,
,PT,RDD,Redondo,Redondo,07,RN,--3-----,0401,,3839N 00733W,
,PT,RDP,Regueira de Pontes,Regueira de Pontes,10,RL,--3-----,1207,,3948N 00850W,
,PT,RPE,Reguengo Pequeno,Reguengo Pequeno,11,RL,--3-----,1401,,3917N 00915W,
,PT,RMZ,Reguengos de Monsaraz,Reguengos de Monsaraz,07,RN,-23-----,0401,,3825N 00732W,
,PT,RQU,Requião,Requiao,,RL,1----6--,1201,,4124N 00829W,
,PT,RSD,Resende,Resende,18,RN,-23-----,0401,,4106N 00758W,
,PT,RVH,Revinhade,Revinhade,13,RL,--3-----,1401,,4121N 00816W,
,PT,RIA,Riachos,Riachos,14,RL,-23--6--,0501,,3926N 00831W,
,PT,RDV,Riba de Ave,Riba de Ave,03,RN,--3-----,0401,,4124N 00823W,
,PT,RBR,Ribeira Brava,Ribeira Brava,30,RN,--3-----,0401,,3239N 01704W,
,PT,RIB,Ribeira de Frades,Ribeira de Frades,,RL,--3-----,0901,,4012N 08290W,
,PT,RPN,Ribeira de Pena,Ribeira de Pena,17,RN,--3-----,0401,,4131N 00748W,
,PT,QEG,Ribeira Grande,Ribeira Grande,20,AI,--34----,0401,,3749N 02531W,
,PT,RHS,Ribolhos,Ribolhos,18,RL,--3-----,1301,,4053N 00756W,
,PT,RBM,Rio Bom,Rio Bom,16,RL,-----6--,1107,,4134N 00729W,
,PT,RCV,Rio Covos,Rio Covos,03,RL,--3-----,1301,,4132N 00836W,
,PT,RDM,Rio de Mouro,Rio de Mouro,11,RL,--3-----,0401,,3846N 00920W,
,PT,RFB,Rio Frio,Rio Frio,04,RL,--3--6--,0501,,4144N 00638W,
,PT,RMA,Rio Maior,Rio Maior,14,RL,--3-----,0401,,3920N 00856W,
,PT,RIO,Rio Meão,Rio Meao,01,RL,--3-----,0401,,4057N 00835W,
,PT,RTI,Rio Tinto,Rio Tinto,13,RL,-23-----,0401,,4111N 00834W,
,PT,ROL,Roliça,Rolica,11,RL,--3-----,1601,,3919N 00911W,
,PT,RIZ,Romariz,Romariz,,RL,--3-----,0901,,4056N 00828W,
,PT,ZEM,Rozem,Rozem,13,RL,--3-----,1501,,4109N 00811W,
,PT,RUN,Runa,Runa,11,RL,--3-----,1501,,3904N 00913W,
,PT,SBR,Sabrosa,Sabrosa,17,RN,--3-----,0401,,4116N 00735W,
,PT,SBS,Sabroso,Sabroso,17,RL,-----6--,1107,,4135N 00736W,
,PT,SBL,Sabugal,Sabugal,09,RN,-23-----,0401,,4031N 00714W,
,PT,TZN,Sabugo,Sabugo,11,RL,-----6--,0901,,3849N 00918W,
,PT,SAC,Sacavém,Sacavem,11,RL,-23-----,0401,,3847N 00906W,
,PT,SFR,Safara,Safara,02,RN,--3-----,0401,,3806N 00713W,
,PT,SAG,Sagres,Sagres,,RL,1-------,1201,,3700N 00856W,
,PT,SGU,Salgueiro,Salgueiro,05,RL,--3-----,0401,,4014N 00718W,
,PT,SDM,Salir de Matos,Salir de Matos,10,RL,-23-----,0401,,3926N 00906W,
,PT,SMG,Salvaterra de Magos,Salvaterra de Magos,14,RN,--3--6--,0401,,3901N 00848W,
,PT,SMR,Samora Correia,Samora Correia,14,RN,--3-----,0401,,3856N 00852W,
,PT,SAM,Samouco,Samouco,15,RL,--3-----,1601,,3843N 00900W,
,PT,SNH,Sanchequias,Sanchequias,01,RL,--3-----,1301,,4029N 00840W,
,PT,DFZ,Sandim,Sandim,13,RL,1-3-----,1401,,4102N 00831W,
,PT,SDS,Sandiães,Sandiaes,11,RL,--3-----,1701,,4038N 00739W,
,PT,SSF,Sanfins,Sanfins,01,RL,--3-----,1301,,4056N 00832W,
,PT,SDD,Sanfins do Douro,Sanfins do Douro,17,RL,--3-----,1601,,4118N 00731W,
,PT,SAN,Sangalhos,Sangalhos,01,RL,--3-----,0401,,4030N 00828W,
,PT,SGA,Sanguedo,Sanguedo,01,RL,--3-----,1307,,4100N 00831W,
,PT,SCS,Santa Catarina da Serra,Santa Catarina da Serra,10,RL,--3-----,1801,,3940N 00841W,
,PT,SRV,Santa Clara-a-Velha,Santa Clara-a-Velha,02,RN,--3-----,0401,,3731N 00829W,
,PT,SCD,Santa Comba Dão,Santa Comba Dao,18,RN,--3-----,0401,,4024N 00808W,
,PT,SCZ,Santa Cruz,Santa Cruz,30,RL,--3-----,0401,,3241N 01648W,
,PT,SCG,Santa Cruz da Graciosa,Santa Cruz da Graciosa,20,RL,1-3-----,0401,,3905N 02801W,
,PT,SCF,Santa Cruz das Flores,Santa Cruz das Flores,20,RL,1-3-----,0401,,3927N 03107W,
,PT,SCB,Santa Cruz Do Bispo,Santa Cruz Do Bispo,13,RL,--3-----,1601,,4113N 00840W,
,PT,SEP,Santa Eufémia de Prazins,Santa Eufemia de Prazins,,RL,--3-----,1201,,4128N 00819W,
,PT,EAS,Santa Eulalia de Arnoso,Santa Eulalia de Arnoso,03,RQ,--3-----,0901,,,
,PT,SIA,Santa Iria de Azoia,Santa Iria de Azoia,11,RL,-23-----,0601,,3851N 00905W,
,PT,SLZ,Santa Luzia,Santa Luzia,,RL,1-------,1201,,3706N 00739W,
,PT,SMF,Santa Maria da Feira,Santa Maria da Feira,01,RN,--3--6--,0401,,,
,PT,MAV,Santa Maria de Avioso,Santa Maria de Avioso,06,RL,--3-----,1601,,4116N 00836W,
,PT,SMV,Santa Maria de Avioso,Santa Maria de Avioso,13,RL,-----6--,1201,,4116N 00836W,
,PT,SML,Santa Maria de Lamas,Santa Maria de Lamas,01,RL,--3-----,1407,,4058N 00834W,
,PT,SMS,Santa Maria de Sardoura,Santa Maria de Sardoura,01,RL,1-3-----,0901,,4103N 00817W,
,PT,SMA,Santa Maria Island Apt,Santa Maria Island Apt,20,AI,---4----,0401,,3658N 02510W,
,PT,SMP,Santa Marta de Penaguião,Santa Marta de Penaguiao,17,RN,-23-----,0401,,4112N 00748W,
,PT,SVT,Santa Vitória,Santa Vitoria,02,RL,--3-----,1601,,3758N 00802W,
,PT,STN,Santana,Santana,30,RN,--3-----,0401,,3248N 01653W,
,PT,SNT,Santarém,Santarem,14,RL,-23-----,0212,,3914N 00841W,
,PT,SDB,Santiago de Besteiros,Santiago de Besteiros,18,RL,--3-----,1301,,4035N 00807W,
,PT,SRU,Santiago de Riba-Ul,Santiago de Riba-Ul,01,RL,--3-----,0701,,4051N 00829W,
,PT,STC,Santiago do Cacém,Santiago do Cacem,15,RN,-23-----,0401,,3801N 00842W,
,PT,DTO,Santo Antão do Tojal,Santo Antao do Tojal,11,RL,--3-----,0607,,3851N 00908W,
,PT,SEO,Santo Estevao,Santo Estevao,11,RQ,-----6--,1001,,3852N 00845W,
,PT,SEG,Santo Estêvão das Galés,Santo Estevao das Gales,11,RL,--3-----,1501,,3854N 00915W,
,PT,SDP,Santo Isidro de Pegoes,Santo Isidro de Pegoes,15,RL,--3-----,1207,,3841N 00841W,
,PT,STI,Santo Tirso,Santo Tirso,13,RL,--3-----,0401,,4121N 00828W,
,PT,SVO,Santo Varão,Santo Varao,06,RL,--3-----,1601,,4011N 00836W,
,PT,SJL,Sao Joao das Lampas,Sao Joao das Lampas,11,RL,-----6--,1407,,3852N 00924W,
,PT,TZG,Sao Juliao do Tojal,Sao Juliao do Tojal,11,RL,-----6--,0901,,3851N 00908W,
,PT,TZC,Sao Paio de Oleiros,Sao Paio de Oleiros,01,RL,-----6--,0901,,4059N 00835W,
,PT,SAO,Sao Pedro de Avioso,Sao Pedro de Avioso,13,RL,--3-----,1301,,4116N 00837W,
,PT,SRD,Sardoal,Sardoal,14,RN,--3-----,0401,,3932N 00810W,
,PT,SEE,Seia,Seia,09,RN,--3-----,0401,,4025N 00742W,
,PT,SCA,Seica,Seica,,RL,--3-----,1201,,4003N 05000W,
,PT,SEI,Seixal,Seixal,15,RL,-23-----,0401,,3838N 00906W,
,PT,SXZ,Seixezelo,Seixezelo,13,RL,--3-----,0901,,4102N 00833W,
,PT,SND,Sendim,Sendim,13,RN,--3-----,0401,,4123N 00811W,
,PT,SHA,Senhora da Hora,Senhora da Hora,13,RL,123-----,0401,,4111N 00839W,
,PT,SDF,Senhora das Febres,Senhora das Febres,06,RQ,-----6--,1007,,4024N 00838W,
,PT,SEQ,Sequeira,Sequeira,03,RL,--3-----,0701,,4132N 00828W,
,PT,SRL,Sernancelhe,Sernancelhe,18,RN,--3-----,0401,,4054N 00730W,
,PT,SRA,Seroa,Seroa,13,RL,--3-----,1301,,4116N 00826W,
,PT,SPA,Serpa,Serpa,02,RN,--3-----,0401,,3756N 00736W,
,PT,SRT,Sertã,Serta,05,RN,--3-----,0401,,3948N 00806W,
,PT,SER,Serzedo,Serzedo,13,RL,--3-----,0401,,4103N 00837W,
,PT,SSB,Sesimbra,Sesimbra,15,RN,1-3-----,0401,,3826N 00906W,
,PT,SET,Setúbal,Setubal,15,AI,123-----,0401,,3832N 00854W,
,PT,SVV,Sever do Vouga,Sever do Vouga,01,RN,--3-----,0401,,4044N 00822W,
,PT,SVD,Silvalde,Silvalde,01,RQ,-2------,1001,,4059N 00837W,
,PT,TZM,Silveira,Silveira,11,RL,-----6--,0901,,3907N 00922W,
,PT,SLV,Silves,Silves,08,RN,-23-----,0401,,3711N 00826W,
,PT,SIN,Sinde,Sinde,06,RL,--3-----,1801,,4019N 00803W,
,PT,SIE,Sines,Sines,15,AI,1234----,0401,,3757N 00852W,
,PT,STA,Sintra,Sintra,11,RL,-23--6--,0401,,3848N 00923W,
,PT,SLH,Soalheira,Soalheira,05,RN,-23-----,0401,,4002N 00729W,
,PT,SOG,Sobradelo da Goma,Sobradelo da Goma,,RL,--3-----,0901,,4134N 08110W,
,PT,SBO,Sobrado,Sobrado,13,RL,--3-----,1801,,4113N 00827W,
,PT,SOL,Sobral,Sobral,11,RL,--3-----,1501,,3915N 00916W,
,PT,SBG,Sobral de Monte Agraço,Sobral de Monte Agraco,11,RN,--3-----,0401,,3901N 00909W,
,PT,SDO,Sobral do Parelhão,Sobral do Parelhao,11,RL,--3-----,1301,,3917N 00909W,
,PT,SOB,Sobralinho,Sobralinho,11,RL,-23-----,0701,,3855N 00901W,
,PT,SBD,Sobreda,Sobreda,15,RL,--3-----,1801,,3839N 00911W,
,PT,SSO,Sosa,Sosa,08,RL,--3-----,1707,,4033N 00840W,
,PT,SOU,Soure,Soure,06,RL,-23-----,0401,,4003N 00838W,
,PT,SOS,Sousa,Sousa,13,RL,--3-----,1501,,4121N 00815W,
,PT,ELA,Souselas,Souselas,06,RL,--3-----,1707,,4017N 00825W,
,PT,SSL,Souzel,Souzel,12,RN,-23-----,0401,,3857N 00740W,
,PT,SZL,Souzelas,Souzelas,06,RL,--3-----,0401,,4006N 00843W,
,PT,SAT,Sátão,Satao,18,RN,--3-----,0401,,4044N 00744W,
,PT,SBM,São Bartolomeu de Messines,Sao Bartolomeu de Messines,08,RN,-23-----,0401,,3715N 00817W,
,PT,BDG,São Bartolomeu dos Galegos,Sao Bartolomeu dos Galegos,11,RL,--3-----,1501,,3916N 00916W,
,PT,SBA,São Brás de Alportel,Sao Bras de Alportel,08,RN,--3-----,0401,,3709N 00753W,
,PT,VAQ,São Cosme do Vale,Sao Cosme do Vale,03,RL,--3-----,1401,,4126N 00828W,
,PT,SDR,São Domingos de Rana,Sao Domingos de Rana,11,RL,-23-----,0401,,3842N 00920W,
,PT,IAO,São Gião,Sao Giao,06,RL,--3-----,1301,,4020N 00747W,
,PT,SGO,São Gonçalo,Sao Goncalo,17,RL,-----6--,1201,,4111N 00747W,
,PT,SJO,São Jorge,Sao Jorge,10,RL,--3-----,1401,,3938N 00851W,
,PT,SJZ,São Jorge Island Apt,Sao Jorge Island Apt,20,AI,---4----,0401,,3839N 02810W,
,PT,SJM,São João da Madeira,Sao Joao da Madeira,01,RL,-23--6--,0907,,4054N 00830W,
,PT,SJP,São João da Pesqueira,Sao Joao da Pesqueira,18,RL,--3-----,0601,,4109N 00724W,
,PT,SJR,São João da Ribeira,Sao Joao da Ribeira,14,RL,--3--6--,1107,,3917N 00851W,
,PT,SJT,São João da Talha,Sao Joao da Talha,11,RL,--3-----,0401,,3849N 00905W,
,PT,SJA,São João de Areias,Sao Joao de Areias,18,RL,--3-----,0701,,4023N 00804W,
,PT,SJV,São João de Ver,Sao Joao de Ver,01,RL,--3-----,0701,,4057N 00833W,
,PT,MAM,São Mamede,Sao Mamede,10,RL,--3-----,1201,,3937N 00843W,
,PT,SMD,São Mamede de Infesta,Sao Mamede de Infesta,13,RL,-23-----,0401,,4112N 00836W,
,PT,SMT,São Mateus,Sao Mateus,20,AA,1-------,1207,,3839N 02716W,
,PT,SMI,São Miguel,Sao Miguel,,RQ,1-------,0401,,,
,PT,SPG,São Paio de Gramaços,Sao Paio de Gramacos,06,RL,--3-----,1301,,4021N 00750W,
,PT,AFR,São Pedro da Afurada,Sao Pedro da Afurada,13,RL,1-------,1201,,4108N 00838W,
,PT,SPS,São Pedro do Sul,Sao Pedro do Sul,18,RN,-23-----,0401,,4045N 00804W,
,PT,RNV,São Romão de Neiva,Sao Romao de Neiva,16,RL,--3-----,1401,,4138N 00846W,
,PT,SRP,São Roque do Pico,Sao Roque do Pico,20,RN,--3-----,0401,,3831N 02819W,
,PT,SVC,São Vicente,Sao Vicente,30,RN,--3-----,0401,,3248N 01703W,
,PT,SVB,São Vicente da Beira,Sao Vicente da Beira,05,RN,--3-----,0401,,4002N 00734W,
,PT,TBC,Tabuaço,Tabuaco,18,RN,--3-----,0401,,4107N 00734W,
,PT,TAG,Tagilde,Tagilde,13,RL,--3-----,1601,,4122N 00817W,
,PT,TAM,Tamel,Tamel,03,RL,--3-----,1501,,4133N 00836W,
,PT,TRC,Tarouca,Tarouca,18,RN,--3-----,0401,,4101N 00747W,
,PT,TVO,Taveiro,Taveiro,06,RL,--3-----,1601,,4012N 00830W,
,PT,TVR,Tavira,Tavira,08,RN,-23-----,0401,,3707N 00739W,
,PT,TEL,Telhado,Telhado,03,RL,--3-----,1801,,4127N 00827W,
,PT,TG2,Telhados Grandes,Telhados Grandes,10,RL,--3-----,1701,,3931N 00845W,
,PT,TEN,Tentúgal,Tentugal,06,RL,--3-----,1501,,4013N 00835W,
,PT,TER,Terceira Island Apt,Terceira Island Apt,20,AI,1--45---,0401,,3843N 02713W,
,PT,TBR,Terras de Bouro,Terras de Bouro,03,RN,--3-----,0401,,4143N 00818W,
,PT,TRS,Terroso,Terroso,13,RL,--3-----,1401,,4125N 00844W,
,PT,TRR,Terrugem,Terrugem,11,RL,-----6--,0901,,3842N 00917W,
,PT,TOC,Tocha,Tocha,14,RL,--3-----,1701,,4019N 00845W,
,PT,TMR,Tomar,Tomar,14,RL,-23-----,0401,,3936N 00825W,
,PT,TON,Tondela,Tondela,18,RL,-23-----,0401,,4031N 00805W,
,PT,TPO,Topo,Topo,20,RN,1-3-----,0401,,3833N 02747W,
,PT,TDH,Torre de Dona Chama,Torre de Dona Chama,04,RN,--3-----,0401,,4139N 00708W,
,PT,TMC,Torre de Moncorvo,Torre de Moncorvo,04,RN,-23-----,0401,,4110N 00703W,
,PT,TOA,Torreira,Torreira,,RL,1-------,1201,,4045N 00842W,
,PT,TNV,Torres Novas,Torres Novas,14,RL,--3-----,0401,,3929N 00832W,
,PT,TVE,Torres Vedras,Torres Vedras,11,RL,-23-----,0401,,3906N 00916W,
,PT,TOR,Torrão,Torrao,15,RN,-23-----,0401,,3840N 00915W,
,PT,TSO,Tortosendo,Tortosendo,05,RQ,--3-----,0901,,4014N 00731W,
,PT,TOU,Touguinho,Touguinho,13,RL,--3-----,1307,,4123N 00842W,
,PT,TRF,Trafaria,Trafaria,15,RL,1-------,1201,,3840N 00914W,
,PT,TRJ,Trajouce,Trajouce,11,RQ,--3--6--,1001,,3840N 00920W,
,PT,TGL,Tramagal,Tramagal,14,RL,-23-----,0401,,3927N 00815W,
,PT,TCS,Trancoso,Trancoso,09,RN,--3-----,0401,,4047N 00721W,
,PT,TRD,Trandeiras,Trandeiras,03,RL,--3-----,1601,,4129N 00825W,
,PT,TRA,Travanca,Travanca,01,RQ,--3-----,1001,,4048N 00829W,
,PT,TMS,Tremes,Tremes,14,RL,--3-----,1301,,3921N 00846W,
,PT,TRO,Trofa,Trofa,01,RL,--3-----,0401,,4036N 00829W,
,PT,TVH,Trofa Velha,Trofa Velha,01,RL,--3-----,1701,,4119N 00834W,
,PT,TVS,Troviscal,Troviscal,05,RL,--3-----,1501,,3952N 00801W,
,PT,TUN,Tunes,Tunes,01,RQ,1-------,0901,,,
,PT,TAB,Tábua,Tabua,06,RN,--3-----,0401,,4021N 00802W,
,PT,CVL,Unhais da Serra,Unhais da Serra,05,RN,--3-----,0401,,4016N 00737W,
,PT,QUI,Urqueira,Urqueira,14,RL,--3-----,1301,,3944N 00836W,
,PT,VGS,Vagos,Vagos,01,RN,--3-----,0401,,4033N 00841W,
,PT,VAG,Vagueira,Vagueira,,RL,1-------,1201,,4033N 00845W,
,PT,VAI,Vaiamonte,Vaiamonte,04,RL,--3-----,1701,,3906N 00731W,
,PT,TZP,Valada,Valada,14,RL,-----6--,0901,,3904N 00846W,
,PT,VDR,Valadares,Valadares,16,RL,--3-----,0501,,4204N 00821W,
,PT,VAB,Valbom,Valbom,13,RL,1-------,1201,,4108N 00834W,
,PT,SCV,Vale,Vale,03,RL,--3-----,0401,,4127N 00828W,São Cosme e São Damião
,PT,VCA,Vale de Cambra,Vale de Cambra,01,RL,-23--6--,0401,,4051N 00823W,
,PT,VLN,Valença,Valenca,16,RN,-23-----,0401,,4202N 00838W,
,PT,NGV,Valongo,Valongo,13,RL,1-3-----,1401,,4111N 00830W,
,PT,VAL,Valongo,Valongo,12,RL,--3-----,0401,,3910N 00752W,
,PT,VLP,Valpaços,Valpacos,17,RN,--3-----,0401,,4136N 00719W,
,PT,VL9,Valverde,Valverde,07,RL,--3-----,1301,,3832N 00801W,
,PT,VAN,Vandoma,Vandoma,,RQ,--3-----,1001,,4112N 00823W,
,PT,VAE,Varzea,Varzea,,RQ,-----6--,1001,,3752N 02550W,
,PT,VEL,Velas,Velas,20,AI,1-3-----,0401,,3841N 02813W,
,PT,VDV,Venda do Pinheiro,Venda do Pinheiro,11,RQ,1-------,0901,,,
,PT,VDN,Vendas Novas,Vendas Novas,07,RL,-23-----,0401,,3841N 00827W,
,PT,VEA,Vendinha,Vendinha,,RL,-----6--,1201,,3827N 00739W,
,PT,VVN,Ventosa,Ventosa,14,RL,-----6--,1407,,3934N 00801W,
,PT,VOM,Vermoim,Vermoim,13,RL,--3-----,1301,,4114N 00836W,
,PT,VIA,Vialonga,Vialonga,11,RL,--3-----,0401,,3852N 00905W,
,PT,VNT,Viana do Alentejo,Viana do Alentejo,07,RN,-23-----,0401,,3820N 00800W,
,PT,VDC,Viana do Castelo,Viana do Castelo,16,AI,123-----,0401,,4142N 00850W,
,PT,VTD,Viatodos,Viatodos,03,RL,--3-----,0901,,4127N 00834W,
,PT,VDG,Vidago,Vidago,17,RN,-23-----,0401,,4138N 00734W,
,PT,VDE,Vide,Vide,09,RN,--3-----,0401,,4017N 00746W,
,PT,VGA,Vidigueira,Vidigueira,02,RN,--3-----,0401,,3813N 00748W,
,PT,VRM,Vieira do Minho,Vieira do Minho,03,RN,--3-----,0401,,4138N 00809W,
,PT,BDB,Vila Boa do Bispo,Vila Boa do Bispo,13,RL,--3-----,1301,,4107N 00812W,
,PT,VCO,Vila Cha de Ourique,Vila Cha de Ourique,14,RQ,-----6--,1007,,3910N 00846W,
,PT,VLC,Vila Chã,Vila Cha,,RL,1-------,1201,,4051N 00823W,
,PT,VLD,Vila da Ponte,Vila da Ponte,18,RL,--3-----,0401,,4055N 00730W,
,PT,VFD,Vila de Frades,Vila de Frades,02,RL,1----6--,1407,,3813N 00749W,
,PT,VLR,Vila de Rei,Vila de Rei,05,RN,--3-----,0401,,3940N 00809W,
,PT,VBP,Vila do Bispo,Vila do Bispo,08,RN,--3-----,0401,,3705N 00855W,
,PT,VIC,Vila do Conde,Vila do Conde,13,RL,123-----,0401,,4121N 00845W,
,PT,VDP,Vila do Porto,Vila do Porto,20,RL,1-3-----,0401,,3656N 02509W,
,PT,VFL,Vila Flor,Vila Flor,04,RN,--3-----,0401,,3908N 00709W,
,PT,VFX,Vila Franca de Xira,Vila Franca de Xira,11,RL,123-----,0401,,3857N 00859W,
,PT,VFC,Vila Franca do Campo,Vila Franca do Campo,20,RN,1-3-----,0401,,3743N 02526W,
,PT,VFR,Vila Franca do Rosário,Vila Franca do Rosario,11,RL,--3-----,1201,,3858N 00915W,
,PT,VMA,Vila Meã,Vila Mea,13,RN,-23-----,0401,,4115N 00811W,
,PT,VIF,Vila Moura,Vila Moura,08,RQ,--3-----,0901,,,
,PT,TZO,Vila Nogueira de Azeitao,Vila Nogueira de Azeitao,15,RL,-----6--,0901,,3831N 00901W,
,PT,VNB,Vila Nova da Barquinha,Vila Nova da Barquinha,14,RN,--3-----,0401,,3927N 00826W,
,PT,VNA,Vila Nova da Cerveira,Vila Nova da Cerveira,16,RL,-23-----,0401,,4156N 00845W,
,PT,VNR,Vila Nova da Rainha,Vila Nova da Rainha,11,RL,1----6--,0901,,3902N 00856W,
,PT,VNE,Vila Nova da Telha,Vila Nova da Telha,13,RL,--3-----,0701,,4115N 00840W,
,PT,VNF,Vila Nova de Famalicao,Vila Nova de Famalicao,03,RL,-23-----,0401,,4125N 00832W,
,PT,VNZ,Vila Nova de Fozcoa,Vila Nova de Fozcoa,09,RN,-23-----,0401,,4105N 00712W,
,PT,VNG,Vila Nova de Gaia,Vila Nova de Gaia,13,RL,-23-----,0401,,4108N 00837W,
,PT,VNM,Vila Nova de Milfontes,Vila Nova de Milfontes,02,RN,--3-----,0401,,3743N 00847W,
,PT,VNO,Vila Nova de Ourém,Vila Nova de Ourem,14,RL,--3-----,0401,,3939N 00835W,
,PT,VOP,Vila Nova de Paiva,Vila Nova de Paiva,18,RN,--3-----,0401,,4051N 00744W,
,PT,VNP,Vila Nova de Poiares,Vila Nova de Poiares,06,RN,--3-----,0401,,4013N 00816W,
,PT,VSA,Vila Nova de Santo André,Vila Nova de Santo Andre,15,RN,--3-----,0401,,3803N 00845W,
,PT,VNC,Vila Nova do Corvo,Vila Nova do Corvo,20,AI,1-------,1207,,3940N 03106W,
,PT,VPB,Vila Pouca da Beira,Vila Pouca da Beira,06,RL,--3-----,1307,,4018N 00755W,
,PT,VPA,Vila Pouca de Aguiar,Vila Pouca de Aguiar,17,RN,-23-----,0401,,4130N 00739W,
,PT,TZB,Vila Praia de Ancora,Vila Praia de Ancora,16,RL,-----6--,0901,,4149N 00851W,
,PT,VRL,Vila Real,Vila Real,17,AI,-234----,0401,,4118N 00745W,
,PT,VRA,Vila Real de San António,Vila Real de San Antonio,,RL,--3-----,1007,,3712N 00725W,
,PT,VRE,Vila Real de Santo António,Vila Real de Santo Antonio,08,RL,123-----,0401,,3712N 00725W,
,PT,VRU,Vila Ruiva,Vila Ruiva,,RL,-----6--,0901,,4034N 00731W,
,PT,VLS,Vila Seca,Vila Seca,18,RL,--3-----,1407,,4107N 00740W,
,PT,VVR,Vila Velha de Ródão,Vila Velha de Rodao,05,RN,-23-----,0401,,3940N 00742W,
,PT,VVD,Vila Verde,Vila Verde,03,RN,--3-----,0401,,4139N 00826W,
,PT,VIV,Vila Viçosa,Vila Vicosa,07,RL,-23-----,0401,,3847N 00725W,
,PT,VIL,Vilar,Vilar,11,RL,--3-----,1307,,3911N 00907W,
,PT,VMP,Vilar do Paraíso,Vilar do Paraiso,13,RL,-----6--,1201,,4105N 00837W,
,PT,VPO,Vilar do Pinheiro,Vilar do Pinheiro,13,RL,-23-----,0607,,4116N 00840W,
,PT,VLF,Vilar Formoso,Vilar Formoso,09,RN,--3-----,0401,,4037N 00650W,
,PT,VSP,Vilar Seco,Vilar Seco,18,RL,-----6--,1201,,4033N 00752W,
,PT,VIH,Vilarinho,Vilarinho,03,RL,--3-----,1301,,4136N 00807W,
,PT,VLH,Vilarinho,Vilarinho,13,RL,--3-----,0701,,4121N 00820W,
,PT,DCS,Vilarinho das Cambas,Vilarinho das Cambas,,RL,--3-----,1201,,4123N 00833W,
,PT,VDB,Vilarinho do Bairro,Vilarinho do Bairro,01,RL,--3-----,1207,,4025N 00832W,
,PT,VDF,Vilarinho dos Freires,Vilarinho dos Freires,17,RL,--3-----,1601,,4110N 00745W,
,PT,VLL,Vilela,Vilela,13,RL,--3-----,1207,,4133N 00755W,
,PT,VMS,Vimioso,Vimioso,04,RN,--3-----,0401,,4135N 00632W,
,PT,VNH,Vinhais,Vinhais,04,RN,--3-----,0401,,4150N 00700W,
,PT,VSE,Viseu,Viseu,18,AI,-234----,0401,,4039N 00755W,
,PT,ZVI,Vizela,Vizela,03,RL,--3-----,0401,,4123N 00816W,
,PT,VZL,Vouzela,Vouzela,18,RN,-23-----,0401,,4043N 00807W,
,PT,VAR,Várzea do Douro,Varzea do Douro,13,RQ,1-3-----,0907,,4107N 00828W,
,PT,ZIB,Zibreira,Zibreira,05,RL,--3-----,0407,,3951N 00704W,
,PT,ZFM,Zona Franca da Madeira,Zona Franca da Madeira,30,AI,1-3-----,0401,,3240N 01645W,
,PT,GLZ,Água Longa,Agua Longa,,RL,-----6--,1201,,4115N 00829W,
,PT,AGM,Águas de Moura,Aguas de Moura,15,RN,-23-----,0401,,3835N 00842W,
,PT,GST,Águas Santas,Aguas Santas,,RL,-----6--,1201,,4137N 00820W,
,PT,AGU,Águeda,Agueda,01,RL,-23-----,0401,,4034N 00827W,
,PT,RVR,Árvore,Arvore,,RL,--3-----,1707,,4120N 00843W,
,PT,EVR,Évora,Evora,07,RL,-23-----,0401,,3834N 00754W,
,PT,ILH,Ílhavo,Ilhavo,01,RL,--3-----,0401,,4036N 00840W,
,PT,OBD,Óbidos,Obidos,10,RN,-23-----,0401,,3922N 00909W,
