,SE,GIM,"Gimo, Osthammar","Gimo, Osthammar",C,RL,--3-----,1001,,6011N 01811E,
,SE,GMO,"Gimo, Uppsala","Gimo, Uppsala",C,RL,--3-----,0901,,6001N 01743E,
,SE,RUD,"Ruda, Högsby","Ruda, Hogsby",H,RL,-23-----,0901,,5706N 01607E,
,SE,STR,"Sandvik, Styrsö","Sandvik, Styrso",O,RL,1-3-----,1301,,5737N 01146E,
,SE,LGR,"Älgarås, Töreboda","Algaras, Toreboda",O,RL,--3-----,0901,,5848N 01414E,
,SE,ABS,Abisko,Abisko,BD,RL,-23-----,0601,,6821N 01847E,
,SE,ADK,Adak,Adak,Y,RL,-----6--,1201,,6521N 01837E,
,SE,ADO,Adelsö,Adelso,,RQ,--3-----,1001,,5922N 01729E,
,SE,AGB,Agnesberg,Agnesberg,O,RL,123-----,0207,,5747N 01159E,
,SE,AGU,Agunnaryd,Agunnaryd,G,RL,--3-----,0901,,5645N 01409E,
,SE,AGO,Agö,Ago,,RL,--3-----,9811,,,
,SE,AHR,Aha,Aha,AC,RL,--3-----,0201,,6528N 01744E,
,SE,ALA,Ala,Ala,X,AA,1-------,1601,,6113N 01709E,
,SE,ALO,Alafors,Alafors,O,RL,--3-----,1801,,5734N 01206E,
,SE,ALG,Alberga,Alberga,D,RL,--3-----,1801,,5916N 01607E,
,SE,ALB,Alby,Alby,Y,RL,--3-----,0105,,,
,SE,ALF,Alfredshem,Alfredshem,Y,AF,1-------,8312,,,
,SE,SZB,Alfta,Alfta,X,RL,-----6--,0901,,6121N 01605E,
,SE,ALI,Alingsås,Alingsas,O,RQ,--3-----,9501,,5755N 01232E,
,SE,AVK,Almvik,Almvik,,RQ,0-------,9811,,,
,SE,N8P,Alnarp,Alnarp,M,RL,--3-----,1607,,5539N 01305E,
,SE,ASM,Alstermo,Alstermo,G,RL,--3-----,1301,,5658N 01538E,
,SE,AB5,Alta,Alta,AB,RL,--3-----,1501,,5916N 01811E,
,SE,ALV,Alvesta,Alvesta,G,RQ,--3-----,9501,XXA,,
,SE,ASL,Anderslöv,Anderslov,M,RL,--3--6--,0701,,5526N 01320E,
,SE,ANP,Anderstorp,Anderstorp,F,RQ,--3-----,9501,,,
,SE,ABY,Aneby,Aneby,F,RQ,--3-----,9704,,,
,SE,AGD,Angered,Angered,O,RL,-23-----,0701,,5747N 01206E,
,SE,AKR,Ankarsrum,Ankarsrum,H,RL,--3-----,0201,,5742N 01620E,
,SE,ANK,Ankarsvik,Ankarsvik,C,AF,1-------,8312,,,
,SE,ANB,Anneberg,Anneberg,H,RL,--3-----,1607,,5743N 01548E,
,SE,AAR,Ar,Ar,I,AF,1-------,8312,,,
,SE,ARA,Arboga,Arboga,U,RL,123-----,0207,XXT,5923N 01551E,
,SE,ARB,Arbrå,Arbra,X,AF,123-----,8312,,,
,SE,ADG,Arildsläge,Arildslage,M,RL,1-------,9901,,,
,SE,ARG,Arjeplog,Arjeplog,BD,RL,--3-----,9901,,,
,SE,ASU,Arkösund,Arkosund,E,RL,1-------,9901,,,
,SE,ARN,Arlanda Apt/Stockholm,Arlanda Apt/Stockholm,C,AI,---4----,,,,
,SE,ART,Arlandastad,Arlandastad,AB,RN,--3-----,9901,,,
,SE,ARL,Arlöv,Arlov,M,RL,--3-----,9307,,,
,SE,ARI,Arninge,Arninge,AB,RL,--3-----,9805,,,
,SE,ASV,Arnäsvall,Arnasvall,Y,RL,--3-----,1707,,6319N 01847E,
,SE,ARK,Arnöviken,Arnoviken,C,AF,1-------,8312,,,
,SE,AJR,Arvidsjaur,Arvidsjaur,BD,RL,--3-----,0001,,,
,SE,ARV,Arvika,Arvika,S,AI,123-----,9704,XYY,,
,SE,ASA,Asarum,Asarum,K,RL,--3-----,9307,,,
,SE,ASD,Askersund,Askersund,T,RL,1-------,9901,,,
,SE,AKM,Askim,Askim,O,RL,--3-----,0701,,5738N 01156E,
,SE,SMT,Asmundtorp,Asmundtorp,M,RL,--3-----,1301,,5553N 01256E,
,SE,AVE,Avesta,Avesta,W,RL,--3-----,9501,XYP,,
,SE,BCD,Backaryd,Backaryd,K,RL,--3-----,1801,,5620N 01511E,
,SE,BGO,Bagarmossen/Stockholm,Bagarmossen/Stockholm,AB,RL,--3-----,0607,,5916N 01807E,
,SE,BAL,Ballingslöv,Ballingslov,M,RL,--3-----,9307,,,
,SE,BNG,Bandhagen/Stockholm,Bandhagen/Stockholm,AB,RL,--3-----,0607,,5916N 01802E,
,SE,BND,Bankeryd,Bankeryd,F,RN,--3-----,9806,,,
,SE,BBH,Barsebäckshamn,Barsebackshamn,M,AA,1-------,1607,,5545N 01254E,
,SE,BTS,Bastutrask,Bastutrask,AC,RL,--3-----,1601,,6500N 01741E,
,SE,SEF,Bellö,Bello,F,RL,-----6--,0901,,5735N 01520E,
,SE,BTF,Bengtsfors,Bengtsfors,O,RN,1-3-----,9806,,,
,SE,BGA,Berga Örlogsskolor,Berga Orlogsskolor,,AA,1-------,0507,,5905N 01809E,
,SE,BGF,Bergeforsen,Bergeforsen,Y,RL,--3-----,1801,,6232N 01723E,
,SE,BEA,Bergkvara,Bergkvara,H,AA,1-------,1601,,5623N 01605E,
,SE,BER,Bergs oljehamn,Bergs oljehamn,AB,AA,1-------,1601,,5919N 01810E,
,SE,BHM,Bergshamra,Bergshamra,AB,RN,--3-----,9811,,,
,SE,BRG,Bergsjö,Bergsjo,Z,RL,--3-----,0901,,6353N 01629E,
,SE,BNA,Bettna,Bettna,D,RL,--3-----,0701,,5854N 01638E,
,SE,BID,Billdal,Billdal,O,RL,--3-----,1301,,5734N 01156E,
,SE,BLB,Billeberga,Billeberga,M,RL,--3-----,0701,,5552N 01300E,
,SE,BIM,Billesholm,Billesholm,M,RL,--3-----,9307,,,
,SE,BIL,Billingsfors,Billingsfors,O,AF,-23-----,8312,,,
,SE,BPG,Bispgården,Bispgarden,Z,RL,--3-----,9704,,,
,SE,BJ5,Bjartra,Bjartra,Y,RL,--3-----,1501,,6258N 01753E,
,SE,BJV,Bjorkvik,Bjorkvik,D,RL,--3-----,1601,,5850N 01631E,
,SE,BGB,Bjuraker,Bjuraker,X,RL,-----6--,1201,,6152N 01634E,
,SE,BJM,Bjurholm,Bjurholm,AC,RL,--3-----,0701,,6356N 01913E,
,SE,BJU,Bjuv,Bjuv,M,RL,--3-----,0105,,,
,SE,BJA,Bjärnum,Bjarnum,M,RL,--3-----,9501,,,
,SE,BJR,Bjärred,Bjarred,M,RL,1-3-----,0101,,5543N 01301E,
,SE,BST,Bjästa,Bjasta,Y,RL,--3-----,1601,,6312N 01830E,
,SE,BJK,Björklinge,Bjorklinge,C,RL,--3-----,9705,,,
,SE,BJN,Björneborg,Bjorneborg,S,RL,--3-----,9805,,,
,SE,BLA,Blankaholm,Blankaholm,H,AF,1-------,8312,,,
,SE,BCS,Blattnicksele,Blattnicksele,AC,RL,--3-----,0901,,6520N 01735E,
,SE,B5P,Blentarp,Blentarp,M,RL,--3-----,1607,,5535N 01336E,
,SE,BBG,Blidsberg,Blidsberg,O,RN,--3-----,9806,,,
,SE,BLO,Blomstermåla,Blomstermala,H,RL,--3-----,0105,,,
,SE,BDS,Bodafors,Bodafors,F,RL,--3-----,9501,,,
,SE,BOD,Boden,Boden,BD,RL,--3-----,9501,,,
,SE,BOH,Bohus,Bohus,O,AA,123-----,1601,,5751N 01200E,
,SE,BOI,Boliden,Boliden,AC,RL,--3-----,9501,,,
,SE,BLL,Bollebygd,Bollebygd,O,RL,--3-----,9501,,,
,SE,BLS,Bollnäs,Bollnas,X,RL,--3-----,0001,,,
,SE,BOL,Bollstabruk,Bollstabruk,Y,AA,123-----,1601,,6300N 01741E,
,SE,BOR,Bor,Bor,F,RL,--3-----,0701,,5706N 01410E,
,SE,BOG,Borensberg,Borensberg,E,RL,1-------,0207,,,
,SE,BON,Borghamn,Borghamn,E,AF,--3-----,8312,,,
,SE,BOM,Borgholm,Borgholm,H,AI,1-------,9704,,,
,SE,BGS,Borgstena,Borgstena,O,RN,--3-----,9806,,,
,SE,BVN,Borgvattnet,Borgvattnet,Z,RL,--3-----,1807,,6325N 01550E,
,SE,BLE,Borlänge,Borlange,W,AI,-2-4----,9601,,,
,SE,SZD,Borrby,Borrby,M,RL,-----6--,0901,,5527N 01410E,
,SE,BOS,Borås,Boras,O,AF,-23-----,8312,,,
,SE,BKY,Botkyrka,Botkyrka,AB,RL,--3-----,0901,,5914N 01749E,
,SE,BOT,Bottnaryd,Bottnaryd,F,RL,--3-----,9307,,,
,SE,BLD,Bovallstrand,Bovallstrand,O,RL,1-------,9901,,,
,SE,BOX,Boxholm,Boxholm,E,RL,--3-----,9501,,,
,SE,AA8,Braas,Braas,G,RL,--3-----,1707,,5704N 01503E,
,SE,BTA,Brastad,Brastad,O,RL,-23-----,0701,,5823N 01129E,
,SE,BRS,Braås,Braas,G,RL,--3-----,1701,,5704N 01503E,
,SE,BRD,Bredaryd,Bredaryd,F,RL,--3-----,9705,,,
,SE,BRE,Bredviken,Bredviken,,AF,1-------,8312,,,
,SE,BRX,Bro,Bro,AB,RL,--3-----,0105,,,
,SE,BKU,Broakulla,Broakulla,H,RL,--3-----,0701,,5642N 01531E,
,SE,BOY,Broaryd,Broaryd,F,RL,--3-----,1301,,5707N 01315E,
,SE,BRY,Broby,Broby,H,RL,-----6--,0901,,5632N 01608E,
,SE,BRO,Brofjorden,Brofjorden,O,AA,1-------,1601,,5821N 01123E,
,SE,BMM,Bromma,Bromma,AB,RL,--3-----,0701,,5921N 01756E,
,SE,BMA,Bromma Apt/Stockholm,Bromma Apt/Stockholm,AB,AI,---4----,,,,
,SE,BRM,Bromölla,Bromolla,M,RL,--3-----,9307,,,
,SE,BRT,Brottby,Brottby,AB,AF,1-------,8312,,,
,SE,BRU,Brunflo,Brunflo,Z,RL,1-3-----,0901,,6305N 01449E,
,SE,BUN,Brunna,Brunna,AB,RL,--3-----,1601,,5931N 01745E,
,SE,BCK,Bräcke,Bracke,Z,RL,-23--6--,0701,,6245N 01525E,
,SE,BRH,Bräkne-Hoby,Brakne-Hoby,K,RL,--3-----,9307,,,
,SE,BMH,Brämhult,Bramhult,O,RL,--3-----,1101,,5744N 01301E,
,SE,BNF,Brännfors,Brannfors,AC,RN,--3-----,9811,,,
,SE,BRA,Brålanda,Bralanda,O,RL,--3-----,9307,,,
,SE,BVK,Bråviken,Braviken,E,AA,1-3-----,1601,,5838N 01632E,
,SE,BSP,Brösarp,Brosarp,M,RL,--3-----,0901,,5543N 01407E,
,SE,BSI,Bunkeflostrand,Bunkeflostrand,M,RL,-----6--,0901,,5532N 01257E,
,SE,BUR,Bureå,Burea,AC,AF,1-------,8312,,,
,SE,BUV,Burgsvik,Burgsvik,I,AI,1-------,9704,,,
,SE,BSR,Burseryd,Burseryd,F,RL,--3-----,1207,,5712N 01317E,
,SE,BUK,Burträsk,Burtrask,AC,RL,--3-----,0501,,6431N 02039E,
,SE,BYU,Bygdsiljum,Bygdsiljum,AC,RL,--3--6--,0601,,6421N 02030E,
,SE,BYS,Byske (Brännfors),Byske (Brannfors),AC,RQ,--3-----,9506,,,
,SE,BYX,Byxelkrok,Byxelkrok,H,AI,1-------,9704,,,
,SE,BKS,Bäckefors,Backefors,O,RL,--3-----,0701,,5848N 01209E,
,SE,BFS,Bäckfors,Backfors,AC,RL,--3-----,9811,,,
,SE,BAR,Bäckhammar,Backhammar,S,RN,--3-----,9806,,,
,SE,BAC,Bäckviken,Backviken,M,AI,1-------,9704,,,
,SE,BLV,Bällstaviken,Ballstaviken,AB,AI,-23-----,1207,,5921N 01758E,
,SE,BBE,Båberg,Baberg,O,RL,--3-----,0101,,,
,SE,BAA,Bålsta,Balsta,C,AA,1-3-----,1601,,5935N 01730E,
,SE,BAS,Båstad,Bastad,M,AI,1-------,9704,,,
,SE,BAT,Båtskärsnäs,Batskarsnas,BD,AF,1-------,8312,,,
,SE,BDQ,Böda,Boda,H,AI,1-------,9704,,,
,SE,CHA,Charlottenberg,Charlottenberg,S,RL,-23----B,9501,,,
,SE,DJM,Dala-Järna,Dala-Jarna,W,RL,--3--6--,1201,,6033N 01421E,
,SE,DLA,Dalarö,Dalaro,AB,RL,1-------,1301,,,
,SE,DLB,Dalby,Dalby,M,RL,-23-----,9705,,,
,SE,DAL,Dals-Långed,Dals-Langed,O,RL,-23-----,9307,,,
,SE,DFO,Dalsjöfors,Dalsjofors,O,RN,--3-----,9811,,,
,SE,DLP,Dalstorp,Dalstorp,O,RN,--3-----,9806,,,
,SE,DND,Danderyd,Danderyd,AB,RN,--3-----,9811,,,
,SE,DAN,Dannemora,Dannemora,C,RL,--3-----,9501,,,
,SE,DNK,Dannike,Dannike,O,RL,--3-----,0701,,5741N 01313E,
,SE,DFS,Degerfors,Degerfors,T,RL,-23-----,9307,XXD,,
,SE,DEG,Degerhamn,Degerhamn,H,AA,1-------,1601,,,
,SE,DEJ,Deje,Deje,S,RL,--3-----,0105,,,
,SE,DEL,Delsbo,Delsbo,X,RL,--3-----,0105,,,
,SE,DNG,Dingle,Dingle,O,RL,-23-----,0701,,5832N 01134E,
,SE,DIO,Diö,Dio,G,RL,-23-----,0901,,5638N 01413E,
,SE,DJP,Djupvik,Djupvik,O,RL,1-------,9901,,,
,SE,DD7,Djuras,Djuras,W,RL,--3-----,1501,,6033N 01508E,
,SE,DHN,Djurhamn,Djurhamn,AB,RL,0-------,1301,,,
,SE,DJU,Djurmo,Djurmo,W,AF,1-------,8312,,,
,SE,DSM,Djursholm,Djursholm,AB,RL,--3-----,0201,,5924N 01803E,
,SE,DJN,Djurön,Djuron,E,AA,1-------,1601,,5838N 01621E,
,SE,DOM,Domsjö,Domsjo,Y,AI,1-------,9704,,,
,SE,DON,Donsö,Donso,O,AI,1-------,9704,,,
,SE,DOR,Dorotea,Dorotea,AC,RQ,--3-----,1001,,6415N 01626E,
,SE,DRT,Drottningholm,Drottningholm,AB,AA,1-------,0507,,5919N 01753E,
,SE,DVD,Duved,Duved,Z,RL,--3-----,1601,,6324N 01252E,
,SE,DSE,Dvaersaett,Dvaersaett,Z,RQ,--3--6--,0607,,6319N 01427E,
,SE,DYN,Dynäs,Dynas,Y,AF,123-----,8312,,,
,SE,DJB,Dösjebro,Dosjebro,M,RL,--3-----,1207,,5549N 01301E,
,SE,EDZ,Ed,Ed,O,RL,--3-----,9704,,,
,SE,EDA,Eda,Eda,S,RL,--3-----,0901,,5949N 01219E,
,SE,EDS,Edsbyn,Edsbyn,X,RL,--3-----,9501,,,
,SE,EDV,Edsvalla,Edsvalla,S,RL,-23-----,1707,,5926N 01311E,
,SE,EKB,Ekeby,Ekeby,D,RL,--3-----,1301,,5907N 01714E,
,SE,EEN,Ekenässjön,Ekenassjon,F,RN,--3-----,9806,,,
,SE,EKE,Ekerö,Ekero,AB,RL,--3-----,9307,,,
,SE,EK9,Eket,Eket,M,RL,--3-----,1407,,5615N 01311E,
,SE,EKH,Ekshärad,Eksharad,S,RL,--3-----,0901,,6010N 01330E,
,SE,EKS,Eksjö,Eksjo,F,RL,--3-----,9501,,,
,SE,ELL,Elleholm,Elleholm,K,AA,1-3-----,1601,,5610N 01445E,
,SE,ELO,Ellös,Ellos,O,AA,1-3-----,1601,,5811N 01128E,
,SE,EMM,Emmaboda,Emmaboda,H,RL,--3-----,9501,,,
,SE,AJG,Emmaljunga,Emmaljunga,,RQ,--3-----,9705,,,
,SE,ENE,Enebyberg,Enebyberg,AB,AF,--3-----,8312,,,
,SE,ENA,Eneryda,Eneryda,G,RL,--3-----,9307,,,
,SE,EHR,Enhörna,Enhorna,AB,RL,--3-----,0901,,5918N 01725E,
,SE,ENK,Enköping,Enkoping,C,AA,123-----,1601,XWQ,5940N 01706E,
,SE,EBG,Enstaberga,Enstaberga,D,RL,--3-----,0901,,5845N 01651E,
,SE,ENV,Enviken,Enviken,X,RL,--3-----,1107,,6048N 01547E,
,SE,ERI,Erikslund,Erikslund,Y,RL,-23-----,0701,,6232N 01555E,
,SE,ERK,Eriksmala,Eriksmala,H,RL,--3-----,1301,,5644N 01528E,
,SE,ERS,Ersmark,Ersmark,AC,RL,--3-----,9307,,,
,SE,EVL,Ervalla,Ervalla,T,RL,--3-----,0901,,5925N 01514E,
,SE,EKT,Eskilstuna,Eskilstuna,D,AI,---4----,9601,,,
,SE,ESL,Eslöv,Eslov,M,RL,--3-----,9501,,,
,SE,ESS,Essvik,Essvik,Y,AF,1-3-----,0307,,6218N 01723E,
,SE,EVD,Everöd,Everod,M,RL,--3-----,1601,,5554N 01406E,
,SE,FAS,Fagersanna,Fagersanna,O,RL,--3-----,1407,,5828N 01418E,
,SE,FAA,Fagersta,Fagersta,U,RL,-23-----,9307,,,
,SE,FAK,Fagervik,Fagervik,X,AI,1-------,9704,,,
,SE,FAG,Falkenberg,Falkenberg,N,AA,123-----,1601,XYM,5653N 01230E,
,SE,FKG,Falköping,Falkoping,O,RL,123-----,0207,XYF,,
,SE,FSB,Falsterbo,Falsterbo,M,RL,1-------,9901,,,
,SE,FAN,Falun,Falun,W,AF,--3-----,8312,,,
,SE,FST,Farsta,Farsta,AB,RQ,--3-----,1001,,5915N 01805E,
,SE,FEN,Fegen,Fegen,N,RL,--3-----,0407,,5706N 01302E,
,SE,FEL,Fellingsbro,Fellingsbro,T,RL,--3-----,9307,,,
,SE,FIG,Figeholm,Figeholm,H,AF,1-------,8312,,,
,SE,FIL,Filipstad,Filipstad,S,RL,1-3-----,0207,,,
,SE,FNA,Finja,Finja,M,RL,-23-----,0901,,5610N 01341E,
,SE,FIN,Finspång,Finspang,E,AF,-23-----,8312,,,
,SE,FIK,Fiskeby,Fiskeby,X,RL,--3-----,0901,,6145N 01710E,
,SE,FIS,Fiskebäck,Fiskeback,O,AI,1-------,9704,,,
,SE,FBK,Fiskebäckskil,Fiskebackskil,O,RL,1-------,9901,,,
,SE,FLG,Fjälkinge,Fjalkinge,M,RL,--3-----,0901,,5603N 01417E,
,SE,FJA,Fjällbacka,Fjallbacka,O,AI,1-------,9704,,,
,SE,FJC,Fjärås,Fjaras,N,RL,--3-----,0201,,5726N 01208E,
,SE,FRK,Flarken,Flarken,,RQ,--3-----,0907,,6418N 02051E,
,SE,FLX,Flaxenvik,Flaxenvik,,RQ,0-------,9012,,,
,SE,FLM,Flemingsberg/Stockholm,Flemingsberg/Stockholm,AB,RL,--3-----,9307,,,
,SE,FLE,Flen,Flen,D,AF,-23-----,0307,XYI,,
,SE,SZG,Flisby,Flisby,F,RL,-----6--,0901,,5747N 01448E,
,SE,FAD,Fliseryd,Fliseryd,H,RL,--3-----,1301,,5707N 01610E,
,SE,FLI,Flivik,Flivik,H,RL,1-------,1007,,5733N 01635E,
,SE,FBY,Floby,Floby,O,RN,--3-----,9806,,,
,SE,SZW,Floda,Floda,O,RL,-----6--,0901,,5748N 01222E,
,SE,FGN,Flyinge,Flyinge,M,RL,--3--6--,1207,,5545N 01321E,
,SE,FON,Fornåsa,Fornasa,E,RL,--3--6--,1207,,5829N 01514E,
,SE,FRS,Fors,Fors,W,RL,-23-----,9704,,,
,SE,ORA,Forsa,Forsa,X,RL,--3-----,0901,,6144N 01656E,
,SE,FOA,Forsbacka,Forsbacka,X,RL,--3-----,0105,,,
,SE,FOM,Forserum,Forserum,F,RN,--3-----,9806,,,
,SE,FOS,Forshaga,Forshaga,S,RL,--3-----,9501,,,
,SE,FHD,Forsheda,Forsheda,F,RL,-23-----,9705,,,
,SE,FSV,Forslov,Forslov,M,RL,--3-----,1601,,5621N 01249E,
,SE,FOR,Forsmark,Forsmark,C,AA,1-------,1601,,6022N 01809E,
,SE,FVK,Forsvik,Forsvik,O,RL,--3-----,9307,,,
,SE,FDL,Fredriksdal,Fredriksdal,K,RL,-----6--,1801,,5612N 01531E,
,SE,FSA,Frillesås,Frillesas,N,RL,-23--6--,1301,,5719N 01210E,
,SE,FRI,Fristad,Fristad,O,RL,--3-----,9307,,,
,SE,FTY,Fritsla,Fritsla,O,RN,--3-----,9806,,,
,SE,FRN,Froson,Froson,Z,RL,--3-----,1407,,6311N 01432E,
,SE,FDS,Frändefors,Frandefors,O,RL,-23-----,1801,,5830N 01217E,
,SE,FRA,Frånö,Frano,Y,AF,123-----,8312,,,
,SE,FRO,Frövi,Frovi,T,RL,--3-----,0105,,5928N 01521E,
,SE,FDA,Furudal,Furudal,W,RQ,--3-----,1001,,6110N 01508E,
,SE,FLD,Furulund,Furulund,M,RL,-23-----,0901,,5546N 01306E,
,SE,FAE,Färgelanda,Fargelanda,O,RL,--3-----,0105,,,
,SE,FLR,Färila,Farila,X,RL,--3-----,1301,,6148N 01551E,
,SE,FAR,Färjestaden,Farjestaden,H,RL,1-3-----,1301,,5639N 01627E,
,SE,FAV,Färlöv,Farlov,M,RL,--3-----,1607,,5604N 01405E,
,SE,FGS,Fågelfors,Fagelfors,H,RL,--3-----,1601,,5712N 01550E,
,SE,FBO,Fårbo,Farbo,H,RL,--3-----,0507,,5723N 01629E,
,SE,FSD,Fårösund,Farosund,I,AI,1-------,9704,,,
,SE,GGF,Gagnef,Gagnef,W,RL,--3-----,9805,,,
,SE,GAM,Gamleby,Gamleby,H,AA,123-----,1601,,5754N 01624E,
,SE,GLB,Gamleby,Gamleby,H,RL,--3-----,1301,,5706N 01656E,
,SE,GPB,Garpenberg,Garpenberg,W,RL,--3-----,0901,,6019N 01612E,
,SE,GAR,Garphyttan,Garphyttan,T,RL,--3-----,9307,,,
,SE,GML,Gemla,Gemla,G,RL,--3-----,0701,,5652N 01438E,
,SE,GET,Getinge,Getinge,N,RL,--3-----,9307,,,
,SE,GIS,Gislaved,Gislaved,F,RL,--3-----,9501,,,
,SE,GLA,Glanshammar,Glanshammar,T,AF,--3-----,8312,,,
,SE,GVA,Glava,Glava,S,RL,--3-----,0901,,5933N 01233E,
,SE,GLI,Glimåkra,Glimakra,M,RL,--3-----,9307,,,
,SE,GLM,Glommen,Glommen,N,AA,1-------,1601,,5656N 01221E,
,SE,GLV,Glumslov,Glumslov,M,RL,--3-----,1107,,5557N 01249E,
,SE,GNA,Gnarp,Gnarp,X,RL,0-------,1301,,,
,SE,GNE,Gnesta,Gnesta,D,RL,--3-----,0105,,,
,SE,GNO,Gnosjö,Gnosjo,F,RL,--3-----,9307,,,
,SE,GOR,Gorsingeholm,Gorsingeholm,D,AA,1-------,0507,,5921N 01703E,
,SE,GGE,Grangärde,Grangarde,W,RL,--3-----,0501,,6016N 01459E,
,SE,GKV,Grankullavik,Grankullavik,H,AI,1-3-----,1207,,5720N 01706E,
,SE,GND,Granudden,Granudden,BD,RL,--3-----,0901,,6531N 01939E,
,SE,GVN,Gravarne,Gravarne,O,RL,1-------,9901,,,
,SE,GRE,Grebbestad,Grebbestad,O,AI,1-3-----,9704,,,
,SE,GRV,Grevie,Grevie,M,RL,-2------,9705,,,
,SE,GR5,Grillby,Grillby,C,RL,-----6--,1901,,5937N 01715E,
,SE,GRI,Grimsås,Grimsas,O,RL,--3-----,0907,,5729N 01332E,
,SE,GRH,Grisslehamn,Grisslehamn,AB,AA,1-------,1601,,6006N 01850E,
,SE,GKA,Gronskara,Gronskara,H,RL,--3-----,1601,,5705N 01544E,
,SE,GMS,Grums,Grums,S,RL,--3-----,9501,,,
,SE,GRD,Grundsund,Grundsund,O,AI,1-3-----,9704,,,
,SE,GRK,Grundvik,Grundvik,,RQ,0-------,9811,,,
,SE,GRU,Gruvön,Gruvon,S,AA,1-------,1601,,5920N 01307E,
,SE,GRY,Grycksbo,Grycksbo,W,RL,--3-----,9501,,,
,SE,GR9,Gryt,Gryt,D,RL,--3-----,1301,,5906N 01658E,
,SE,GRT,Grytgöl,Grytgol,S,RL,--3-----,9307,,,
,SE,GYT,Grythyttan,Grythyttan,T,RL,-23-----,0901,,5942N 01432E,
,SE,GRS,Gräfsnäs,Grafsnas,I,RL,--3-----,0901,,5805N 01229E,
,SE,GRN,Grängesberg,Grangesberg,W,RL,-23-----,1101,,6005N 01459E,
,SE,GAA,Gränna,Granna,F,RL,--3-----,0105,,,
,SE,GRP,Grästorp,Grastorp,O,RL,--3-----,0105,,,
,SE,GRA,Gråbo,Grabo,O,AF,--3-----,8312,,,
,SE,GDG,Grödinge,Grodinge,AB,RL,--3-----,1201,,5911N 01747E,
,SE,GNR,Grönö,Grono,C,AA,1-------,1201,,6031N 01744E,
,SE,GHT,Guldsmedshyttan,Guldsmedshyttan,T,RL,--3-----,1307,,5942N 01506E,
,SE,GUO,Gullabo,Gullabo,H,RL,--3-----,1607,,5628N 01548E,
,SE,GSP,Gullspång,Gullspang,O,RL,--3-----,1701,,5859N 01406E,
,SE,GSK,Gunnarskog,Gunnarskog,S,RL,--3-----,1801,,5950N 01233E,
,SE,GUN,Gunnebo,Gunnebo,E,AI,1-------,9704,,,
,SE,LSE,Gunnilse,Gunnilse,O,RL,--3-----,0901,,5748N 01204E,
,SE,GTS,Gustafs,Gustafs,W,RL,--3-----,0901,,6024N 01536E,
,SE,GUB,Gustavsberg,Gustavsberg,AB,AI,1-------,9704,,,
,SE,GUS,Gustavsvik,Gustavsvik,Y,AA,123-----,1601,,6250N 01753E,
,SE,GKS,Gustavsvik/Stockholm,Gustavsvik/Stockholm,AB,AF,1-------,0212,,5919N 01818E,
,SE,GUM,Gusum,Gusum,E,RL,--3-----,0105,,,
,SE,SZH,Gyttorp,Gyttorp,T,RL,-----6--,0901,,5931N 01458E,
,SE,GDE,Gäddede,Gaddede,Z,RL,--3-----,1301,,6430N 01409E,
,SE,GAD,Gäddviken,Gaddviken,,RQ,0-------,9307,,,
,SE,GEV,Gällivare,Gallivare,BD,AI,---4----,9601,,,
,SE,GLS,Gällstad,Gallstad,O,RL,--3-----,1801,,5740N 01326E,
,SE,GAL,Gällö,Gallo,Z,RL,-23-----,0901,,6255N 01514E,
,SE,GKG,Gärds Köpinge,Gards Kopinge,M,RL,--3-----,1307,,5556N 01409E,
,SE,GAS,Gärsnäs,Garsnas,M,RL,--3-----,1607,,5533N 01411E,
,SE,GVX,Gävle,Gavle,X,AA,1--4----,1601,,6040N 01710E,
,SE,GHR,Gånghester,Ganghester,O,RN,--3-----,9811,,,
,SE,GOA,Göta,Gota,O,AA,123-----,1601,,5807N 01208E,
,SE,GOT,Göteborg,Goteborg,O,AA,12345---,1601,GSP,5743N 01158E,
,SE,GOE,Götene,Gotene,O,RL,-23-----,9307,,,
,SE,HAB,Habo,Habo,O,RL,--3-----,9501,,,
,SE,HAC,Hackås,Hackas,Z,RL,123-----,0901,,6255N 01431E,
,SE,HAG,Hagen,Hagen,W,AF,--3-----,9801,,,
,SE,HFS,Hagfors,Hagfors,S,RL,--3-----,9705,,,
,SE,HYD,Hallaryd,Hallaryd,G,AF,--3-----,9801,,,
,SE,HSG,Hallsberg,Hallsberg,T,RL,--3-----,0105,XWM,,
,SE,HAL,Hallstahammar,Hallstahammar,U,AA,--3-----,1601,,5603N 01242E,
,SE,HAS,Hallstanäs,Hallstanas,Y,AF,1-------,8312,,,
,SE,HAK,Hallstavik,Hallstavik,AB,AA,123-----,1601,,6003N 01836E,
,SE,HAD,Halmstad,Halmstad,N,AA,1234----,1601,,5640N 01251E,
,SE,HBG,Hamburgsund,Hamburgsund,O,RL,1-------,9901,,,
,SE,HMR,Hammar,Hammar,T,RL,1-3-----,0901,,5849N 01457E,
,SE,HRO,Hammarö,Hammaro,S,RL,--3-----,1801,,5920N 01331E,
,SE,HMD,Hammerdal,Hammerdal,Z,RL,--3-----,0307,,6336N 01521E,
,SE,HNK,Hanaskog,Hanaskog,M,RL,--3-----,9307,,5609N 01406E,
,SE,HNE,Haninge,Haninge,D,RL,-23-----,9307,,,
,SE,HNI,Haninge,Haninge,AB,RL,-23--6--,0701,,5910N 01808E,
,SE,HAA,Haparanda,Haparanda,BD,AF,123-----,8312,,,
,SE,HAH,Haraholmen,Haraholmen,BD,AA,1-------,1601,,6514N 02139E,
,SE,HRD,Harestad,Harestad,O,RL,--3-----,1301,,5749N 01150E,
,SE,HAN,Hargshamn,Hargshamn,C,AA,123-----,1601,,6010N 01828E,
,SE,HRY,Harryda,Harryda,O,RL,--3-----,0701,,5741N 01218E,
,SE,HAR,Harsprånget,Harspranget,BD,RL,--3-----,9307,,,
,SE,HSP,Hasslarp,Hasslarp,M,RL,--3-----,0407,,5609N 01249E,
,SE,HEG,Heberg,Heberg,N,RL,--3--6--,0701,,5728N 01200E,
,SE,HBY,Heby,Heby,C,RL,-23-----,1301,,5956N 01653E,
,SE,HEE,Hede,Hede,Z,RL,--3-----,0501,,6225N 01330E,
,SE,HED,Hedemora,Hedemora,W,RL,--3-----,9501,XXU,,
,SE,HDS,Hedesunda,Hedesunda,X,RL,--3-----,1307,,6024N 01700E,
,SE,HST,Heestrand,Heestrand,O,RL,1-------,0901,,5831N 01117E,
,SE,HLN,Helgenäs,Helgenas,,RQ,0-------,9811,,,
,SE,HEL,Helsingborg,Helsingborg,M,AI,12-4----,9704,,,
,SE,AGH,Helsingborg-Ängelholm Apt,Helsingborg-Angelholm Apt,M,AI,---4----,9601,,,
,SE,HMV,Hemavan,Hemavan,AC,AI,---4----,0001,,,
,SE,HEM,Hemse,Hemse,I,RL,--3-----,0901,,5714N 01822E,
,SE,HXN,Henån,Henan,O,RL,--3-----,1301,,5814N 01141E,
,SE,HEJ,Herrljunga,Herrljunga,O,RL,--3-----,9501,XYC,,
,SE,HER,Herräng,Herrang,AB,AF,1-------,8312,,,
,SE,HES,Hestra,Hestra,F,RL,--3-----,0105,,5727N 01335E,
,SE,HSD,Hillared,Hillared,O,RL,--3-----,1701,,5738N 01309E,
,SE,HIL,Hillerstorp,Hillerstorp,F,RL,--3-----,9307,,,
,SE,HDA,Hindås,Hindas,O,RL,-23-----,0901,,5742N 01226E,
,SE,HHT,Hishult,Hishult,N,RL,--3--6--,1201,,5626N 01318E,
,SE,HBA,Hisings Backa,Hisings Backa,O,RN,--3-----,9811,,,
,SE,HRR,Hisings Kärra/Göteborg,Hisings Karra/Goteborg,O,RL,--3-----,0407,,5747N 01159E,
,SE,HIT,Hittarp,Hittarp,M,RL,--3-----,9307,,,
,SE,HJO,Hjo,Hjo,O,RL,--3-----,9501,,,
,SE,HJD,Hjorted,Hjorted,H,RL,--3-----,9307,,,
,SE,HJB,Hjälteby,Hjalteby,I,RL,--3-----,1801,,5830N 11420E,
,SE,SZQ,Hjältevad,Hjaltevad,F,RL,-23--6--,0901,,5738N 01520E,
,SE,HJA,Hjärnarp,Hjarnarp,M,RL,--3-----,1101,,5619N 01255E,
,SE,HTM,Hjärtum,Hjartum,O,RL,--3-----,0307,,5811N 01206E,
,SE,HOF,Hofors,Hofors,X,RL,-23-----,9307,,,
,SE,HOK,Hok,Hok,F,RL,--3-----,1607,,5731N 01416E,
,SE,HJS,Holjes,Holjes,S,RL,--3-----,1501,,6054N 01236E,
,SE,HHM,Holm,Holm,N,RL,-----6--,1107,,5644N 01251E,
,SE,HOL,Holmsjö,Holmsjo,K,RL,--3-----,9501,,,
,SE,HLD,Holmsund,Holmsund,AC,AA,123-----,1601,,,
,SE,HBB,Holsbybrunn,Holsbybrunn,F,AF,-23-----,8312,,,
,SE,HRA,Horda,Horda,F,RL,--3-----,1407,,5702N 01415E,
,SE,HRN,Horndal,Horndal,W,RL,-23-----,9705,,,
,SE,HOD,Horred,Horred,O,RL,--3-----,0105,,,
,SE,HVA,Hova,Hova,O,RL,--3-----,9705,,,
,SE,HOV,Hovmantorp,Hovmantorp,G,RL,--3-----,0105,,,
,SE,HZS,Hovslätt,Hovslatt,F,RN,--3-----,9806,,,
,SE,HOA,Hovås,Hovas,O,RL,--3-----,0701,,5736N 01156E,
,SE,HUE,Huddinge,Huddinge,AB,RL,--3-----,0401,,5913N 01800E,
,SE,HUV,Hudiksvall,Hudiksvall,X,AA,1234----,1601,,6144N 01706E,
,SE,HLF,Hultsfred,Hultsfred,H,AI,-234----,9601,,,
,SE,HUN,Hunnebostrand,Hunnebostrand,O,AI,1-3-----,1201,,,
,SE,HUR,Hurva,Hurva,M,RL,--3-----,1701,,5548N 01326E,
,SE,HUY,Husby,Husby,W,RL,--3-----,1701,,6017N 01600E,
,SE,HSQ,Huskvarna,Huskvarna,F,RL,-23-----,9307,,,
,SE,HUS,Husum,Husum,Y,AA,1-------,1601,,6320N 01910E,
,SE,HYG,Hyllinge,Hyllinge,M,RL,--3-----,0901,,5606N 01251E,
,SE,HYL,Hyltebruk,Hyltebruk,N,RL,--3-----,0701,,,
,SE,HYP,Hyppeln,Hyppeln,O,AI,1-------,9704,,,
,SE,HYS,Hyssna,Hyssna,,RL,--3--6--,1107,,5734N 01232E,
,SE,HGR,Hägersten/Stockholm,Hagersten/Stockholm,AB,RL,--3-----,9307,,,
,SE,HAJ,Häljarp,Haljarp,M,RL,--3-----,1307,,5551N 01255E,
,SE,HLL,Hällefors,Hallefors,T,RL,--3-----,9501,,,
,SE,HRS,Hälleforsnäs,Halleforsnas,D,RL,--3-----,0105,,,
,SE,HLS,Hällekis,Hallekis,O,RL,123-----,9307,,,
,SE,HLG,Hällingsjö,Hallingsjo,O,RL,--3-----,1301,,5737N 01226E,
,SE,HND,Härnösand,Harnosand,Y,AA,123-----,1601,XYZ,6238N 01756E,
,SE,HRV,Härslöv,Harslov,M,RL,--3-----,1601,,5556N 12520E,
,SE,HBV,Hässelbyverket/Stockholm,Hasselbyverket/Stockholm,AB,AA,1-------,1601,,5921N 01729E,
,SE,HSM,Hässleholm,Hassleholm,M,RL,-23-----,9307,XWP,,
,SE,HVD,Hästveda,Hastveda,M,RL,--3-----,9501,,,
,SE,HVR,Håverud,Haverud,O,RL,-23-----,1207,,5848N 01225E,
,SE,HOG,Höganäs,Hoganas,M,AA,123-----,1601,,5612N 01233E,
,SE,HGJ,Högsjö,Hogsjo,D,RL,--3-----,1301,,5902N 01541E,
,SE,HGS,Högsjö,Hogsjo,Y,RL,1-------,9307,,,
,SE,HOR,Högsäter,Hogsater,O,RL,--3-----,9307,,,
,SE,SZI,Höllviken,Hollviken,M,RL,-----6--,1301,,5525N 01257E,
,SE,HLO,Hölö,Holo,AB,RL,-23--6--,0601,,5902N 01733E,
,SE,HON,Hönsäter,Honsater,O,AA,1-3-----,1601,,5838N 01325E,
,SE,HNO,Hönö,Hono,O,RL,-----6--,1301,,5741N 01138E,
,SE,HOE,Hörby,Horby,M,RL,--3-----,0105,,,
,SE,HNB,Hörneborg,Horneborg,,AF,1-------,8312,,,
,SE,HNF,Hörnefors,Hornefors,AC,AA,1-3-----,1601,,6338N 01954E,
,SE,HOO,Höör,Hoor,M,RL,--3-----,0105,,,
,SE,IDB,Idre,Idre,W,AI,---4----,0001,,,
,SE,IGP,Igelstorp,Igelstorp,O,RL,-23-----,0701,,5824N 01358E,
,SE,IGG,Iggesund,Iggesund,X,AA,123-----,1601,,6138N 01704E,
,SE,LST,Ingelstad,Ingelstad,G,RL,--3-----,1801,,5645N 01455E,
,SE,INS,Insjön,Insjon,W,RL,--3-----,0501,,6041N 01505E,
,SE,JAV,Jarvso,Jarvso,X,RL,--3-----,1601,,6143N 01610E,
,SE,JOH,Johannedal,Johannedal,,AF,1-------,8312,,,
,SE,JHV,Johanneshov,Johanneshov,AB,RL,--3-----,9307,,,
,SE,JOK,Jokkmokk,Jokkmokk,BD,RL,-23-----,0901,,6636N 01951E,
,SE,JON,Jonsered,Jonsered,O,RQ,-23-----,9307,,,
,SE,JOP,Jonstorp,Jonstorp,M,RL,--3-----,1707,,5614N 01240E,
,SE,JOR,Jordbro,Jordbro,AB,RL,--3-----,9307,,,
,SE,JUK,Jukkasjärvi,Jukkasjarvi,BD,RL,--3-----,0507,,6751N 02036E,
,SE,JUN,Junsele,Junsele,Y,RL,--3-----,0105,,,
,SE,JMJ,Jämjö,Jamjo,K,RN,--3-----,9811,,,
,SE,JAO,Järbo,Jarbo,X,RL,--3-----,0105,,,
,SE,JAR,Järfälla,Jarfalla,AB,AF,123-----,0907,,5924N 01752E,
,SE,JRN,Järna,Jarna,AB,RL,--3-----,1007,,5906N 01734E,
,SE,JPN,Järpen,Jarpen,Z,RL,--3-----,1707,,6321N 01329E,
,SE,JPS,Järpås,Jarpas,O,RL,--3-----,1501,,5823N 01258E,
,SE,JAT,Jättersön,Jatterson,H,AI,1-------,9704,,,
,SE,JKG,Jönköping,Jonkoping,F,AI,1--4----,9601,,,
,SE,JNA,Jörlanda,Jorlanda,O,RL,123--6--,0601,,5759N 01149E,
,SE,KGG,Kagghamra,Kagghamra,,AA,1-------,0507,,5905N 01747E,
,SE,KAX,Kalix,Kalix,BD,AF,123-----,8312,,,
,SE,KHL,Kallhäll,Kallhall,AB,RL,--3-----,1107,,5927N 01748E,
,SE,SZJ,Kallinge,Kallinge,K,RL,-23--6--,0901,,5614N 01517E,
,SE,KLR,Kalmar,Kalmar,H,AA,1234----,1601,,5640N 01622E,
,SE,KAL,Kalmarsand,Kalmarsand,C,AA,1-------,0507,,5933N 01733E,
,SE,KLX,Kalv,Kalv,X,RL,-23-----,1701,,6142N 01618E,
,SE,KVK,Kalvik,Kalvik,O,AA,1-------,1901,,5904N 01111E,
,SE,KPS,Kapellskär,Kapellskar,AB,AA,1-3-----,1601,,5943N 01904E,
,SE,KPH,Kappelshamn,Kappelshamn,I,AA,1-------,1601,,5751N 01847E,
,SE,YBY,Kareby,Kareby,O,RL,--3-----,0901,,5755N 01154E,
,SE,KBK,Karlholmsbruk,Karlholmsbruk,C,AA,1-------,1601,,6031N 01737E,
,SE,KBG,Karlsborg,Karlsborg,O,RL,--3-----,0307,,5835N 01430E,
,SE,KXV,Karlsborg Axelvik,Karlsborg Axelvik,BD,AA,1-------,1601,,6548N 02317E,
,SE,KAN,Karlshamn,Karlshamn,K,AA,123-----,1601,XYO,5610N 01451E,
,SE,KSK,Karlskoga,Karlskoga,T,RL,---4----,9506,,,
,SE,KAA,Karlskrona,Karlskrona,K,AA,123-----,1601,,5610N 01535E,
,SE,KSD,Karlstad,Karlstad,S,AA,1--4----,1601,,5922N 01330E,
,SE,KAK,Karlsvik,Karlsvik,X,AF,1-------,8312,,,
,SE,KPA,Karpalund,Karpalund,M,AF,--3-----,9801,,,
,SE,KAS,Karskär,Karskar,X,AA,1-------,1601,,6041N 01716E,
,SE,KAO,Karö,Karo,C,RL,0-------,1901,,6020N 01808E,
,SE,KAM,Katrineholm,Katrineholm,D,RL,--3-----,0105,XXR,,
,SE,KAT,Katthammarsvik,Katthammarsvik,I,AI,1-------,9704,,,
,SE,KXH,Kaxholmen,Kaxholmen,F,RL,--3-----,0701,,5751N 01418E,
,SE,KIL,Kil,Kil,S,RL,--3-----,0105,XXN,,
,SE,KFS,Kilafors,Kilafors,X,RL,--3-----,1601,,6114N 01634E,
,SE,KIM,Kilsmo,Kilsmo,T,RL,-23-----,0901,,5904N 01531E,
,SE,SZK,Kimstad,Kimstad,E,RL,-23--6--,0901,,5832N 01558E,
,SE,KIA,Kinna,Kinna,O,RL,--3-----,9501,,,
,SE,KIN,Kinnarp,Kinnarp,O,RL,--3-----,0105,,,
,SE,KRN,Kiruna,Kiruna,BD,AI,---4----,9601,,,
,SE,KSA,Kisa,Kisa,E,RL,--3-----,0105,,,
,SE,KIS,Kista,Kista,AB,RL,--3-----,9307,,,
,SE,KIK,Kivik,Kivik,M,RL,--3-----,1701,,5541N 01415E,
,SE,KGM,Klagshamn,Klagshamn,M,RL,1-3-----,0901,,5532N 01255E,
,SE,KSP,Klagstorp,Klagstorp,M,RL,--3-----,0607,,5523N 01323E,
,SE,KLA,Klavreström,Klavrestrom,G,RL,123-----,0601,,5708N 01508E,
,SE,KLI,Klintehamn,Klintehamn,I,AA,1-------,1601,,5724N 01812E,
,SE,KLP,Klippan,Klippan,M,RL,--3-----,9501,,,
,SE,KK9,Klockrike,Klockrike,E,RL,--3-----,1801,,5830N 01520E,
,SE,KLD,Klädesholmen,Kladesholmen,O,RL,1-3--6--,0901,,5757N 01132E,
,SE,KNR,Knared,Knared,N,RL,--3-----,1501,,5632N 01319E,
,SE,KNL,Knislinge,Knislinge,M,RL,--3-----,1301,,5611N 01405E,
,SE,KNA,Knivsta,Knivsta,C,RN,--3-----,9811,,,
,SE,KOL,Kolbäck,Kolback,U,RL,--3-----,0105,,,
,SE,KOA,Kolsva,Kolsva,U,RN,--3-----,9806,,,
,SE,KPO,Kopparberg,Kopparberg,T,RL,--3-----,9501,,,
,SE,KVH,Kopparverkshamnen,Kopparverkshamnen,M,AI,1-------,9704,,,
,SE,KOR,Korsberga,Korsberga,F,RL,--3-----,9501,,,
,SE,KOS,Korsnäs,Korsnas,W,AF,-23-----,8312,,,
,SE,KSL,Koskullskulle,Koskullskulle,BD,RL,--3-----,9501,,,
,SE,KST,Kosta,Kosta,G,RL,-23-----,0401,,5651N 01523E,
,SE,KRF,Kramfors,Kramfors,Y,AA,1234----,1601,,6256N 01747E,
,SE,KRI,Kristdala,Kristdala,H,RL,--3-----,1301,,5724N 01611E,
,SE,KID,Kristianstad,Kristianstad,M,AI,1234----,9601,,,
,SE,KHN,Kristinehamn,Kristinehamn,S,AA,123-----,1601,XYN,5920N 01407E,
,SE,KRK,Krokek,Krokek,E,RL,--3--6--,0901,,5840N 01624E,
,SE,KKO,Krokom,Krokom,Z,RL,-23--6--,0701,,6320N 01427E,
,SE,KRO,Krokvåg,Krokvag,Z,RL,--3-----,0901,,6310N 01616E,
,SE,KRY,Krylbo,Krylbo,W,RL,-23-----,9705,XYP,,
,SE,KUB,Kubikenborg,Kubikenborg,X,AA,1-------,1601,,,
,SE,KLV,Kullavik,Kullavik,N,RL,-23-----,1301,,5732N 01156E,
,SE,KLL,Kulltorp,Kulltorp,F,RL,--3-----,1607,,5716N 01347E,
,SE,KUM,Kumla,Kumla,T,RL,--3-----,9501,XXV,,
,SE,KUA,Kungsbacka,Kungsbacka,N,RL,1-3-----,1201,,5729N 01205E,
,SE,KUN,Kungshamn,Kungshamn,O,AA,1-------,1601,,5821N 01115E,
,SE,KNN,Kungsängen,Kungsangen,AB,RL,--3-----,9704,,,
,SE,KGT,Kungsäter,Kungsater,N,RL,--3-----,1301,,5719N 01234E,
,SE,KGR,Kungsör,Kungsor,U,AI,1-3-----,0307,,5926N 01606E,
,SE,KUV,Kungälv,Kungalv,O,RL,1-3-----,0207,,,
,SE,KVA,Kvarnholmen,Kvarnholmen,AB,AI,1-------,9704,,,
,SE,KVN,Kvarnsveden,Kvarnsveden,W,RL,-23-----,0607,,6031N 01525E,
,SE,KTP,Kvarntorp/Örebro,Kvarntorp/Orebro,T,RL,--3-----,0907,,5918N 01500E,
,SE,KVC,Kvicksund,Kvicksund,D,RL,--3-----,1301,,5927N 01619E,
,SE,KDG,Kvidinge,Kvidinge,M,RL,--3--6--,1201,,5608N 01304E,
,SE,KVY,Kvissleby,Kvissleby,Y,RL,--3-----,0901,,6218N 01722E,
,SE,KVM,Kvänum,Kvanum,O,AF,-23-----,8312,,,
,SE,KYR,Kyrkebyn,Kyrkebyn,S,AF,1-------,8312,,,
,SE,KKS,Kyrkesund,Kyrkesund,O,RL,1-3-----,0407,,5801N 01131E,
,SE,KYK,Kyrkås,Kyrkas,Z,RL,--3-----,0901,,6313N 01451E,
,SE,KLE,Kälarne,Kalarne,Z,RL,-23-----,0901,,6259N 01605E,
,SE,KBY,Källby,Kallby,O,RL,--3-----,9307,,,
,SE,KAE,Kättilstorp,Kattilstorp,O,RL,--3-----,9307,,,
,SE,KVL,Kävlinge,Kavlinge,M,RL,--3-----,9501,,,
,SE,KAG,Kåge,Kage,AC,AF,1-------,8312,,,
,SE,KRD,Kågeröd,Kagerod,M,RL,--3-----,0105,,,
,SE,KLO,Kållandsö,Kallandso,O,RL,--3-----,0901,,5814N 01310E,
,SE,KRR,Kållekärr,Kallekarr,O,RL,--3-----,1801,,5801N 01139E,
,SE,KAD,Kållered,Kallered,O,RL,--3-----,0105,,,
,SE,KRH,Kårehamn,Karehamn,H,AI,1-------,1201,,5657N 01654E,
,SE,KOG,Köping,Koping,U,AA,123-----,1601,XXI,5931N 01559E,
,SE,KOP,Köpingebro,Kopingebro,M,RL,-23-----,0901,,5528N 01356E,
,SE,KMH,Köpmanholmen,Kopmanholmen,Y,AA,1-------,1601,,6310N 01834E,
,SE,LGN,Lagan,Lagan,G,RL,-23-----,0701,,5655N 01359E,
,SE,LAH,Laholm,Laholm,N,RL,--3-----,0105,,,
,SE,LAL,Laisvall,Laisvall,BD,RL,--3-----,1601,,6608N 01710E,
,SE,LAM,Lammhult,Lammhult,F,RL,--3-----,9307,,,
,SE,LAO,Landsbro,Landsbro,F,RN,--3-----,9806,,,
,SE,LAA,Landskrona,Landskrona,M,AA,123-----,1601,,5552N 01250E,
,SE,LAV,Landvetter,Landvetter,O,RL,1234----,0901,GOT,5741N 01212E,
,SE,LA9,Langas,Langas,N,RL,-----6--,1901,,5659N 01227E,
,SE,LGL,Langsele,Langsele,Y,RL,--3-----,1501,,6311N 01704E,
,SE,LAR,Larv,Larv,O,RL,--3-----,1607,,5811N 01307E,
,SE,LAX,Laxå,Laxa,T,RL,-23-----,9705,,,
,SE,LEK,Leksand,Leksand,W,RL,--3-----,0105,XXO,,
,SE,LDV,Lenhovda,Lenhovda,G,RL,--3-----,0002,,,
,SE,LER,Lerum,Lerum,O,RL,--3-----,9501,,,
,SE,LES,Lesjöfors,Lesjofors,S,RL,-23-----,0201,,5958N 01411E,
,SE,LEO,Lessebo,Lessebo,G,RL,--3-----,0105,,,
,SE,AQ2,Liden,Liden,Y,RL,--3-----,1407,,6245N 01649E,
,SE,LIT,Lidhult,Lidhult,G,RL,--3-----,9501,,,
,SE,LIO,Lidingö,Lidingo,AB,AF,123-----,8312,,,
,SE,LDK,Lidköping,Lidkoping,O,AA,1234----,1601,,5830N 01330E,
,SE,LIL,Liljendal,Liljendal,S,AF,--3-----,9801,,,
,SE,LED,Lilla Edet,Lilla Edet,O,AA,123-----,1601,,5808N 01208E,
,SE,LIM,Limhamn,Limhamn,M,AA,123-----,1601,,5535N 01257E,
,SE,LMD,Limmared,Limmared,O,RN,--3-----,9806,,,
,SE,LIS,Linanäs,Linanas,AB,AF,1-3-----,0401,,5946N 01908E,
,SE,LDS,Lindaas,Lindaas,H,RQ,--3-----,1001,,5733N 01156E,
,SE,LDG,Lindesberg,Lindesberg,T,RN,--3-----,9806,,,
,SE,LIN,Lindome,Lindome,O,RL,--3-----,0901,,5734N 01205E,
,SE,LID,Lindärva,Lindarva,,RL,-----6--,1901,,5826N 01313E,
,SE,LIA,Lindås,Lindas,H,RL,--3-----,1607,,5637N 01534E,
,SE,LGO,Lingbo,Lingbo,X,RL,--3-----,1601,,6028N 01641E,
,SE,LPI,Linköping,Linkoping,E,AI,-234----,9601,,,
,SE,LJJ,Ljung,Ljung,O,RL,--3-----,1301,,5759N 01303E,
,SE,LJG,Ljungaverk,Ljungaverk,Y,RL,--3-----,0701,,6229N 01601E,
,SE,LJY,Ljungby,Ljungby,G,AF,-23-----,8312,,,
,SE,LJH,Ljungbyhed,Ljungbyhed,M,RL,--3-----,1601,,5604N 01313E,
,SE,LJP,Ljungsarp,Ljungsarp,O,RL,123-----,1207,,5734N 01335E,
,SE,LJB,Ljungsbro,Ljungsbro,E,RL,--3-----,0401,,5831N 01530E,
,SE,LJL,Ljusdal,Ljusdal,X,RL,--3-----,0105,,,
,SE,LHM,Ljusfallshammar,Ljusfallshammar,E,RL,--3--6--,0701,,5847N 01530E,
,SE,LJU,Ljusne,Ljusne,X,AA,123-----,1601,,6113N 01708E,
,SE,LJO,Ljusterö,Ljustero,AB,RL,0-------,1301,,5931N 01837E,
,SE,LDN,Lofsdalen,Lofsdalen,Z,RN,--3-----,9806,,,
,SE,LOF,Loftahammar,Loftahammar,H,RL,0-------,1301,,5754N 01641E,
,SE,LOM,Lomma,Lomma,M,AI,123-----,9704,,,
,SE,LOU,Loudden/Stockholm,Loudden/Stockholm,AB,RL,1-------,9703,,,
,SE,LVS,Lovestad,Lovestad,M,RQ,--3-----,1601,,5539N 01353E,
,SE,LUV,Ludvika,Ludvika,W,RN,--3-----,9901,,,
,SE,LUG,Lugnvik,Lugnvik,Y,AA,1-------,1601,,6317N 01844E,
,SE,LLA,Luleå,Lulea,BD,AA,1--4----,1601,,6535N 02209E,
,SE,LUD,Lund,Lund,M,AF,-23-----,8312,,,
,SE,LBY,Lyckeby,Lyckeby,K,RL,--3-----,9307,,,
,SE,LYC,Lycksele,Lycksele,AC,AI,---4----,0001,,,
,SE,LYS,Lysekil,Lysekil,O,AA,123-----,1601,,5817N 01126E,
,SE,ECK,Läckeby,Lackeby,H,RL,--3-----,0401,,5647N 01618E,
,SE,LNA,Länna,Lanna,C,RL,--3-----,0701,,5952N 01757E,
,SE,LBO,Lärbro,Larbro,I,RL,--3-----,1601,,5747N 01847E,
,SE,LAY,Långaryd,Langaryd,N,RL,--3-----,0901,,5702N 01321E,
,SE,LAN,Långasjö,Langasjo,F,AF,--3-----,8312,,,
,SE,LNG,Långshyttan,Langshyttan,W,RL,--3-----,9501,,6026N 01500E,
,SE,LOB,Löberöd,Loberod,M,RL,--3--6--,1207,,5547N 01330E,
,SE,LOD,Löddeköpinge,Loddekopinge,M,RL,1-3--6--,0901,,5546N 01301E,
,SE,LDO,Lödöse,Lodose,O,AA,123-----,1601,,5802N 01208E,
,SE,LON,Lönsboda,Lonsboda,M,RL,-23-----,0901,,5624N 01419E,
,SE,LOT,Löten,Loten,,AA,1-------,0507,,5925N 01735E,
,SE,LUN,Lövholmen,Lovholmen,BD,AF,1-------,8312,,,
,SE,LVR,Lövånger,Lovanger,AC,AF,1-------,8312,,,
,SE,MAA,Mala,Mala,AC,RL,--3-----,1707,,6511N 01845E,
,SE,MBA,Malmback,Malmback,F,RL,--3-----,0701,,5735N 01428E,
,SE,MBT,Malmberget,Malmberget,BD,RL,--3-----,0501,,6710N 02040E,
,SE,MAL,Malmby,Malmby,D,RL,-23-----,0901,,5920N 01703E,
,SE,MKP,Malmkoping,Malmkoping,D,RQ,-----6--,0907,,5908N 01644E,
,SE,MMA,Malmö,Malmo,M,AA,1234----,1601,MMX,5536N 01300E,
,SE,MMX,Malmö Airport,Malmo Airport,M,RL,---4----,1607,,5531N 01322E,
,SE,MLU,Malung,Malung,W,RN,--3-----,9806,,,
,SE,MAP,Mantorp,Mantorp,E,RL,--3-----,9307,,,
,SE,MAR,Marieberg,Marieberg,,AA,1-------,1601,,,
,SE,MRF,Mariefred,Mariefred,D,RL,1-3-----,0207,,,
,SE,MRH,Marieholm,Marieholm,M,RN,--3-----,9806,,,
,SE,MAD,Mariestad,Mariestad,O,AA,123-----,1601,,5842N 01349E,
,SE,MRK,Markaryd,Markaryd,G,RL,--3-----,9501,,,
,SE,MSD,Marstrand,Marstrand,O,AA,1-3-----,1601,,5753N 01335E,
,SE,MAN,Marsviken,Marsviken,D,AI,1-------,9704,,,
,SE,MAV,Marviken,Marviken,E,RL,1-------,1501,,5833N 01650E,
,SE,MVK,Maryvik,Maryvik,,RQ,0-------,9811,,,
,SE,MAT,Matfors,Matfors,Y,RL,--3-----,9501,,,
,SE,MTM,Mattmar,Mattmar,Z,AF,-23-----,8312,,,
,SE,MLS,Mellansel,Mellansel,Y,RL,--3-----,0201,,6326N 01818E,
,SE,MBS,Mellbystrand,Mellbystrand,N,RL,--3-----,1601,,5631N 01256E,
,SE,MEL,Mellerud,Mellerud,O,RL,--3-----,1301,,,
,SE,MOI,Mellösa,Mellosa,D,RL,--3-----,1401,,5906N 01633E,
,SE,MEM,Mem,Mem,E,RL,1-3-----,9901,,,
,SE,MJB,Mjölby,Mjolby,E,AF,-23-----,8312,XXM,,
,SE,MOO,Mo,Mo,Y,AF,1-------,8312,,,
,SE,MOC,Mockfjärd,Mockfjard,W,RL,--3-----,1101,,6030N 01458E,
,SE,MHA,Moheda,Moheda,G,RL,-23-----,0701,,5700N 01434E,
,SE,MHM,Moholm,Moholm,O,RL,--3-----,0307,,5837N 01402E,
,SE,MOL,Molkom,Molkom,S,RL,--3-----,0105,,,
,SE,MLO,Mollösund,Mollosund,O,RL,1-3-----,9901,,,
,SE,MRA,Mora,Mora,W,AF,-23-----,8312,,,
,SE,MGG,Morgongåva,Morgongava,U,RL,-23-----,0901,,5956N 01657E,
,SE,MOT,Motala,Motala,E,AF,-23-----,1407,,,
,SE,SZN,Mullhyttan,Mullhyttan,T,RL,-23--6--,0901,,5909N 01441E,
,SE,MUL,Mullsjö,Mullsjo,F,RL,--3-----,1601,,5755N 01353E,
,SE,MLJ,Munka-Ljungby,Munka-Ljungby,M,RL,--3-----,0307,,5615N 01258E,
,SE,MUK,Munkedal,Munkedal,O,RL,0-------,1301,,,
,SE,MDM,Munkedalshamn,Munkedalshamn,O,RL,123-----,9901,,,
,SE,MNF,Munkfors,Munkfors,S,RL,--3-----,9705,,,
,SE,MUN,Munksund,Munksund,BD,AF,123-----,8312,,,
,SE,MNO,Munsö,Munso,AB,RL,--3-----,1707,,5925N 01733E,
,SE,MSK,Muskö,Musko,AB,AA,1-------,0507,,5858N 01807E,
,SE,MST,Märsta,Marsta,AB,RL,--3-----,9501,,,
,SE,SZL,Målilla,Malilla,H,RL,-23--6--,0901,,5723N 01548E,
,SE,MOJ,Möja,Moja,AB,RL,0-------,1301,,5924N 01850E,
,SE,SZM,Möklinta,Moklinta,U,RL,--3--6--,0901,,6005N 01632E,
,SE,MLE,Mölle,Molle,M,RL,1-3-----,1301,,5617N 01230E,
,SE,MTP,Mölltorp,Molltorp,O,RL,-23-----,0901,,5830N 01424E,
,SE,MLB,Mölnbo,Molnbo,AB,RL,--3-----,1201,,5903N 01725E,
,SE,MND,Mölndal,Molndal,O,RL,--3-----,9501,,,
,SE,MOE,Mölnlycke,Molnlycke,O,AF,-23--6--,0701,,5739N 01208E,
,SE,MON,Mönsterås,Monsteras,H,AA,123-----,1601,,5702N 01626E,
,SE,MOP,Mörarp,Morarp,M,AF,--3-----,8312,,,
,SE,MOR,Mörbylånga,Morbylanga,H,AA,1-------,1601,,5631N 01623E,
,SE,MLD,Mörlunda,Morlunda,H,RL,--3-----,1301,,5719N 01551E,
,SE,MOM,Mörrum,Morrum,K,RL,--3-----,0105,,,
,SE,MOF,Mörtfors,Mortfors,H,RL,--3-----,0207,,5731N 01627E,
,SE,NAC,Nacka,Nacka,AB,RL,--3-----,9307,,,
,SE,NCS,Nacka Strand,Nacka Strand,AB,RN,--3-----,9806,,,
,SE,NOL,Nol (ports),Nol (ports),O,AA,123-----,1601,,5755N 01204E,
,SE,NOA,Nora,Nora,T,RL,--3-----,0105,,,
,SE,NST,Noraström,Norastrom,Y,RL,1-------,1201,,6252N 01802E,
,SE,NBG,Norberg,Norberg,W,RL,--3-----,9501,,,
,SE,NOG,Nordmaling,Nordmaling,AC,AI,1-3-----,0401,,6340N 01925E,
,SE,NHR,Norrahammar,Norrahammar,F,RL,--3-----,9307,,,
,SE,NJA,Norrbottens Järnverk-SSAB,Norrbottens Jarnverk-SSAB,BD,AI,1-------,9704,,,
,SE,NOR,Norrbyskär,Norrbyskar,Y,AF,1-------,8312,,,
,SE,NFD,Norrfjärden,Norrfjarden,BD,RL,--3-----,1301,,6525N 02127E,
,SE,NRH,Norrhult,Norrhult,H,RL,-23-----,0607,,5732N 01552E,
,SE,NRK,Norrköping,Norrkoping,E,AA,1234----,1601,XYK,5836N 01611E,
,SE,NOT,Norrsundet,Norrsundet,X,AA,123-----,1601,,6057N 01708E,
,SE,NOE,Norrtälje,Norrtalje,AB,AA,1-------,1601,,5945N 01843E,
,SE,NRS,Norsborg,Norsborg,D,RL,--3-----,9307,,,
,SE,NSG,Norsborg,Norsborg,AB,RL,--3-----,0701,,5915N 01747E,
,SE,NOJ,Norsjö,Norsjo,AC,RL,--3-----,0501,,6455N 01930E,
,SE,NSO,Nossebro,Nossebro,O,RN,--3-----,9806,,,
,SE,NYB,Nybro,Nybro,H,RL,--3-----,9705,,,
,SE,NYG,Nygård,Nygard,N,RL,--3--6--,1901,,5704N 01214E,
,SE,NHN,Nyhamn,Nyhamn,X,AF,1-------,8312,,,
,SE,NGV,Nykvarn,Nykvarn,AB,RL,--3-----,0201,,5911N 01725E,
,SE,NYO,Nyköping,Nykoping,D,AA,1234----,1601,XWZ,5855N 01710E,
,SE,NYL,Nyland,Nyland,Y,RL,--3-----,1601,,6233N 01655E,
,SE,NML,Nymåla,Nymala,H,RL,--3-----,0201,,5716N 01556E,
,SE,NYM,Nymölla,Nymolla,M,RL,0-------,1301,,,
,SE,NYN,Nynäshamn,Nynashamn,AB,AA,123-----,1601,,5854N 01757E,
,SE,NYP,Nyvarp,Nyvarp,,RL,0-------,9012,,,
,SE,NYV,Nyvång,Nyvang,M,RL,-23-----,0901,,5608N 01254E,
,SE,NAS,Näs,Nas,W,AF,1-------,8312,,,
,SE,NSJ,Nässjö,Nassjo,F,RL,--3-----,9501,XWX,5739N 01442E,
,SE,NSM,Näsum,Nasum,M,RL,--3-----,0901,,5610N 01429E,
,SE,NVK,Näsviken,Nasviken,Y,AF,-23-----,8312,,,
,SE,NTY,Nättraby,Nattraby,K,RL,-23--6--,0701,,5612N 01531E,
,SE,NAV,Nävekvarn,Navekvarn,D,AF,1-------,8312,,,
,SE,NVE,Nävlinge,Navlinge,M,RL,--3--6--,1207,,5604N 01350E,
,SE,NDE,Nödinge,Nodinge,O,RL,--3-----,0105,,,
,SE,OAX,Oaxen,Oaxen,D,AF,1-------,8312,,,
,SE,OBB,Obbola,Obbola,AC,AI,1-------,9704,,,
,SE,OCK,Ockelbo,Ockelbo,X,AF,-23-----,8312,,,
,SE,ODB,Odensbacken,Odensbacken,T,RL,--3-----,0901,,5910N 01532E,
,SE,OLO,Olofström,Olofstrom,K,RN,--3-----,9811,,,
,SE,OLS,Olsfors,Olsfors,O,RL,--3-----,1701,,5742N 01242E,
,SE,NOS,Onsala,Onsala,N,RL,-----6--,1301,,5725N 01201E,
,SE,OYS,Orbyhus,Orbyhus,C,RL,--3-----,0701,,6014N 01742E,
,SE,OFS,Orrefors,Orrefors,H,RL,--3-----,1207,,5650N 01545E,
,SE,ORS,Orsa,Orsa,W,RL,--3-----,9501,,,
,SE,ODO,Orsundsbro,Orsundsbro,C,RL,--3-----,0701,,5944N 01718E,
,SE,ORT,Ortviken,Ortviken,Y,AA,1-------,1601,,6223N 01721E,
,SE,OSB,Osby,Osby,M,RL,--3-----,0307,,5622N 01359E,
,SE,OSK,Oskarshamn,Oskarshamn,H,AA,123-----,1601,,5716N 01626E,
,SE,OSS,Oskarström,Oskarstrom,N,RQ,--3-----,0907,,5648N 01258E,
,SE,OYB,Osterbybruk,Osterbybruk,C,RL,--3-----,0701,,6012N 01754E,
,SE,OTT,Otterbäcken,Otterbacken,O,AA,123-----,1601,,5857N 01402E,
,SE,OVN,Oviken,Oviken,Z,RL,--3-----,0307,,6259N 01424E,
,SE,OXE,Oxelösund,Oxelosund,D,AA,123-----,1601,,5840N 01706E,
,SE,OXI,Oxie,Oxie,M,RL,--3-----,1801,,5532N 01306E,
,SE,PJA,Pajala,Pajala,BD,AI,--3-----,0701,,6712N 02322E,
,SE,PAR,Partille,Partille,O,RL,--3-----,9501,,,
,SE,PHM,Pataholm,Pataholm,H,RL,1-3-----,0901,,5655N 01625E,
,SE,PPK,Perstorp,Perstorp,M,RL,--3-----,9307,,,
,SE,PIT,Piteå,Pitea,BD,AA,123-----,1601,,6520N 02130E,
,SE,PIX,Pixbo/Härryda,Pixbo/Harryda,O,RL,-23-----,0907,,5739N 01205E,
,SE,POR,Porjus,Porjus,BD,RL,--3-----,1801,,6657N 01949E,
,SE,PRP,Påarp,Paarp,M,RL,--3-----,1801,,5602N 01249E,
,SE,PSO,Pålsboda,Palsboda,T,RL,-23--6--,0601,,5904N 01521E,
,SE,PAS,Påskallavik,Paskallavik,H,AF,1-------,8312,,,
,SE,RAG,Ragunda,Ragunda,Z,RL,--3-----,0901,,6304N 01624E,
,SE,RLO,Ramlösa,Ramlosa,M,RL,-----6--,1201,,5101N 01243E,
,SE,RAN,Ramnäs,Ramnas,U,RL,--3-----,9501,,,
,SE,RS8,Ramsele,Ramsele,Y,RL,--3-----,1707,,6333N 01629E,
,SE,RAM,Ramvik,Ramvik,Y,AF,123-----,8312,,,
,SE,RST,Ransta,Ransta,U,RQ,0-------,9012,,,
,SE,REP,Reftele,Reftele,F,RL,--3-----,9307,,,
,SE,RJM,Rejmyre,Rejmyre,E,RL,--3-----,1807,,5850N 01555E,
,SE,RDD,Riddarhyttan,Riddarhyttan,U,RL,-----6--,1901,,5948N 01533E,
,SE,RIM,Rimbo,Rimbo,AB,RL,--3-----,0105,,,
,SE,RMF,Rimforsa,Rimforsa,E,RL,--3-----,1301,,5808N 01540E,
,SE,RIN,Ringhals,Ringhals,N,AA,1-------,1601,,5715N 01205E,
,SE,XXX,RIS Inland waterways,RIS Inland waterways,,AI,0-------,1901,,,
,SE,RBF,Robertsfors,Robertsfors,AC,RQ,--3--6--,1001,,6411N 02051E,
,SE,ROE,Rone,Rone,I,AF,--3-----,8312,,,
,SE,RNH,Ronehamn,Ronehamn,I,AA,1-------,1601,,5710N 01829E,
,SE,RNB,Ronneby,Ronneby,K,AA,1234----,1601,,5612N 01518E,
,SE,RBY,Ronnebyhamn,Ronnebyhamn,K,AA,123-----,1601,,5611N 01518E,
,SE,RBG,Rosenborg,Rosenborg,,RQ,0-------,1901,,5912N 01738E,
,SE,ROF,Rosenfors,Rosenfors,H,RL,--3-----,1301,,5722N 01550E,
,SE,ROS,Rosersberg,Rosersberg,AB,RL,--3-----,9307,,,
,SE,ROT,Rotebro,Rotebro,AB,RL,--3-----,9307,,,
,SE,TTN,Rottne,Rottne,G,RQ,-----6--,1001,,5701N 01454E,
,SE,RNS,Rottneros,Rottneros,S,RL,--3-----,0105,,,
,SE,SZO,Rumskulla,Rumskulla,H,RL,--3--6--,0901,,5740N 01535E,
,SE,RUV,Rundvik,Rundvik,AC,AA,1-3-----,1601,,6332N 01926E,
,SE,RUR,Runmarö,Runmaro,AB,RL,0-------,1301,,,
,SE,RUN,Runsten,Runsten,H,RL,--3-----,9307,,,
,SE,RYZ,Ryd,Ryd,G,RN,--3-----,9811,,,
,SE,RYM,Rydaholm,Rydaholm,F,RL,--3-----,0105,,,
,SE,RWD,Rydboholm,Rydboholm,O,RL,--3-----,1601,,5739N 01253E,
,SE,RYB,Rydebäck,Rydeback,M,RL,--3-----,1407,,5558N 01246E,
,SE,RDB,Rydobruk,Rydobruk,N,RL,--3-----,1501,,5357N 01309E,
,SE,RYD,Rydsgård,Rydsgard,M,RL,--3-----,9307,,,
,SE,RVK,Rättvik,Rattvik,W,RL,--3-----,9501,,,
,SE,RVD,Rävlanda,Ravlanda,O,RL,--3-----,1801,,5739N 01230E,
,SE,RAQ,Rånäs,Ranas,AB,RL,--3-----,1307,,5948N 01817E,
,SE,RAA,Råå,Raa,M,AF,1-------,8312,,,
,SE,RFS,Röfors,Rofors,T,RL,--3-----,1601,,5857N 01437E,
,SE,ROR,Rönnskär,Ronnskar,X,AF,1-------,8312,,,
,SE,ROV,Rönnskärsverken,Ronnskarsverken,X,AF,1-------,8312,,,
,SE,RNG,Rönnäng,Ronnang,O,AA,1-3-----,1601,,5756N 01135E,
,SE,SZP,Rörvik,Rorvik,F,RL,-23--6--,0901,,5714N 01434E,
,SE,SAL,Sala,Sala,U,RL,--3-----,9903,XYX,,
,SE,SMS,Salmis,Salmis,BD,RL,1-------,9811,,,
,SE,STL,Saltkällan,Saltkallan,O,RL,1-3-----,9901,,,
,SE,SBB,Saltsjö-Boo,Saltsjo-Boo,AB,AF,1-------,8312,,,
,SE,SBN,Saltsjöbaden,Saltsjobaden,D,AF,123-----,8312,,,
,SE,SRD,Sandared,Sandared,O,RL,--3-----,1201,,5743N 01247E,
,SE,SAE,Sandarne,Sandarne,X,AI,123-----,9704,,,
,SE,SHT,Sandhult,Sandhult,O,RL,--3--6--,0901,,5746N 01249E,
,SE,SDJ,Sandsjöfors,Sandsjofors,F,RL,--3-----,1601,,5730N 01447E,
,SE,SAK,Sandvik,Sandvik,,AI,1-------,9704,,,
,SE,SAN,Sandviken,Sandviken,X,AF,-23-----,8312,,,
,SE,ANA,Sankt Anna,Sankt Anna,E,RL,--3-----,1301,,5821N 01642E,
,SE,SIB,Sankt Ibb,Sankt Ibb,M,RL,--3-----,1607,,5555N 01241E,
,SE,2SK,Sankt Olof,Sankt Olof,M,RL,--3-----,1607,,5538N 01408E,
,SE,SLT,Segeltorp,Segeltorp,AB,RL,-----6--,1007,,5917N 01756E,
,SE,SNN,Sennan,Sennan,N,RL,--3-----,9307,,,
,SE,SES,Seskarö,Seskaro,BD,AF,1-------,8312,,,
,SE,DRE,Sexdrega,Sexdrega,O,RL,--3-----,1801,,5735N 01307E,
,SE,SBH,Sibbhult,Sibbhult,M,RL,--3-----,1607,,5616N 01412E,
,SE,SK8,Sickla,Sickla,AB,RL,-2------,1307,,5918N 01807E,
,SE,SGT,Sigtuna,Sigtuna,AB,RL,123-----,0207,,5937N 01743E,
,SE,SIK,Sikeå,Sikea,AC,AF,1-------,8312,,,
,SE,SVD,Silverdalen,Silverdalen,H,RL,--3-----,9307,,,
,SE,SL3,Simlangsdalen,Simlangsdalen,N,RL,--3-----,1301,,5643N 01307E,
,SE,SPP,Simpevarp,Simpevarp,H,AA,1-------,1601,,5725N 01640E,
,SE,SIM,Simrishamn,Simrishamn,M,AA,123-----,1601,,5533N 01420E,
,SE,SJP,Sjuntorp,Sjuntorp,O,RL,--3--6--,1201,,5812N 01213E,
,SE,SJV,Själevad,Sjalevad,Y,RL,--3-----,1301,,6318N 01836E,
,SE,SBO,Sjöbo,Sjobo,M,RN,--3-----,9806,,,
,SE,SJB,Sjöbo,Sjobo,M,RL,--3-----,1701,,5538N 01343E,
,SE,SOJ,Sjömarken,Sjomarken,O,RL,--3-----,1307,,5743N 01249E,
,SE,ST2,Sjötorp,Sjotorp,S,RL,--3-----,1007,,5929N 01415E,
,SE,SJO,Sjöviken,Sjoviken,O,RL,--3--6--,1901,,5833N 01115E,
,SE,SGM,Skagshamn,Skagshamn,Y,AA,1-------,1601,,6313N 01901E,
,SE,SKL,Skalhamn,Skalhamn,O,AI,1-------,9704,,,
,SE,SNR,Skanör,Skanor,M,RL,1-3-----,0901,,5525N 01251E,
,SE,SRA,Skara,Skara,O,RL,--3-----,0105,,,
,SE,SPK,Skarpnäck,Skarpnack,AB,RL,--3-----,0701,,5916N 01807E,
,SE,SKT,Skattkärr,Skattkarr,S,AA,1-------,1601,,5925N 01338E,
,SE,KUK,Skebobruk,Skebobruk,AB,RL,--3-----,1207,,5958N 01836E,
,SE,SKE,Skelleftehamn,Skelleftehamn,AC,AA,1-------,1601,,6441N 02114E,
,SE,SFT,Skellefteå,Skelleftea,AC,AA,1234----,1601,,6446N 02057E,
,SE,SKZ,Skene,Skene,O,RL,--3-----,9501,,,
,SE,SPL,Skepplanda,Skepplanda,O,RL,--3--6--,0601,,5759N 01212E,
,SE,SZR,Skeppshult,Skeppshult,F,RL,-23--6--,0901,,5707N 01321E,
,SE,SKI,Skillingaryd,Skillingaryd,F,RL,--3-----,0105,,,
,SE,SSG,Skinnskatteberg,Skinnskatteberg,U,RL,--3-----,0105,,,
,SE,XMN,Skivarp,Skivarp,M,RL,--3-----,1901,,5525N 01334E,
,SE,SJL,Skogen,Skogen,Z,RL,-----6--,1107,,6308N 01621E,
,SE,SKO,Skoghall,Skoghall,S,AA,123-----,1601,,5920N 01326E,
,SE,SGP,Skogstorp/Vingåker,Skogstorp/Vingaker,D,RL,--3-----,0907,,5909N 01555E,
,SE,SGZ,Skogås,Skogas,AB,RN,--3-----,9811,,,
,SE,SKR,Skredsvik,Skredsvik,O,RL,1-3-----,9012,,,
,SE,SUV,Skruv,Skruv,G,RL,--3-----,1307,,5641N 01522E,
,SE,STZ,Skultuna,Skultuna,U,RN,--3-----,9806,,,
,SE,SKU,Skurup,Skurup,M,AF,-23-----,8312,,,
,SE,SKN,Skuthamn,Skuthamn,BD,AF,1-------,8312,,,
,SE,SSR,Skutskär,Skutskar,C,AA,123-----,1601,,6038N 01725E,
,SE,SKY,Skyllberg,Skyllberg,T,RL,--3-----,1601,,5857N 01459E,
,SE,SKG,Skänninge,Skanninge,E,RL,--3-----,9501,,,
,SE,SKB,Skärblacka,Skarblacka,E,AF,123-----,8312,,,
,SE,SKM,Skärhamn,Skarhamn,O,AA,1-3-----,1601,,5759N 01133E,
,SE,SKH,Skärholmen/Stockholm,Skarholmen/Stockholm,AB,RL,--3-----,9307,,,
,SE,SPG,Skärplinge,Skarplinge,C,RL,--3--6--,0601,,6028N 01745E,
,SE,SKF,Skånes Fagerhult,Skanes Fagerhult,M,RL,--3-----,1601,,5622N 01329E,
,SE,SKA,Skåpafors,Skapafors,O,RL,--3-----,9307,,,
,SE,SLL,Sköllersta,Skollersta,T,RL,--3-----,1801,,5909N 01520E,
,SE,SKJ,Sköndal,Skondal,AB,RL,--3-----,1601,,5915N 01807E,
,SE,SKK,Skönvik,Skonvik,Z,AF,--3-----,8312,,,
,SE,SKV,Skövde,Skovde,O,AF,-23-----,8312,,,
,SE,SLI,Slite,Slite,I,AA,1-------,1601,,5743N 01848E,
,SE,SUP,Slutarp,Slutarp,O,RL,--3-----,0901,,5805N 01331E,
,SE,SLG,Slöinge,Sloinge,N,RL,-23-----,0601,,5651N 01241E,
,SE,SME,Smedjebacken,Smedjebacken,W,RL,--3-----,9501,,,
,SE,SMA,Smålandsstenar,Smalandsstenar,F,RL,--3-----,1101,,5710N 01324E,
,SE,SMO,Smögen,Smogen,O,RL,1-3-----,9901,,,
,SE,SBU,Sollebrunn,Sollebrunn,O,RL,--3-----,0701,,5807N 01232E,
,SE,SLF,Sollefteå,Solleftea,Y,RL,--3-----,9903,,,
,SE,SOA,Sollentuna,Sollentuna,AB,RL,--3-----,9501,,,
,SE,SLN,Solna,Solna,AB,RL,--3-----,9705,,,
,SE,SRU,Sorunda,Sorunda,AB,RL,0-------,1301,,5900N 01748E,
,SE,SPH,Sparreholm,Sparreholm,D,RL,-23-----,0901,,5904N 01649E,
,SE,SPR,Sprängsviken,Sprangsviken,Y,AF,123-----,8312,,,
,SE,SPA,Spånga,Spanga,AB,AF,-23-----,8312,,,
,SE,STP,Staffanstorp,Staffanstorp,M,RL,--3-----,9307,,,
,SE,STJ,Stavsjö,Stavsjo,G,RL,1----6--,1201,,5650N 01348E,
,SE,SGB,Stegeborg,Stegeborg,E,RL,0-------,1901,,5826N 01635E,
,SE,SNU,Stenkullen,Stenkullen,O,RL,-23-----,0701,,5747N 01219E,
,SE,SSO,Stensjö,Stensjo,AC,RL,--3-----,9811,,,
,SE,STE,Stenungsund,Stenungsund,O,AA,123-----,1601,,5845N 01149E,
,SE,SIG,Stigen,Stigen,O,RL,--3-----,1007,,5834N 01204E,
,SE,STG,Stigtomta,Stigtomta,D,RL,123-----,0307,,5848N 01647E,
,SE,STI,Stillingsön,Stillingson,O,RL,------7-,1301,,5812N 01151E,
,SE,SJD,Stjärnsund,Stjarnsund,W,RL,--3-----,0701,,6026N 01612E,
,SE,STA,Stocka,Stocka,X,AA,1-------,1601,,6153N 01720E,
,SE,SCM,Stockamöllan,Stockamollan,M,RL,--3-----,1207,,5557N 01322E,
,SE,SRY,Stockaryd,Stockaryd,F,RL,--3-----,0701,,5719N 01435E,
,SE,STO,Stockholm,Stockholm,AB,AA,12345---,1601,,5920N 01803E,
,SE,SUD,Stocksund,Stocksund,AB,AF,1-------,8312,,,
,SE,STK,Stockviksverken,Stockviksverken,Y,AA,1-3-----,1601,,6220N 01721E,
,SE,SHG,Stora Hoga,Stora Hoga,O,RL,--3-----,1207,,5801N 01150E,
,SE,RQT,Stora Levene,Stora Levene,O,RL,--3-----,1407,,5820N 01255E,
,SE,SRB,Stora Raby,Stora Raby,M,RL,--3--6--,1201,,5541N 01313E,
,SE,SSI,Stora Skedvi,Stora Skedvi,W,RL,--3-----,1607,,6024N 01548E,
,SE,STV,Stora Vika,Stora Vika,AB,AF,1-3-----,0401,,5856N 01748E,
,SE,SAA,Storaa,Storaa,T,RQ,--3-----,1001,,5942N 01506E,
,SE,SRW,Storebro,Storebro,H,RL,--3-----,1301,,5735N 01551E,
,SE,SFS,Storfors,Storfors,S,RL,--3-----,0105,,,
,SE,STN,Storlien,Storlien,Z,RL,-23-----,9905,,,
,SE,SUS,Storugns,Storugns,I,AA,1-3-----,1601,,5745N 01849E,
,SE,SMN,Storuman,Storuman,AC,RL,123-----,0901,,6506N 01706E,
,SE,SOK,Storvik,Storvik,X,RL,-23-----,9704,,,
,SE,STQ,Strängnäs,Strangnas,D,AA,123-----,1601,,5923N 01702E,
,SE,KAF,Strå,Stra,I,AA,1-------,1601,,5753N 01901E,
,SE,SBK,Strömsbruk,Stromsbruk,X,RL,--3-----,0901,,6152N 01719E,
,SE,STS,Strömsnäsbruk,Stromsnasbruk,G,AF,--3-----,8312,,,
,SE,SMD,Strömstad,Stromstad,O,AA,123-----,1601,,5856N 01111E,
,SE,SSD,Strömsund,Stromsund,Z,RL,--3-----,0105,,,
,SE,SDS,Studsvik,Studsvik,D,AA,1-------,1601,,5846N 01723E,
,SE,STU,Stugsund,Stugsund,X,AA,123-----,1601,,6118N 01703E,
,SE,STD,Ställdalen,Stalldalen,T,RL,--3-----,9307,,,
,SE,SDE,Stöde,Stode,Y,RL,-23-----,0901,,6225N 01636E,
,SE,SUN,Sund,Sund,,AF,1-------,8312,,,
,SE,SUO,Sundborn,Sundborn,W,RL,--3-----,1407,,6039N 01546E,
,SE,SNY,Sundby,Sundby,D,RL,--3-----,0201,,5926N 01637E,
,SE,SUG,Sundbyberg,Sundbyberg,AB,AF,123-----,8312,,,
,SE,SDK,Sundsbruk,Sundsbruk,Y,RL,123-----,0901,,6227N 01721E,
,SE,SDL,Sundsvall,Sundsvall,Y,AA,1-34----,1601,,6223N 01718E,
,SE,SUE,Sunne,Sunne,S,RL,--3-----,0105,,,
,SE,SUH,Surahammar,Surahammar,U,RL,--3-----,9912,,,
,SE,SUR,Surte,Surte,O,AA,1-3-----,1601,,5749N 01201E,
,SE,SVA,Svalöv,Svalov,M,RL,-23-----,0901,,5555N 01306E,
,SE,VS8,Svaneholm,Svaneholm,O,RL,--3-----,1701,,5737N 01249E,
,SE,SND,Svanesund,Svanesund,O,RL,1-3-----,1201,,5808N 01150E,
,SE,SVX,Svanö,Svano,Y,AF,1-------,8312,,,
,SE,S2N,Svanön,Svanon,Y,RL,0-------,1901,,6254N 01752E,
,SE,SVP,Svappavaara,Svappavaara,BD,RL,--3-----,1307,,6739N 02104E,
,SE,SVK,Svartvik,Svartvik,X,AF,1-------,8312,,,
,SE,SEA,Svedala,Svedala,M,AA,1-3-----,1601,,,
,SE,EVG,Sveg,Sveg,Z,AI,-234----,9601,,,
,SE,SJA,Svenljunga,Svenljunga,O,RL,--3-----,0105,,,
,SE,SBY,Svensbyn,Svensbyn,BD,RL,--3-----,0901,,6518N 02114E,
,SE,SVE,Svenstavik,Svenstavik,Z,RL,-23-----,1901,,6246N 01427E,
,SE,SVI,Svinesund,Svinesund,O,RL,--3----B,0105,,,
,SE,SNA,Svängsta,Svangsta,K,RL,--3-----,0105,,,
,SE,SVO,Svärdsjö,Svardsjo,W,RL,--3-----,9704,,,
,SE,SYS,Sysslebäck,Syssleback,S,RL,--3-----,0105,,,
,SE,SAF,Säffle,Saffle,S,AI,123-----,0207,,5908N 01255E,
,SE,SVS,Säivisnäs,Saivisnas,BD,AA,0-------,1901,,6548N 02334E,
,SE,SL2,Sälen,Salen,W,RL,--3-----,1301,,6109N 01316E,
,SE,SAR,Säter,Sater,W,RL,--3-----,0105,,,
,SE,SZS,Sätila,Satila,O,RL,--3--6--,0901,,5732N 01226E,
,SE,SBV,Sätra Brunn,Satra Brunn,U,RN,--3-----,9811,,,
,SE,SVR,Sävar,Savar,AC,RL,--3-----,0501,,6354N 02034E,
,SE,GO7,Säve,Save,O,RL,--3-----,1301,,5748N 01155E,
,SE,SDA,Sävedalen,Savedalen,O,RL,--3-----,0701,,5743N 01202E,
,SE,SJQ,Sävsjö,Savsjo,F,RN,--3-----,9811,,,
,SE,SAS,Såtenäs,Satenas,O,RL,--3-----,0701,,5826N 01242E,
,SE,SDB,Söderbärke,Soderbarke,W,RL,--3-----,1301,,6005N 01533E,
,SE,SDR,Söderfors,Soderfors,X,RL,--3-----,9705,,,
,SE,SOO,Söderhamn,Soderhamn,X,AI,1234----,9601,,,
,SE,CSA,Söderkulla,Soderkulla,C,RL,--3-----,0901,,6008N 01754E,
,SE,SOG,Söderköping,Soderkoping,E,AF,123-----,1201,,,
,SE,IDJ,Södertälje,Sodertalje,D,RL,--3-----,1607,,5911N 01737E,
,SE,SOE,Södertälje,Sodertalje,AB,AA,123--6--,1601,,5912N 01737E,
,SE,SO3,Söderåkra,Soderakra,H,RL,--3-----,1407,,5627N 01604E,
,SE,SSA,Södra Sandby,Sodra Sandby,M,RL,--3-----,1101,,5543N 01320E,
,SE,SOV,Södra Vi,Sodra Vi,H,RL,--3-----,1101,,5745N 01548E,
,SE,SOD,Södra Vika,Sodra Vika,W,RL,-23-----,0901,,6056N 01431E,
,SE,SOL,Sölvesborg,Solvesborg,K,AA,123-----,1601,XYU,5603N 01433E,
,SE,SOR,Söråker,Soraker,Y,AA,123-----,1601,,6230N 01730E,
,SE,SSL,Sösdala,Sosdala,M,RL,--3-----,9704,,,
,SE,TEG,Taberg,Taberg,F,RQ,--3-----,0101,,,
,SE,TAB,Tandsbyn,Tandsbyn,Z,RL,--3-----,1301,,6300N 01445E,
,SE,TAN,Tanumshede,Tanumshede,O,RN,--3-----,9806,,,
,SE,TNH,Tenhult,Tenhult,F,RL,--3-----,9705,,,
,SE,TIB,Tibro,Tibro,O,AF,-23-----,8312,,,
,SE,TID,Tidaholm,Tidaholm,O,AF,-23-----,8312,,,
,SE,TIE,Tierp,Tierp,C,RL,--3-----,0105,,,
,SE,SZY,Timmele,Timmele,O,RL,--3--6--,0901,,5751N 01326E,
,SE,TIM,Timrå,Timra,Y,RL,--3-----,9912,,,
,SE,TIN,Tingsryd,Tingsryd,G,RL,--3-----,9501,,,
,SE,TJP,Tjörnarp,Tjornarp,M,RL,--3-----,9307,,,
,SE,TBO,Tobo,Tobo,C,RL,-23-----,0601,,6015N 01738E,
,SE,SZX,Tofta,Tofta,I,RL,-----6--,0907,,5731N 01809E,
,SE,TLL,Tollarp,Tollarp,M,RL,--3-----,9705,,,
,SE,TJO,Tollsjo,Tollsjo,O,RQ,--3-----,1001,,5748N 01238E,
,SE,TOM,Tomelilla,Tomelilla,M,AF,-23-----,8312,,,
,SE,TTD,Tomtbod,Tomtbod,I,RL,1-3-----,0607,,5711N 01832E,
,SE,TBA,Tomteboda/Solna,Tomteboda/Solna,AB,RL,-23--6--,0901,,5921N 01801E,
,SE,TOV,Torekov,Torekov,M,AI,1-------,9704,,,
,SE,TTP,Torestorp,Torestorp,O,RL,--3-----,1601,,5727N 01230E,
,SE,RUK,Torpsbruk,Torpsbruk,G,RL,--3-----,1707,,5702N 01435E,
,SE,THR,Torpshammar,Torpshammar,Y,RL,--3-----,0501,,6229N 01620E,
,SE,TSR,Torsaker,Torsaker,Y,RL,--3-----,0701,,6304N 01744E,
,SE,TYF,Torsby,Torsby,S,RL,--34----,9506,,,
,SE,TOA,Torshälla,Torshalla,D,AI,1-3-----,0207,,5925N 01627E,
,SE,TRL,Torslanda,Torslanda,O,RL,0-------,1301,,,
,SE,TVK,Torsvik,Torsvik,F,AF,--3-----,9801,,,
,SE,TOR,Torsås,Torsas,H,RL,--3-----,9501,,,
,SE,TSO,Torsö,Torso,K,RL,--3-----,1301,,5600N 01439E,
,SE,TOP,Torup,Torup,N,RL,--3-----,0105,,,
,SE,TOT,Totebo,Totebo,H,RL,-23-----,0901,,5738N 01612E,
,SE,TAO,Tranemo,Tranemo,O,RN,--3-----,9806,,,
,SE,TGS,Trangsund,Trangsund,AB,RL,-----6--,1201,,5914N 01808E,
,SE,TTS,Transtrand,Transtrand,W,RL,-----6--,1901,,6105N 01319E,
,SE,TNS,Tranås,Tranas,F,RL,--3-----,9501,,,
,SE,TRD,Traryd,Traryd,G,RL,--3-----,9501,,,
,SE,SZU,Trekanten,Trekanten,H,RL,-23--6--,0901,,5642N 01607E,
,SE,TRG,Trelleborg,Trelleborg,M,AA,1-------,1601,,5522N 01310E,
,SE,THN,Trollhättan,Trollhattan,O,AA,1234----,1601,,5816N 01218E,
,SE,TRS,Trosa,Trosa,D,AF,0-------,1301,,,
,SE,TSL,Träslövsläge,Traslovslage,N,AA,1-------,1601,,5703N 01216E,
,SE,TRA,Trångsviken,Trangsviken,Z,AF,-23-----,8312,,,
,SE,TRR,Tråvad,Travad,O,RL,--3-----,9307,,,
,SE,TUG,Tullinge,Tullinge,AB,RL,--3-----,0901,,5912N 01753E,
,SE,TUM,Tumba,Tumba,AB,RL,-23-----,0401,,5912N 01749E,
,SE,TUN,Tunadal,Tunadal,Y,AA,123-----,1601,,6224N 01722E,
,SE,TUL,Tungelsta,Tungelsta,AB,RQ,-23-----,9307,,,
,SE,TVD,Tvaeraalund,Tvaeraalund,AC,RQ,--3-----,1001,,6405N 01940E,
,SE,TK2,Tving,Tving,K,RL,--3-----,1901,,5618N 01527E,
,SE,TVA,Tvååker,Tvaaker,,RL,--3-----,0201,,5702N 01223E,
,SE,TYG,Tygelsjö,Tygelsjo,M,AF,--3-----,8312,,,
,SE,TYN,Tyngsjö,Tyngsjo,W,AF,--3-----,0212,,6018N 01353E,
,SE,TYS,Tyresö,Tyreso,AB,RL,--3-----,9704,,,
,SE,TYR,Tyringe,Tyringe,M,RL,--3-----,0105,,,
,SE,TBY,Täby,Taby,AB,RL,-2------,9705,,,
,SE,TAE,Tärnaby,Tarnaby,AC,RL,--3-----,0105,,,
,SE,TNJ,Tärnsjö,Tarnsjo,U,RL,-----6--,1801,,6009N 01656E,
,SE,TGA,Tågarp,Tagarp,,RQ,--3-----,1001,,5617N 01349E,
,SE,TSB,Tågsjöberg,Tagsjoberg,Y,RL,--3-----,0105,,6339N 01643E,
,SE,TAG,Tångaberg,Tangaberg,N,RQ,--3-----,0101,,,
,SE,TKF,Töcksfors,Tocksfors,S,RL,--3-----,9501,,,
,SE,TOE,Töre,Tore,BD,AA,1-------,1601,,6554N 02239E,
,SE,TOB,Töreboda,Toreboda,O,RL,--3-----,9501,,,
,SE,UKM,Ucklum,Ucklum,O,RL,--3-----,0901,,5805N 01157E,
,SE,UDD,Uddevalla,Uddevalla,O,AA,123-----,1601,,5822N 01156E,
,SE,UGG,Ugglarp,Ugglarp,N,AF,0-------,1301,,,
,SE,UGN,Ulebergshamn,Ulebergshamn,O,RL,1-3-----,9901,,,
,SE,ULF,Ulfvik,Ulfvik,,AF,1-------,8312,,,
,SE,ULD,Ullared,Ullared,N,RL,--3-----,9501,,,
,SE,ULR,Ulricehamn,Ulricehamn,O,RN,--3-----,9806,,,
,SE,UME,Umeå,Umea,AC,AI,1234----,0212,,6350N 02015E,
,SE,USK,Undersaker,Undersaker,Z,RQ,--3--6--,0907,,6320N 01316E,
,SE,UND,Underås,Underas,AB,AA,1-------,1601,,5916N 01732E,
,SE,URD,Unnaryd,Unnaryd,N,RN,--3-----,9811,,,
,SE,UPL,Upplands-Väsby,Upplands-Vasby,AB,RL,--3-----,0212,,5931N 01754E,
,SE,UPP,Uppsala,Uppsala,C,AI,123-----,1207,,5952N 01738E,
,SE,SZV,Urshult,Urshult,G,RL,--3--6--,0901,,5632N 01447E,
,SE,URS,Ursviken,Ursviken,AC,AF,123-----,8312,,,
,SE,UTA,Utansjö,Utansjo,Y,AA,1-------,1601,,,
,SE,VAD,Vadstena,Vadstena,E,RL,--3-----,0105,,,
,SE,VGD,Vaggeryd,Vaggeryd,F,RL,--3-----,9501,,,
,SE,VHD,Vagnhärad,Vagnharad,D,RL,0-------,1301,,,
,SE,VLB,Valbo,Valbo,X,RL,--3-----,9307,,,
,SE,VAK,Valdemarsvik,Valdemarsvik,E,AI,1-------,9704,,,
,SE,VLK,Valla,Valla,D,RL,--3-----,1301,,5901N 01623E,
,SE,VLD,Vallda,Vallda,N,RL,--3-----,1301,,5728N 01200E,
,SE,VTA,Vallentuna,Vallentuna,AB,RL,--3-----,0201,,,
,SE,VAL,Vallvik,Vallvik,X,AA,123-----,1601,,6111N 01711E,
,SE,VSG,Valskog,Valskog,U,RL,--3-----,1307,,5927N 01557E,
,SE,VAO,Vansbro,Vansbro,W,RL,--3-----,0105,,,
,SE,VAX,Vara,Vara,O,RN,--3-----,9806,,,
,SE,VAG,Varberg,Varberg,N,AA,123-----,1601,XWV,,
,SE,VKI,Varekil,Varekil,O,RL,--3-----,1501,,5808N 01142E,
,SE,VGN,Vargön,Vargon,O,AA,123-----,1601,,5822N 01222E,
,SE,VXH,Vaxholm,Vaxholm,AB,RL,1-3-----,0212,,5924N 01820E,
,SE,VBE,Veberöd,Veberod,M,RL,-23-----,1501,,5538N 01329E,
,SE,VED,Veddesta,Veddesta,AB,RL,--3-----,1107,,5924N 01750E,
,SE,VDG,Veddige,Veddige,N,RL,--3-----,1301,,5716N 01219E,
,SE,6VG,Vedum,Vedum,O,RL,--3-----,1601,,5810N 01259E,
,SE,VEL,Vellinge,Vellinge,M,RL,-23-----,1301,,5528N 01302E,
,SE,VDL,Vendelsö,Vendelso,AB,RL,-----6--,1201,,5912N 01812E,
,SE,VER,Verkebäck,Verkeback,H,AI,1-------,9704,,,
,SE,VGE,Vessigebro,Vessigebro,N,RL,--3-----,1501,,5658N 01239E,
,SE,VTL,Vetlanda,Vetlanda,F,RL,--3-----,9501,,,
,SE,VKB,Vikarbyn,Vikarbyn,W,RL,--3-----,1601,,6055N 01501E,
,SE,VKO,Vikbolandet,Vikbolandet,E,RL,--3-----,1301,,5832N 01640E,
,SE,VKN,Viken,Viken,M,RL,--3-----,1501,,5609N 01234E,
,SE,VKT,Vikingstad,Vikingstad,E,RL,--3-----,1607,,5822N 01527E,
,SE,VIK,Vikmanshyttan,Vikmanshyttan,W,RL,--3-----,0105,,,
,SE,VHM,Vilhelmina,Vilhelmina,AC,AI,---4----,0001,,,
,SE,VIM,Vimmerby,Vimmerby,H,RL,--3-----,9903,,,
,SE,VIN,Vindeln,Vindeln,BD,RL,--3-----,9501,,,
,SE,VIA,Vingåker,Vingaker,D,RL,--3-----,0105,,,
,SE,VNG,Vinninga,Vinninga,O,RL,--3-----,1207,,5827N 01316E,
,SE,VIS,Vinslöv,Vinslov,M,RL,--3-----,9501,,,
,SE,VII,Vintrie,Vintrie,M,RL,--3-----,0901,,5533N 01258E,
,SE,VTR,Vintrosa,Vintrosa,T,RL,--3--6--,1207,,5915N 01457E,
,SE,VRT,Virestad,Virestad,G,RL,--3-----,1807,,5637N 01420E,
,SE,VIO,Virsbo Bruk,Virsbo Bruk,U,RL,--3-----,0105,,,
,SE,VIR,Virserum,Virserum,H,RL,--3-----,0105,,,
,SE,VBY,Visby,Visby,I,AA,1234----,1601,,5738N 01818E,
,SE,VKF,Viskafors,Viskafors,O,RL,--3-----,9501,,,
,SE,VLN,Vislanda,Vislanda,G,RL,--3-----,9501,,,
,SE,VTK,Vistträsk,Visttrask,BD,RL,--3-----,0901,,6542N 02039E,
,SE,VIT,Vittaryd,Vittaryd,G,RL,--3-----,9901,,,
,SE,VSJ,Vittsjö,Vittsjo,M,RL,--3-----,9805,,,
,SE,VIV,Vivstavarv,Vivstavarv,X,AI,123-----,9704,,,
,SE,VKR,Vreta Kloster,Vreta Kloster,,RQ,--3-----,1001,,5828N 15030E,
,SE,VSP,Vretstorp,Vretstorp,T,RL,--3-----,0901,,5901N 01452E,
,SE,VRI,Vrigstad,Vrigstad,F,RL,--3-----,1401,,5721N 01428E,
,SE,VGO,Vrångö,Vrango,O,RL,1-3-----,0201,,5734N 01147E,
,SE,VAC,Väckelsång,Vackelsang,G,RL,--3-----,1701,,5638N 01455E,
,SE,VDS,Väderstad,Vaderstad,E,RL,--3-----,9307,,,
,SE,VAJ,Väja,Vaja,Y,AI,123-----,9704,,,
,SE,VAY,Vällingby,Vallingby,AB,RL,--3-----,0212,,5922N 01752E,
,SE,VAN,Vänersborg,Vanersborg,O,AA,123-----,1601,,5822N 01219E,
,SE,VNS,Vännäs,Vannas,AC,RL,-23-----,0901,,6355N 01945E,
,SE,VRM,Värmdö,Varmdo,AB,RL,--3-----,1901,,5922N 01830E,
,SE,VAR,Värnamo,Varnamo,F,AF,-23-----,8312,,,
,SE,VBC,Väröbacka,Varobacka,N,RL,-23-----,0601,,5715N 01211E,
,SE,VSE,Väse,Vase,S,RL,--3-----,1207,,5923N 01350E,
,SE,VHE,Västerhaninge,Vasterhaninge,AB,RL,--3-----,0105,,,
,SE,VLA,Västerlanda,Vasterlanda,O,RN,--3-----,0104,,,
,SE,VVK,Västervik,Vastervik,H,AA,1234----,1601,,5745N 01638E,
,SE,VST,Västerås,Vasteras,U,AA,1234----,1601,,5937N 01633E,
,SE,VFA,Västra Frölunda,Vastra Frolunda,O,RL,--3-----,0212,,5739N 01151E,
,SE,VTH,Västra Tunhem,Vastra Tunhem,O,RL,--3-----,1007,,5818N 01224E,
,SE,VXO,Växjö,Vaxjo,G,AI,-2-4----,9601,,,
,SE,VAA,Vålberg,Valberg,S,AA,1-3-----,1601,,5924N 01310E,
,SE,VRB,Vårby,Varby,AB,AA,1-------,0507,,5915N 01752E,
,SE,VRG,Vårgårda,Vargarda,O,RL,--3-----,9501,,,
,SE,VXT,Våxtorp,Vaxtorp,N,RL,--3-----,9307,,,
,SE,WAL,Wallhamn,Wallhamn,O,AA,1-------,1601,,5801N 01142E,
,SE,YDR,Ydre,Ydre,E,RL,--3-----,1407,,5750N 01516E,
,SE,YNG,Yngsjö,Yngsjo,M,RL,0-------,1301,,5553N 01413E,
,SE,YST,Ystad,Ystad,M,AA,123-----,1601,,5525N 01349E,
,SE,YTT,Ytterfälle/Härnösand,Ytterfalle/Harnosand,Y,RL,--3-----,0907,,6237N 01753E,
,SE,ZGV,Zinkgruvan,Zinkgruvan,E,RL,-23-----,0701,,5849N 01505E,
,SE,AHT,Älghult,Alghult,G,RN,--3-----,9806,,,
,SE,ALM,Älmhult,Almhult,G,RL,--3-----,9501,,,
,SE,AEN,Älvdalen,Alvdalen,W,RL,--3-----,0105,,,
,SE,ALN,Älvenäs,Alvenas,S,AA,1-------,1601,,5923N 01311E,
,SE,SZC,Älvkarleby,Alvkarleby,C,RL,-----6--,0901,,6034N 01727E,
,SE,ABN,Älvsbyn,Alvsbyn,BD,RL,--3-----,0901,,6540N 02100E,
,SE,ALS,Älvsjö/Stockholm,Alvsjo/Stockholm,AB,RL,-23-----,0601,,5916N 01800E,
,SE,AGN,Älvängen,Alvangen,O,RL,123-----,0207,,5757N 01207E,
,SE,ANG,Ängelholm,Angelholm,M,AI,-23-----,1301,,,
,SE,APL,Äppelbo,Appelbo,W,RL,--3-----,0901,,6029N 01400E,
,SE,ASQ,Ärsta,Arsta,Y,RL,--3-----,1301,,6303N 01737E,
,SE,ABI,Åby,Aby,E,RL,--3-----,1207,,5840N 01611E,
,SE,AHU,Åhus,Ahus,M,AA,123-----,1601,,5555N 01417E,
,SE,AKP,Åkarp,Akarp,M,RL,--3--6--,0701,,5539N 01306E,
,SE,AAK,Åkers Styckebruk,Akers Styckebruk,D,RQ,-23-----,9307,,,
,SE,AKA,Åkersberga,Akersberga,AB,RN,--3-----,9806,,,
,SE,AMM,Åmmeberg,Ammeberg,T,RL,--3-----,1301,,5852N 01500E,
,SE,ATF,Åmotfors,Amotfors,S,RL,--3-----,1301,,5946N 01222E,
,SE,AMA,Åmål,Amal,O,AA,123-----,1601,,5903N 01242E,
,SE,AGE,Ånge,Ange,Y,RL,123-----,0601,,6231N 01537E,
,SE,ANN,Ånn,Ann,Z,RL,123-----,0601,,6319N 01232E,
,SE,ARE,Åre,Are,Z,RL,-23-----,0601,,6324N 01306E,
,SE,ARJ,Årjäng,Arjang,O,RL,--3-----,9501,,,
,SE,ARS,Årsta/Stockholm,Arsta/Stockholm,AB,RL,--3-----,1101,,5918N 01803E,
,SE,ARD,Årstadal,Arstadal,AB,RL,--3-----,9307,,,
,SE,AUD,Årsunda,Arsunda,X,RL,--3-----,0901,,6032N 01644E,
,SE,ASB,Åsbro,Asbro,T,RL,-23-----,0901,,5900N 01503E,
,SE,AAS,Åseda,Aseda,F,RL,--3-----,9307,,,
,SE,ADA,Åseda,Aseda,G,RL,--3-----,0901,,5710N 01520E,
,SE,ALE,Åsele,Asele,AC,RL,--3-----,0901,,6410N 01720E,
,SE,ASE,Åsensbruk,Asensbruk,O,RL,--3-----,9307,,,
,SE,ASH,Åshammar,Ashammar,X,RL,-23-----,0601,,6039N 01633E,
,SE,ASK,Åskloster,Askloster,N,RL,--3-----,9307,,,
,SE,AST,Åstorp,Astorp,M,RL,--3-----,9501,,,
,SE,SZA,Åtorp,Atorp,T,RL,-----6--,0901,,5907N 01421E,
,SE,ATV,Åtvidaberg,Atvidaberg,E,RL,-23-----,9307,,,
,SE,OCO,Öckerö,Ockero,O,AI,1-------,9704,,,
,SE,ODE,Ödeshög,Odeshog,E,RL,--3-----,9501,,5813N 01438E,
,SE,ODS,Ödsmål,Odsmal,I,RL,--3-----,1701,,5843N 01129E,
,SE,ODA,Ödåkra,Odakra,M,RL,-23-----,0901,,5606N 01244E,
,SE,OJY,Öjebyn,Ojebyn,BD,RL,-23-----,0901,,6521N 02124E,
,SE,OJS,Öjersjö,Ojersjo,O,RL,--3-----,0901,,5742N 01207E,
,SE,OLM,Ölsremma,Olsremma,O,RL,--3-----,1707,,5737N 01336E,
,SE,OEN,Ön,On,C,AA,1-------,0507,,5928N 01723E,
,SE,OTD,Önnestad,Onnestad,M,RL,--3-----,1301,,5603N 01401E,
,SE,OBY,Örby,Orby,O,RL,--3-----,0901,,5729N 01242E,
,SE,ORB,Örebro,Orebro,T,AI,---4----,9601,,,
,SE,OGR,Öregrund,Oregrund,C,AI,1-------,9704,,,
,SE,ORK,Örkelljunga,Orkelljunga,M,RL,--3-----,9501,,,
,SE,OER,Örnsköldsvik,Ornskoldsvik,Y,AA,1234----,1601,,6318N 01843E,
,SE,ORJ,Örsjö,Orsjo,H,RL,--3-----,1207,,5642N 01545E,
,SE,ORV,Örviken,Orviken,AC,AF,1-------,8312,,,
,SE,OSO,Ösmo,Osmo,AB,RL,0-------,1301,,5858N 01751E,
,SE,OAB,Österhaninge,Osterhaninge,AB,RL,-----6--,1901,,5907N 01810E,
,SE,OSD,Östersund,Ostersund,Z,AI,--34----,9601,,,
,SE,OTV,Östervåla,Ostervala,U,RL,--3-----,0901,,6011N 01711E,
,SE,OSH,Östhammar,Osthammar,C,RL,0-------,1301,,6016N 01822E,
,SE,OTK,Östra Karup,Ostra Karup,M,RL,-----6--,1007,,5625N 01257E,
,SE,OSV,Östra Sönnarslöv,Ostra Sonnarslov,M,RL,--3--6--,0507,,5553N 01401E,
,SE,TRP,Östra Tommarp,Ostra Tommarp,M,RL,--3-----,1801,,5532N 01414E,
,SE,OST,Östrand,Ostrand,X,AA,1-------,1601,,6228N 01719E,
,SE,OVH,Överhörnäs,Overhornas,Y,RL,--3-----,1601,,6317N 01833E,
,SE,OEV,Överkalix,Overkalix,BD,RL,--3-----,0105,,,
,SE,OVL,Överlida,Overlida,O,RL,--3-----,9307,,,
,SE,OVE,Övertorneå,Overtornea,BD,RL,-23----B,0901,,6623N 02340E,
,SE,OEM,Överum,Overum,H,RL,--3-----,0105,,,
