,FI,AVS,Aavasaksa,Aavasaksa,10,AC,--3----B,1307,,,
,FI,AJO,Ajos,Ajos,,RL,1-------,1301,,6540N 02434E,
,FI,LSA,Akaa,Akaa,11,RL,--3-----,1501,,6110N 02352E,
,FI,AJI,Alajärvi,Alajarvi,03,AF,--3-----,1307,,6300N 02348E,
,FI,FAB,Alastaro,Alastaro,19,RL,-----6--,1307,,6057N 02251E,
,FI,ALA,Alavieska,Alavieska,,RL,--3-----,1301,,6410N 02418E,
,FI,ALV,Alavus,Alavus,03,AF,--3-----,1307,,,
,FI,AHL,Alholmen,Alholmen,,RL,1-------,0901,,6342N 02242E,
,FI,ANK,Anjala,Anjala,09,AA,--3-----,1601,,6041N 02650E,
,FI,ANJ,Anjalankoski,Anjalankoski,,RL,--3-----,1401,,6045N 02649E,
,FI,ANT,Antskog,Antskog,18,RL,--3-----,1307,,6009N 02334E,
,FI,ATL,Anttila Oy,Anttila Oy,17,RL,--3-----,1401,,6129N 02345E,
,FI,ATT,Anttola,Anttola,04,AA,--3-----,1801,,6135N 02739E,
,FI,KRI,Arkkukari,Arkkukari,15,RL,--3-----,1901,,6436N 02424E,
,FI,AOK,Arrakoski,Arrakoski,16,RL,--3-----,1307,,6124N 02511E,
,FI,AKK,Asikkala,Asikkala,04,RL,1----6--,1307,,6203N 02826E,
,FI,AUR,Aura,Aura,19,RL,-23-----,1307,,6036N 02233E,
,FI,BAR,Baronsalmi,Baronsalmi,,RL,1-------,1107,,5958N 02352E,
,FI,BEN,Bennäs,Bennas,12,RQ,--3-----,1307,,6336N 02248E,
,FI,swe_PIR,Birkala (Pirkkala),Birkala (Pirkkala),11,AC,--34---B,1307,,6128N 02338E,
,FI,BJO,Björkholma,Bjorkholma,12,RL,--3-----,1401,,6320N 02243E,
,FI,swe_POR,Björneborg (Pori),Bjorneborg (Pori),17,AI,1-34----,1307,,6129N 02148E,
,FI,swe_PRV,Borgå (Porvoo),Borga (Porvoo),18,AI,1-------,1307,,6024N 02540E,
,FI,BOS,Bosund,Bosund,12,RL,--3-----,1307,,6349N 02252E,
,FI,swe_RAA,Brahestad (Raahe),Brahestad (Raahe),14,AI,1-------,1307,,6441N 02429E,
,FI,BRO,Bromarv,Bromarv,18,RL,1-3-----,1307,,5959N 02302E,
,FI,BRA,Brändö,Brando,01,AF,1-------,1307,,6025N 02103E,
,FI,BAS,Bäcksbacka,Backsbacka,12,RL,--3-----,1401,,6327N 02307E,
,FI,DAK,Dagsmark,Dagsmark,12,RL,--3-----,1307,,6214N 02138E,
,FI,swe_DLS,Dalsbruk (Taalintehdas),Dalsbruk (Taalintehdas),19,AI,1-------,1307,,6001N 02231E,
,FI,DEG,Degerby,Degerby,18,RL,1-3-----,1307,,6006N 02411E,
,FI,DRA,Dragsfjärd,Dragsfjard,19,AF,1-------,1307,,6004N 02228E,
,FI,ECK,Eckerö,Eckero,01,AC,1------B,1307,,6013N 01937E,
,FI,EER,Eerikkilä,Eerikkila,13,RL,--3-----,1707,,6239N 03007E,
,FI,swe_TAI,Ekenäs (Tammisaari),Ekenas (Tammisaari),18,AI,1-------,1307,,5958N 02326E,
,FI,ELK,Elimaki,Elimaki,09,RL,--3-----,1501,,6043N 02628E,
,FI,EM2,Elämäjärvi,Elamajarvi,08,RL,1-3-----,1401,,6329N 02540E,
,FI,ENO,Eno,Eno,13,RL,--3-----,1307,,6248N 03009E,
,FI,ENK,Enonkoski,Enonkoski,04,AF,1-3-----,1307,,6205N 02855E,
,FI,swe_ENF,Enontekis (Enontekiö),Enontekis (Enontekio),10,AF,---4----,1307,,6823N 02338E,
,FI,ENF,Enontekiö (Enontekis),Enontekio (Enontekis),10,AF,---4----,1307,,6823N 02338E,
,FI,ERV,Ervasto,Ervasto,19,RL,--3-----,1307,,6008N 02304E,
,FI,swe_ESP,Esbo (Espoo),Esbo (Espoo),18,AI,1-3--6--,1401,,6012N 02439E,
,FI,ES2,Espoo,Espoo,18,RL,--3-----,1407,,6013N 02440E,
,FI,ESP,Espoo (Esbo),Espoo (Esbo),18,AI,1-3--6--,1401,,6012N 02439E,
,FI,EUA,Eura,Eura,17,RL,--3-----,1307,,6108N 02209E,
,FI,EJO,Eurajoki (Euraåminne),Eurajoki (Euraaminne),17,AI,1-------,1307,,6112N 02144E,
,FI,swe_EJO,Euraåminne (Eurajoki),Euraaminne (Eurajoki),17,AI,1-------,1307,,6112N 02144E,
,FI,EVJ,Evijärvi,Evijarvi,03,RL,--3-----,1307,,6322N 02329E,
,FI,SAR,Finby (Särkisalo),Finby (Sarkisalo),18,QQ,1-3-----,1307,,6006N 02256E,
,FI,FSO,Finström,Finstrom,01,RL,--3-----,1401,,6016N 01956E,
,FI,FAD,Fiskars,Fiskars,18,RL,-----6--,1307,,6008N 02333E,
,FI,FSF,Forssa,Forssa,06,AC,--3-----,1307,QVE,6049N 02337E,
,FI,swe_HMN,Fredrikshamn (Hamina),Fredrikshamn (Hamina),09,AI,1-------,1307,QVZ,6034N 02712E,
,FI,FAR,Färjsundet,Farjsundet,01,AI,1-------,1307,,6014N 02001E,
,FI,FOG,Föglö,Foglo,01,AF,1-------,1307,,6001N 02025E,
,FI,FOR,Förby,Forby,19,AF,1-------,1307,,,
,FI,GAM,Gammelby,Gammelby,18,RL,--3-----,1307,,6029N 02553E,
,FI,GDB,Gottby (Godby),Gottby (Godby),01,AF,1-------,1307,,6008N 01950E,
,FI,swe_KIN,Grankulla (Kauniainen),Grankulla (Kauniainen),18,RL,--3-----,1307,,,
,FI,GUL,Gullö,Gullo,18,AF,1-3-----,1307,,5957N 02325E,
,FI,swe_KUS,Gustavs (Kustavi),Gustavs (Kustavi),19,AI,1-------,1307,,,
,FI,HAA,Haapajärvi,Haapajarvi,14,AF,--3-----,1307,,6345N 02519E,
,FI,HAP,Haapamäki,Haapamaki,,RL,--3-----,1201,,6215N 02427E,
,FI,HPS,Haapavesi,Haapavesi,14,RL,--3-----,1401,,6408N 02522E,
,FI,HAJ,Haarajärvi,Haarajarvi,13,RL,--3-----,1307,,6211N 03011E,
,FI,KOL,Haikola,Haikola,14,RL,--3-----,1307,,6354N 02432E,
,FI,HAO,Hailuoto,Hailuoto,14,AF,1-------,1307,,6500N 02450E,
,FI,HAK,Hakkola,Hakkola,03,RL,1-3-----,1307,,6223N 02243E,
,FI,HLK,Halikko,Halikko,19,RL,--3-----,1307,,,
,FI,HLI,Halli,Halli,08,RQ,--3-----,1307,,6152N 02450E,
,FI,HAL,Halonen,Halonen,10,RL,1-3-----,1307,,6641N 02730E,
,FI,LHO,Halosenlahti,Halosenlahti,,RL,1-------,1107,,6514N 02519E,
,FI,HLA,Haluna,Haluna,15,RL,-23--6--,1307,,6308N 02800E,
,FI,HMN,Hamina (Fredrikshamn),Hamina (Fredrikshamn),09,AI,1-------,1307,QVZ,6034N 02712E,
,FI,swe_HKO,Hangö (Hanko),Hango (Hanko),18,AI,1-------,1307,,,
,FI,HKM,Hankasalmi,Hankasalmi,08,RL,-23-----,1307,,6223N 02626E,
,FI,HKO,Hanko (Hangö),Hanko (Hango),18,AI,1-------,1307,,,
,FI,HRJ,Harjavalta,Harjavalta,17,AF,--3-----,1307,,,
,FI,HJM,Harjumaa,Harjumaa,,RL,--3-----,1301,,6149N 02703E,
+,FI,HJS,Harjunsalmi,Harjunsalmi,19,AA,--3-----,1907,,6140N 02517E,
,FI,HTL,Hartola,Hartola,,RL,--3-----,1301,,6109N 02631E,
,FI,HRT,Hartola/Kymenlaakso,Hartola/Kymenlaakso,09,RL,--3-----,1401,,6109N 02631E,
,FI,HTO,Hartola/Paijat-Hame,Hartola/Paijat-Hame,16,RL,--3-----,1401,,6135N 02601E,
,FI,HAR,Harvaluoto,Harvaluoto,01,RL,1-------,1307,,6022N 02028E,
,FI,HLJ,Harviala,Harviala,,RL,--3-----,1301,,6057N 02435E,
,FI,HAT,Hattula,Hattula,06,RL,--3-----,1401,,6104N 02423E,
,FI,HHO,Hauho,Hauho,06,RL,--3-----,1307,,6110N 02432E,
,FI,HAU,Haukipudas,Haukipudas,14,AF,1-------,1307,,,
,FI,HAI,Haukivuori,Haukivuori,04,RL,-----6--,1307,,6201N 02713E,
,FI,HJI,Hausjärvi,Hausjarvi,06,RL,-23-----,1307,,6047N 02456E,
,FI,HEI,Heinavaara,Heinavaara,13,RL,--3-----,1401,,6233N 03010E,
,FI,HEA,Heinola,Heinola,16,AF,--3-----,1307,QVV,6112N 02602E,
,FI,swe_HEL,Helsingfors (Helsinki),Helsingfors (Helsinki),18,AI,1-------,1401,,,
,FI,HEL,Helsinki (Helsingfors),Helsinki (Helsingfors),18,AI,1-------,1401,,,
,FI,HER,Herrala,Herrala,15,RL,--3-----,1701,,6229N 02715E,
,FI,HVA,Hervanta,Hervanta,11,RL,--3-----,1307,,6125N 02352E,
,FI,HIT,Hiitinen,Hiitinen,,RL,1-------,1107,,5953N 02230E,
,FI,HIK,Hikiä,Hikia,06,RL,--3-----,1307,,6045N 02455E,
,FI,HIM,Himanka,Himanka,,RL,1-3-----,1301,,6404N 02339E,
,FI,HMA,Himankakylä,Himankakyla,07,RL,1-3-----,1307,,6410N 02342E,
,FI,HIJ,Hinnerjoki,Hinnerjoki,17,RL,--3-----,1307,,6059N 02157E,
,FI,HVM,Hirvensalmi,Hirvensalmi,,RL,1-3-----,1301,,6138N 02648E,
,FI,HVH,Hirvihaara,Hirvihaara,18,RL,--3-----,1307,,6037N 02514E,
,FI,HOJ,Holjakka,Holjakka,13,RL,--3-----,1307,,6329N 02926E,
,FI,HOL,Hollola,Hollola,16,AF,--3-----,1607,,6103N 02526E,
,FI,LSH,Honkajoki,Honkajoki,17,RL,-----6--,1401,,6159N 02216E,
+,FI,HON,Honkakoski,Honkakoski,19,AA,--3-----,1907,,6145N 02208E,
,FI,HOU,Houtskari (Houtskär),Houtskari (Houtskar),19,AI,1-------,1401,,6013N 02123E,
,FI,swe_HOU,Houtskär (Houtskari),Houtskar (Houtskari),19,AI,1-------,1401,,6013N 02123E,
,FI,HUN,Huittinen,Huittinen,17,AF,--3-----,1401,,6111N 02242E,
,FI,HUM,Humppila,Humppila,06,RL,-23--6--,1307,,6056N 02322E,
,FI,HPF,Huutjarvi,Huutjarvi,09,AA,--3-----,1601,,6028N 02645E,
,FI,HYR,Hyrylä,Hyryla,18,AF,--3-----,1401,,,
,FI,swe_HYV,Hyvinge (Hyvinkää),Hyvinge (Hyvinkaa),18,AF,--3-----,1401,,6038N 02452E,
,FI,HYV,Hyvinkää (Hyvinge),Hyvinkaa (Hyvinge),18,AF,--3-----,1401,,6038N 02452E,
,FI,HLL,Hällnäs,Hallnas,12,RL,--3-----,1307,,6315N 02214E,
,FI,HKY,Hämeenkyrö (Tavastkyro),Hameenkyro (Tavastkyro),11,RL,--3-----,1307,,6138N 02312E,
,FI,HMY,Hämeenlinna (Tavastehus),Hameenlinna (Tavastehus),06,AC,--3-----,1307,QVM,,
,FI,HRM,Härmä,Harma,14,RL,--3-----,1807,,6314N 02252E,
,FI,swe_KRK,Högfors (Karkkila),Hogfors (Karkkila),18,AF,--3-----,1401,QVF,6032N 02411E,
,FI,HOG,Högsåra,Hogsara,19,RL,1-3-----,1307,,5957N 02222E,
,FI,swe_IIS,Idensalmi (Iisalmi),Idensalmi (Iisalmi),15,AC,123-----,1307,,6333N 02711E,
+,FI,IHO,Ihode,Ihode,19,AA,--3-----,1907,,6059N 02136E,
,FI,IIO,Ii,Ii,14,RL,--3-----,1501,,6519N 02522E,
,FI,IIS,Iisalmi (Idensalmi),Iisalmi (Idensalmi),15,AC,123-----,1307,,6333N 02711E,
,FI,IIV,Iisvesi,Iisvesi,15,RL,--3-----,1307,,6240N 02702E,
,FI,IIT,Iittala,Iittala,06,AA,--3-----,1607,,6107N 02410E,
,FI,ITI,Iitti,Iitti,09,RL,--3-----,1307,,6052N 02623E,
,FI,IKA,Ikaalinen (Ikalis),Ikaalinen (Ikalis),11,AF,--3-----,1307,,6146N 02304E,
,FI,IKK,Ikkala,Ikkala,19,RL,--3-----,1307,,6029N 02407E,
,FI,IJK,Ilmajoki,Ilmajoki,03,AF,--3-----,1401,,6244N 02234E,
,FI,ILO,Ilomantsi (Ilomants),Ilomantsi (Ilomants),13,RL,--3-----,1307,,6240N 03056E,
,FI,ILV,Ilvesjoki,Ilvesjoki,03,RL,--3-----,1307,,6220N 02243E,
,FI,IMA,Imatra,Imatra,02,AC,123----B,1307,,6110N 02845E,
,FI,INA,Inari,Inari,,RL,--3-----,0901,,6854N 02710E,
,FI,IGY,Ingermaninkylä (Ingermansby),Ingermaninkyla (Ingermansby),18,RL,--3-----,1401,,6037N 02609E,
,FI,swe_INK,Ingå (Inkoo),Inga (Inkoo),18,AI,1-------,1401,,,
,FI,INI,Iniö,Inio,19,AF,1-------,1401,,6024N 02124E,
,FI,IKR,Inkeroinen,Inkeroinen,09,RL,--3-----,1307,,6042N 02651E,
,FI,INK,Inkoo (Ingå),Inkoo (Inga),18,AI,1-------,1401,,,
,FI,ISN,Isnäs,Isnas,18,AF,1-------,1401,,,
,FI,ISO,Isojoki,Isojoki,03,RL,--3-----,1307,,6207N 02158E,
,FI,ISK,Isokyro,Isokyro,12,AA,--3-----,1601,,6300N 02219E,
,FI,IVL,Ivalo,Ivalo,10,AC,--34----,1401,,6839N 02736E,
,FI,JLA,Jaala,Jaala,09,RL,--3-----,1307,,6103N 02628E,
,FI,swe_PRS,Jakobstad (Pietarsaari),Jakobstad (Pietarsaari),12,AI,123-----,1307,,6341N 02247E,
,FI,JJV,Jalasjärvi,Jalasjarvi,03,RL,--3-----,1307,,6230N 02245E,
+,FI,JAM,Jaminkipohja,Jaminkipohja,19,AA,--3-----,1907,,6154N 02407E,
,FI,JAN,Janakkala,Janakkala,06,RL,1-------,1307,,6054N 02436E,
,FI,swe_JPA,Jeppo (Jepua),Jeppo (Jepua),12,AF,--3-----,1401,,6324N 02237E,
,FI,JPA,Jepua (Jeppo),Jepua (Jeppo),12,AF,--3-----,1401,,6324N 02237E,
,FI,JOE,Joensuu,Joensuu,13,AC,1234----,1307,,6236N 02946E,
,FI,JKA,Jokela,Jokela,15,RQ,--3-----,1401,,,
,FI,JOK,Jokioinen,Jokioinen,06,RL,-23-----,1307,,6049N 02327E,
,FI,JOR,Jormua,Jormua,,RL,--3-----,1301,,6419N 02752E,
,FI,JOI,Joroinen,Joroinen,04,AA,--3-----,1801,,6211N 02750E,
,FI,RVA,Jorvas,Jorvas,18,RL,-23-----,1307,,6008N 02431E,
,FI,JSA,Joutsa,Joutsa,08,RL,--3-----,1307,,6144N 02607E,
,FI,JOU,Joutseno,Joutseno,02,AF,123-----,1307,,6106N 02829E,
,FI,JKS,Juankoski,Juankoski,,RL,--3-----,1301,,6304N 02821E,
,FI,JRV,Jurva,Jurva,03,AF,--3-----,1401,,6241N 02159E,
,FI,JUS,Jussaro,Jussaro,,RL,1-------,1107,,5949N 02334E,
,FI,JUK,Juuka,Juuka,13,RQ,1----6--,1307,,6314N 02915E,
,FI,JUU,Juupajoki,Juupajoki,11,AA,--3-----,1601,,6147N 02427E,
,FI,JVA,Juva,Juva,04,RQ,--3-----,1307,,6153N 02751E,
,FI,JYK,Jyskä,Jyska,08,RL,--3-----,1307,,6214N 02550E,
,FI,JYV,Jyväskylä,Jyvaskyla,08,AC,1234----,1307,,6215N 02544E,
,FI,JMV,Jämijärvi,Jamijarvi,17,RL,--3-----,1307,,6149N 02242E,
,FI,JMS,Jämsä,Jamsa,07,RL,--3-----,1401,,,
,FI,JSK,Jämsänkoski,Jamsankoski,08,AF,--3-----,1401,,6155N 02511E,
,FI,JAR,Järvelä,Jarvela,10,RL,-----6--,1307,,6923N 02739E,
,FI,JVP,Järvenpää (Träskända),Jarvenpaa (Traskanda),18,AF,--3-----,1401,,6014N 02442E,
,FI,KRV,Kaaresuvanto,Kaaresuvanto,10,AC,--3----B,1307,,6827N 02230E,
,FI,KAA,Kaarina (Sankt Karins),Kaarina (Sankt Karins),19,AF,--3-----,1401,,6025N 02225E,
,FI,KPN,Kaipiainen,Kaipiainen,,RL,-23-----,0201,,6054N 02707E,
,FI,KPL,Kaipola,Kaipola,04,RL,123-----,1307,,6149N 02513E,
,FI,KAJ,Kajaani (Kajana),Kajaani (Kajana),05,AC,-234----,1401,,6414N 02741E,
,FI,swe_KAJ,Kajana (Kajaani),Kajana (Kajaani),05,AC,-234----,1401,,6414N 02741E,
,FI,KJO,Kalajoki,Kalajoki,14,AF,1-------,1401,,6415N 02357E,
,FI,KLT,Kalanti,Kalanti,19,RL,-23-----,1307,,6049N 02134E,
,FI,KAL,Kalkkiranta (Kalkstrand),Kalkkiranta (Kalkstrand),18,RL,--3-----,1401,,6015N 02523E,
,FI,swe_KAL,Kalkstrand (Kalkkiranta),Kalkstrand (Kalkkiranta),18,RL,--3-----,1401,,6015N 02523E,
,FI,KK5,Kalliola,Kalliola,04,RL,1-3-----,1401,,6105N 02538E,
,FI,KLV,Kallviken,Kallviken,,RL,1-------,1107,,6022N 02627E,
,FI,KSA,Kangasala,Kangasala,11,RL,--3-----,1401,,6128N 02405E,
,FI,KGI,Kangasniemi,Kangasniemi,,RL,--3-----,1301,,6159N 02638E,
,FI,KNP,Kankaanpää,Kankaanpaa,03,AC,-23-----,1401,,,
,FI,KNN,Kannonkoski,Kannonkoski,,RL,--3-----,1301,,6258N 02515E,
,FI,KNS,Kannus,Kannus,07,AF,--3-----,1307,,6354N 02355E,
,FI,KAN,Kantlax (Kaitalahti),Kantlax (Kaitalahti),12,RL,1-3-----,1307,,6145N 02343E,
,FI,KNT,Kantvik,Kantvik,18,AF,1-------,1401,,6005N 02423E,
+,FI,NKI,Kanunki,Kanunki,19,AA,--3-----,1907,,6033N 02318E,
,FI,KUL,Karhula,Karhula,09,AF,--3-----,1401,,,
,FI,KAI,Karigasniemi,Karigasniemi,10,AC,--3----B,1401,,6924N 02550E,
,FI,KRJ,Karijoki (Bötom),Karijoki (Botom),03,RL,--3-----,1401,,6218N 02142E,
,FI,swe_KJA,Karis (Karjaa),Karis (Karjaa),18,AF,--3-----,1401,,6005N 02340E,
,FI,KJA,Karjaa (Karis),Karjaa (Karis),18,AF,--3-----,1401,,6005N 02340E,
,FI,KRK,Karkkila (Högfors),Karkkila (Hogfors),18,AF,--3-----,1401,QVF,6032N 02411E,
,FI,swe_KOK,Karleby (Kokkola),Karleby (Kokkola),07,AI,123-----,1307,,6350N 02307E,
,FI,KAR,Karstula,Karstula,08,RL,--3-----,1307,,6253N 02447E,
,FI,KR2,Karvala,Karvala,,RL,--3-----,1301,,6308N 02333E,
,FI,KAV,Karvio,Karvio,04,RQ,--3-----,1307,,6230N 02839E,
,FI,KAS,Kaskinen (Kaskö),Kaskinen (Kasko),19,AI,1-------,1401,,6037N 02153E,
,FI,swe_KAS,Kaskö (Kaskinen),Kasko (Kaskinen),19,AI,1-------,1401,,6037N 02153E,
,FI,KSN,Kasnäs,Kasnas,19,AA,1-------,1801,,5955N 02224E,
,FI,KHJ,Kauhajoki,Kauhajoki,03,AI,---4----,1401,,6226N 02211E,
,FI,KAU,Kauhava,Kauhava,03,AF,---4----,1401,,6306N 02305E,
,FI,KIN,Kauniainen (Grankulla),Kauniainen (Grankulla),18,RL,--3-----,1307,,,
,FI,KSL,Kausala,Kausala,09,RL,--3-----,1401,,6054N 02622E,
,FI,KST,Kaustinen (Kaustby),Kaustinen (Kaustby),07,RQ,--3-----,1307,,6332N 02341E,
,FI,UTT,Kauttua,Kauttua,17,RL,--3-----,1307,,6107N 02206E,
,FI,KUV,Kauvatsa,Kauvatsa,17,RL,--3-----,1307,,6120N 02230E,
,FI,KEI,Keikyä,Keikya,11,RL,--3-----,1307,,6116N 02242E,
,FI,KIE,Keitele,Keitele,15,RL,--3-----,1307,,6311N 02622E,
,FI,KKK,Kellokoski,Kellokoski,18,AA,--3-----,1601,,6033N 02524E,
,FI,swe_KEM,Kemi/Torneå (Kemi/Tornio),Kemi/Tornea (Kemi/Tornio),10,AI,1-34----,1307,,6544N 02434E,
,FI,KEM,Kemi/Tornio (Kemi/Torneå),Kemi/Tornio (Kemi/Tornea),10,AI,1-34----,1307,,6544N 02434E,
,FI,KJI,Kemijärvi,Kemijarvi,10,AF,--3-----,1401,,6640N 02725E,
,FI,KMM,Keminmaa,Keminmaa,10,RQ,--3-----,1307,,6548N 02432E,
,FI,KIM,Kemiö (Kimito),Kemio (Kimito),19,AI,1-------,1401,,6010N 02245E,
,FI,KLE,Kempele,Kempele,14,RL,-23-----,1307,,6455N 02529E,
,FI,KER,Kerava (Kervo),Kerava (Kervo),18,AF,--3-----,1401,,6024N 02507E,
,FI,swe_KER,Kervo (Kerava),Kervo (Kerava),18,AF,--3-----,1401,,6024N 02507E,
,FI,KES,Kesälahti,Kesalahti,13,RL,123-----,1307,,6153N 02950E,
,FI,KEU,Keuruu,Keuruu,08,AF,--3-----,1401,,6216N 02442E,
,FI,KIH,Kihniö,Kihnio,11,RL,--3-----,1307,,6211N 02310E,
,FI,FAE,Kiikala,Kiikala,19,RL,-----6--,1307,,6028N 02334E,
,FI,KII,Kiistala,Kiistala,10,RL,--3-----,1701,,6752N 02520E,
,FI,KNK,Killinkoski,Killinkoski,11,RL,--3-----,1307,,6224N 02353E,
,FI,SKV,Kilpilahti (Sköldvik),Kilpilahti (Skoldvik),18,AI,1-------,1401,,6018N 02533E,
,FI,KIL,Kilpisjärvi,Kilpisjarvi,10,AC,--3----B,1401,,6903N 02048E,
,FI,swe_KIM,Kimito (Kemiö),Kimito (Kemio),19,AI,1-------,1401,,6010N 02245E,
,FI,FAF,Kintaus,Kintaus,08,RL,-----6--,1307,,6216N 02519E,
,FI,KIJ,Kirjala,Kirjala,19,RL,--3-----,1307,,6022N 02222E,
,FI,KKI,Kirkkonummi,Kirkkonummi,18,AF,--3-----,1307,,6007N 02426E,
,FI,KIR,Kirkniemi,Kirkniemi,18,RL,1-3-----,1401,,6010N 02357E,
,FI,KTQ,Kitee,Kitee,13,AF,1--4----,1307,,6206N 03007E,
,FI,KTT,Kittilä,Kittila,10,AF,---4----,1401,,6740N 02454E,
,FI,KVI,Kiuruvesi,Kiuruvesi,15,AF,--3-----,1401,,6339N 02637E,
,FI,KIV,Kivilompolo,Kivilompolo,10,AC,--3----B,1401,,6618N 02416E,
,FI,KLA,Klamila,Klamila,09,RL,1-3-----,1307,,6031N 02728E,
,FI,KLU,Klaukkala,Klaukkala,18,RL,--3-----,1401,,6023N 02445E,
,FI,KVL,Koivulahti,Koivulahti,15,RQ,-----6--,1307,,6302N 02647E,
,FI,KOJ,Kojonkulma,Kojonkulma,19,RL,1-------,1401,,6057N 02259E,
,FI,KMI,Kokemäki,Kokemaki,17,AF,--3-----,1401,,6115N 02221E,
,FI,KOK,Kokkola (Karleby),Kokkola (Karleby),07,AI,123-----,1307,,6350N 02307E,
,FI,KLI,Kolari,Kolari,10,AC,--3----B,1401,,6720N 02348E,
,FI,KLH,Kolho,Kolho,11,RL,-23-----,1307,,6208N 02431E,
,FI,KON,Kontiolahti,Kontiolahti,13,RL,--3-----,1701,,6246N 02951E,
,FI,KK4,Koria,Koria,09,AA,--3-----,1601,,6050N 02636E,
,FI,KMU,Kormu,Kormu,06,RQ,--3-----,1307,,6044N 02439E,
,FI,KPH,Korpilahti (Korplax),Korpilahti (Korplax),07,RL,--3-----,1307,,6352N 02314E,
,FI,swe_KOR,Korpo (Korppoo),Korpo (Korppoo),19,AI,1-------,1401,,6010N 02134E,
,FI,KOR,Korppoo (Korpo),Korppoo (Korpo),19,AI,1-------,1401,,6010N 02134E,
,FI,KHO,Korsholm/Mustasaari,Korsholm/Mustasaari,12,RQ,--3-----,1307,,6307N 02143E,
,FI,KKV,Koskenkorva,Koskenkorva,03,RL,1----6--,1307,,6241N 02228E,
,FI,KKP,Koskenpää,Koskenpaa,08,RL,--3-----,1307,,6205N 02509E,
,FI,KHT,Koski Tl,Koski Tl,19,AA,--3-----,1601,,6039N 02308E,
,FI,KTK,Kotka,Kotka,09,AC,123----B,1401,,6028N 02655E,
,FI,KOU,Koura,Koura,03,AA,--3-----,1601,,6243N 02306E,
,FI,KU7,Kouvala,Kouvala,06,AA,--3-----,1601,,6058N 02415E,
,FI,KVO,Kouvola,Kouvola,09,AC,-23-----,1401,UTI,,
,FI,KVH,Koverhaara (Koverhar),Koverhaara (Koverhar),18,AI,1-------,1401,,5952N 02313E,
,FI,swe_KVH,Koverhar (Koverhaara),Koverhar (Koverhaara),18,AI,1-------,1401,,5952N 02313E,
,FI,KRS,Kristiinankaupunki (Kristinestad),Kristiinankaupunki (Kristinestad),12,AI,1-------,1401,,6217N 02123E,
,FI,swe_KRS,Kristinestad (Kristiinankaupunki),Kristinestad (Kristiinankaupunki),12,AI,1-------,1401,,6217N 02123E,
,FI,KRO,Kronvik,Kronvik,12,AF,1-------,1401,,6304N 02131E,
+,FI,KRU,Kruunupyy,Kruunupyy,14,AA,--3-----,1907,,6343N 02302E,
,FI,KUH,Kuhmo,Kuhmo,05,AF,--3-----,1401,,6408N 02931E,
,FI,SPJ,Kuivasalmi,Kuivasalmi,13,RL,--3-----,1307,,6317N 02950E,
,FI,KUP,Kulho,Kulho,13,AA,--3-----,1607,,6237N 02955E,
,FI,KLO,Kulloo (Kullo),Kulloo (Kullo),18,RL,--3-----,1307,,6021N 02530E,
,FI,KUM,Kumlinge,Kumlinge,01,AF,1-------,1307,,6016N 02047E,
,FI,KUO,Kuopio,Kuopio,15,AC,1234----,1307,,6253N 02741E,
,FI,KEV,Kuorevesi,Kuorevesi,11,AI,---4----,1401,,6151N 02447E,
,FI,KRT,Kuortane,Kuortane,03,AF,--3-----,1401,,6248N 02330E,
,FI,KJK,Kurejoki,Kurejoki,,RL,--3-----,1301,,6300N 02345E,
,FI,KKA,Kurikka,Kurikka,03,RQ,--3-----,1307,,6237N 02225E,
,FI,KUR,Kuru,Kuru,11,RL,1-3-----,1307,,6152N 02344E,
,FI,KUS,Kustavi (Gustavs),Kustavi (Gustavs),19,AI,1-------,1307,,,
,FI,KAO,Kuusamo,Kuusamo,14,AC,--34---B,1401,,6558N 02911E,
,FI,KSI,Kuusankoski,Kuusankoski,09,AF,--3-----,1401,,6054N 02638E,
,FI,KYP,Kylanpää,Kylanpaa,12,RL,--3--6--,1401,,6254N 02205E,
,FI,KYL,Kylmäkoski,Kylmakoski,11,RL,--3-----,1307,,6110N 02341E,
,FI,KMS,Kymenlaakso,Kymenlaakso,09,RL,-----6--,1307,,6030N 02700E,
,FI,YRO,Kyro,Kyro,19,RQ,-----6--,1307,,6042N 02245E,
,FI,KKO,Kyröskoski,Kyroskoski,11,RL,--3-----,1307,,6140N 02311E,
,FI,KSK,Kärsämäki,Karsamaki,14,AF,--3-----,1401,,6358N 02546E,
,FI,KBY,Kållby (Kolppi),Kallby (Kolppi),12,RL,-23-----,1307,,6337N 02252E,
,FI,KKR,Kökar,Kokar,01,AF,1-------,1307,,5956N 02053E,
,FI,KYO,Köyliö,Koylio,17,RL,--3-----,1401,,6107N 02221E,
,FI,LAA,Laajasalo,Laajasalo,18,RQ,--3-----,1307,,6010N 02502E,
,FI,LHI,Lahti (Lahtis),Lahti (Lahtis),16,AC,-23-----,1401,QLF,6059N 02539E,
,FI,swe_LHI,Lahtis (Lahti),Lahtis (Lahti),16,AC,-23-----,1401,QLF,6059N 02539E,
,FI,ALH,Laihia,Laihia,12,RL,--3-----,1407,,6258N 02201E,
,FI,LAI,Laitila,Laitila,19,AF,--3-----,1307,,6052N 04140E,
,FI,LAK,Lakulahti,Lakulahti,,RL,1-------,1107,,6031N 02710E,
,FI,LAM,Lammi,Lammi,09,RL,--3-----,1401,,,
,FI,LLO,Lapaluoto,Lapaluoto,14,RL,1-3-----,1307,,6440N 02426E,
,FI,LLA,Lapinlahti,Lapinlahti,15,RL,-23-----,1307,,6322N 02724E,
,FI,LPJ,Lappajärvi,Lappajarvi,,RL,1-------,1107,,6312N 02338E,
,FI,LPE,Lappböle,Lappbole,18,RL,--3-----,1501,,6013N 02427E,
,FI,LPP,Lappeenranta (Villmanstrand),Lappeenranta (Villmanstrand),02,AC,1234---B,1307,,6103N 02811E,
,FI,LPI,Lappi,Lappi,14,AF,--3-----,1401,,,
,FI,LAP,Lappohja (Lappvik),Lappohja (Lappvik),18,AI,1-------,1401,,5954N 02315E,
,FI,swe_LAP,Lappvik (Lappohja),Lappvik (Lappohja),18,AI,1-------,1401,,5954N 02315E,
,FI,LPA,Lapua (Lappo),Lapua (Lappo),03,AF,--3-----,1307,,6258N 02303E,
,FI,LTT,Lapväärtti,Lapvaartti,12,RL,--3-----,1307,,6215N 02132E,
,FI,LAR,Larsmo,Larsmo,,RL,--3-----,1301,,6345N 02248E,
,FI,LAU,Lauhala,Lauhala,17,RL,--3-----,1307,,6205N 02215E,
,FI,LUK,Laukaa,Laukaa,08,RL,123--6--,1307,,6225N 02557E,
,FI,LKO,Laukkoski,Laukkoski,18,RL,--3-----,1307,,6027N 02523E,
,FI,AAI,Lautiosaari,Lautiosaari,10,RL,--3-----,1707,,6548N 02435E,
,FI,LHT,Lehtimäki,Lehtimaki,10,RL,--3-----,1307,,6247N 02355E,
,FI,LEI,Leivonmäki,Leivonmaki,08,RL,--3-----,1307,,6155N 02607E,
,FI,LEM,Lemi,Lemi,02,AA,--3-----,1601,,6103N 02748E,
,FI,LPL,Lempäälä,Lempaala,11,AF,--3-----,1307,,6119N 02345E,
,FI,ZXQ,Leppakoski,Leppakoski,06,RL,--3-----,1501,,6051N 02422E,
,FI,LPV,Leppävirta,Leppavirta,,RL,--3-----,1301,,6229N 02747E,
,FI,FAG,Lestijärvi,Lestijarvi,07,RL,-----6--,1307,,6232N 02439E,
,FI,LIK,Lieksa,Lieksa,13,AF,--3-----,1401,,6319N 03001E,
,FI,LLX,Lielax,Lielax,19,RL,1-------,1307,,6019N 02224E,
,FI,LEO,Lieto,Lieto,19,RL,--3-----,1401,,6030N 02227E,
,FI,LLJ,Liljendal,Liljendal,18,RL,--3-----,1401,,6034N 02603E,
,FI,L8K,Liminka,Liminka,14,RL,--3-----,1501,,6449N 02524E,
,FI,LSK,Lindkoski,Lindkoski,18,RL,1----6--,1401,,6038N 02616E,
,FI,LPF,Linnankyla,Linnankyla,11,AA,--3-----,1601,,6207N 02302E,
,FI,LVU,Linnavuori,Linnavuori,11,RL,--3-----,1307,,6130N 02322E,
,FI,LON,Littoinen,Littoinen,19,RL,-23-----,1307,,6026N 02224E,
,FI,LHJ,Lohja (Lojo),Lohja (Lojo),18,AF,--3-----,1401,,6015N 02405E,
,FI,LMA,Loimaa,Loimaa,19,AF,--3-----,1401,QZJ,6052N 02259E,
,FI,swe_LHJ,Lojo (Lohja),Lojo (Lohja),18,AF,--3-----,1401,,6015N 02405E,
,FI,LOV,Loviisa (Lovisa),Loviisa (Lovisa),18,AI,1-------,1401,QKI,6027N 02614E,
,FI,swe_LOV,Lovisa (Loviisa),Lovisa (Loviisa),18,AI,1-------,1401,QKI,6027N 02614E,
,FI,LHK,Luhtajoki,Luhtajoki,13,AF,--3-----,1401,,,
,FI,LUI,Luikonlahti,Luikonlahti,,RL,--3-----,1301,,6255N 02839E,
,FI,UHI,Luoma-aho,Luoma-aho,03,RL,--3-----,1307,,6305N 02351E,
,FI,SLF,Luopioinen,Luopioinen,11,AA,--3-----,1601,,6122N 02440E,
,FI,LUA,Luumäki,Luumaki,02,RL,123-----,1307,,6055N 02740E,
,FI,LUV,Luvia,Luvia,17,AF,1-------,1401,,6121N 02137E,
,FI,LMI,Längelmäki,Langelmaki,11,RL,-23-----,1307,,6141N 02441E,
,FI,LAN,Långnäs,Langnas,01,AC,1------B,1401,,,
,FI,LVB,Lövböle,Lovbole,19,RL,1-------,1401,,6009N 02233E,
,FI,MLX,Maalahti (Malax),Maalahti (Malax),12,RL,--3--6--,1307,,6256N 02134E,
,FI,MAA,Maaninka,Maaninka,15,AF,1-3-----,1307,,6309N 02718E,
,FI,MTA,Maantiekylä,Maantiekyla,18,RL,--3-----,1307,,6020N 02500E,
,FI,MHQ,Maarianhamina (Mariehamn),Maarianhamina (Mariehamn),01,AI,1--4----,1307,,6006N 01957E,
,FI,MAX,Maksamaa (Maxmo),Maksamaa (Maxmo),12,RL,--3-----,1307,,6312N 02202E,
,FI,swe_MLX,Malax (Maalahti),Malax (Maalahti),12,RL,--3--6--,1307,,6256N 02134E,
,FI,MMG,Malmgård,Malmgard,18,RL,--3-----,1307,,6033N 02557E,
,FI,MMI,Malmi,Malmi,18,RL,-23-----,1307,,6015N 02500E,
,FI,swe_MHQ,Mariehamn (Maarianhamina),Mariehamn (Maarianhamina),01,AI,1--4----,1307,,6006N 01957E,
,FI,MKI,Marinkainen,Marinkainen,07,RL,--3-----,1307,,6356N 02325E,
,FI,MRS,Marsund,Marsund,01,RL,1-3-----,1307,,6012N 01942E,
,FI,MTI,Marttila,Marttila,,RL,--3-----,1301,,6035N 02254E,
,FI,MBY,Masaby (Masala),Masaby (Masala),18,RL,-23--6--,1307,,6009N 02432E,
,FI,MAS,Masku,Masku,19,AF,--3-----,1401,,6034N 02206E,
,FI,MAT,Mattilanpera,Mattilanpera,14,RL,--3-----,1307,,6435N 02438E,
,FI,swe_MAX,Maxmo (Maksamaa),Maxmo (Maksamaa),12,RL,--3-----,1307,,6312N 02202E,
,FI,FAH,Mellilä,Mellila,19,RL,-----6--,1307,,6046N 02255E,
,FI,MEN,Menkijärvi,Menkijarvi,03,AA,---4----,1801,,6257N 02334E,
,FI,MER,Merikarvia (Sastmola),Merikarvia (Sastmola),17,AF,1-------,1401,,6151N 02130E,
,FI,M7T,Merimasku,Merimasku,19,RL,--3-----,1407,,6029N 02152E,
,FI,MKY,Metsäkylä,Metsakyla,11,RQ,--3-----,1307,,6134N 02330E,
,FI,MKA,Miehikkälä,Miehikkala,09,RL,--3-----,1401,,6040N 02742E,
,FI,MIE,Mietoinen,Mietoinen,19,RQ,--3-----,1307,,6038N 02156E,
,FI,MIK,Mikkeli (Sankt Michel),Mikkeli (Sankt Michel),04,AC,1234----,1307,,6141N 02716E,
,FI,MJO,Mjösund,Mjosund,19,RL,--3-----,1307,,6012N 02227E,
,FI,MJL,Muijala,Muijala,18,RL,-23-----,1307,,6017N 02411E,
,FI,MUL,Multia,Multia,08,RQ,1-------,1401,,6225N 02447E,
,FI,MUN,Munsala,Munsala,12,RQ,1-------,1307,,6329N 02220E,
,FI,MUO,Muonio,Muonio,10,AC,--3----B,1401,,6757N 02342E,
,FI,MSS,Mussalo,Mussalo,19,RQ,--3-----,1307,,6032N 02133E,
,FI,MST,Mustio,Mustio,18,AA,--3-----,1601,,6010N 02350E,
,FI,MUS,Mustola,Mustola,02,RL,1-------,1401,,6104N 02818E,
,FI,MRE,Muurame,Muurame,08,RL,--3-----,1307,,6208N 02540E,
,FI,MKL,Muurikkala,Muurikkala,09,RL,--3-----,1307,,6040N 02753E,
,FI,MRL,Muurla,Muurla,19,AF,--3-----,1401,,6021N 02317E,
,FI,MRV,Muuruvesi,Muuruvesi,15,RQ,--3-----,1307,,6301N 02812E,
,FI,MYL,Myllykoski,Myllykoski,09,RL,-23-----,1401,,6047N 02648E,
+,FI,MYN,Mynamaki,Mynamaki,19,AA,--3-----,1907,,6040N 02200E,
,FI,MAK,Mäkelä,Makela,01,RQ,--3-----,1401,,,
,FI,MNT,Mäntsälä,Mantsala,18,RL,--3-----,1307,,6038N 02519E,
,FI,MAN,Mänttä,Mantta,11,AF,--3-----,1401,,6202N 02438E,
,FI,MHU,Mäntyharju,Mantyharju,04,RL,-23-----,1307,,6125N 02653E,
,FI,MTY,Mäntyluoto,Mantyluoto,17,RL,123-----,1307,,6135N 02129E,
,FI,NLI,Naantali (Nådendal),Naantali (Nadendal),19,AI,1-------,1401,,6027N 02202E,
,FI,NAJ,Naarajärvi,Naarajarvi,04,RL,-23-----,1307,,6217N 02705E,
,FI,swe_NAU,Nagu (Nauvo),Nagu (Nauvo),19,AI,1-------,1401,,6011N 02155E,
,FI,NKK,Nakkila,Nakkila,17,AF,--3-----,1401,,6122N 02200E,
,FI,NST,Nastola,Nastola,16,AF,--3-----,1401,,6057N 02556E,
,FI,NAU,Nauvo (Nagu),Nauvo (Nagu),19,AI,1-------,1401,,6011N 02155E,
,FI,NDT,Nedervetil,Nedervetil,12,RL,-----6--,1307,,6342N 02320E,
,FI,NVT,Neuvoton,Neuvoton,09,AA,--3-----,1801,,6032N 02730E,
,FI,NII,Niirala,Niirala,15,AF,-23----B,1401,,6232N 02740E,
,FI,NLS,Nilsia,Nilsia,15,RL,1-------,1307,,6312N 02850E,
,FI,NVA,Nivala,Nivala,14,AF,--3-----,1307,,6354N 02457E,
,FI,NOK,Nokia,Nokia,11,AF,--3-----,1401,,6128N 02330E,
,FI,NOU,Nousiainen (Nousis),Nousiainen (Nousis),19,RL,1-3-----,1307,,6036N 02205E,
,FI,NUI,Nuijamaa,Nuijamaa,02,AF,--3----B,1401,,6058N 02832E,
,FI,NKA,Nukari,Nukari,18,RQ,--3-----,1307,,6032N 02455E,
,FI,NML,Nummela,Nummela,18,RL,-23-----,1307,,6019N 02419E,
,FI,NRM,Nuoramoinen,Nuoramoinen,,RL,--3-----,1301,,6127N 02550E,
,FI,NUR,Nurmes,Nurmes,13,AF,123-----,1307,,6332N 02910E,
,FI,NJI,Nurmijärvi,Nurmijarvi,18,AF,--3-----,1307,,6027N 02248E,
,FI,NRO,Nurmo,Nurmo,03,RL,-23-----,1307,,6250N 02254E,
,FI,NUU,Nuutajärvi,Nuutajarvi,11,AF,--3-----,1401,,6103N 02326E,
,FI,NYH,Nyhem,Nyhem,18,RL,--3-----,1307,,6003N 02253E,
,FI,swe_UKP,Nykarleby (Uusikaarlepyy),Nykarleby (Uusikaarlepyy),12,AI,1-------,1401,,6332N 02232E,
,FI,swe_SVL,Nyslott (Savonlinna),Nyslott (Savonlinna),04,AC,1234----,1307,,6152N 02854E,
,FI,swe_UKI,Nystad (Uusikaupunki),Nystad (Uusikaupunki),19,AI,1-------,1401,,6048N 02125E,
,FI,swe_NRP,Närpes (Närpiö),Narpes (Narpio),12,AF,--3-----,1401,,6228N 02120E,
,FI,NRP,Närpiö (Närpes),Narpio (Narpes),12,AF,--3-----,1401,,6228N 02120E,
,FI,swe_NLI,Nådendal (Naantali),Nadendal (Naantali),19,AI,1-------,1401,,6027N 02202E,
,FI,ODE,Odensö,Odenso,18,RL,--3-----,1307,,5955N 02323E,
,FI,OTH,Ohtola,Ohtola,11,AA,--3-----,1601,,6125N 02359E,
,FI,OTI,Oitti,Oitti,06,RL,--3-----,1401,,6047N 02502E,
,FI,FAI,Ojakkala,Ojakkala,18,RL,-----6--,1307,,6022N 02423E,
,FI,OLK,Olkiluoto,Olkiluoto,17,RL,1-------,1307,,6114N 02129E,
+,FI,ORA,Oravikoski,Oravikoski,13,AA,--3-----,1907,,6234N 02736E,
,FI,OMA,Orimattila,Orimattila,16,AF,--3-----,1401,,6048N 02545E,
,FI,OIP,Oripää,Oripaa,19,AF,--3-----,1401,,6051N 02241E,
,FI,ORV,Orivesi,Orivesi,11,RL,--3-----,1401,,6141N 02421E,
,FI,OTA,Otanmäki,Otanmaki,05,RL,-23-----,1401,,6407N 02706E,
,FI,STV,Otava,Otava,04,RQ,-----6--,1307,,6139N 02704E,
,FI,OLA,Oulainen,Oulainen,14,RL,-23-----,1401,,6416N 02448E,
,FI,OUL,Oulu (Uleåborg),Oulu (Uleaborg),14,AI,1234----,1307,,6501N 02528E,
,FI,OPP,Oulunsalo,Oulunsalo,14,RL,--3-----,1701,,6456N 02525E,
,FI,OUK,Outokumpu,Outokumpu,13,AF,--3-----,1401,,6244N 02901E,
+,FI,PKK,Paakkila,Paakkila,13,AA,--3-----,1907,,6247N 02839E,
,FI,PJO,Padasjoki,Padasjoki,16,RL,--3-----,1307,,6121N 02517E,
,FI,PAI,Paimio (Pemar),Paimio (Pemar),19,RL,--3-----,1401,,6027N 02241E,
,FI,PKA,Palkane,Palkane,11,RL,--3-----,1401,,6120N 02416E,
,FI,PLA,Palokka,Palokka,08,RQ,--3--6--,1307,,6217N 02542E,
,FI,OUN,Paltamo,Paltamo,,RL,--3-----,1301,,6425N 02750E,
,FI,PAR,Parainen (Pargas),Parainen (Pargas),19,AI,1-------,1401,,6018N 02218E,
,FI,swe_PAR,Pargas (Parainen),Pargas (Parainen),19,AI,1-------,1401,,6018N 02218E,
,FI,PAH,Parhalahti,Parhalahti,14,RL,1----6--,1307,,6429N 02420E,
,FI,PRK,Parikkala,Parikkala,02,RL,123-----,1401,,6133N 02930E,
,FI,PAO,Parkano,Parkano,11,AF,--3-----,1401,,6201N 02301E,
,FI,PAA,Parola,Parola,06,RL,1-3-----,1401,,6102N 02421E,
,FI,PNI,Pateniemi,Pateniemi,10,RL,--3-----,1307,,6503N 02524E,
,FI,PTK,Pattijoki,Pattijoki,14,RL,--3-----,1707,,6441N 02441E,
,FI,PKO,Pekola,Pekola,05,RL,--3-----,1401,,6421N 02837E,
,FI,PLK,Pelkosenniemi,Pelkosenniemi,15,RL,--3-----,1807,,6706N 02730E,
,FI,PLL,Pello,Pello,10,AC,--3----B,1401,,6647N 02355E,
,FI,PEL,Peltosalmi,Peltosalmi,15,AF,--3-----,1401,,6332N 02715E,
,FI,PNL,Pennala,Pennala,13,RQ,1-------,1401,,,
,FI,PER,Pernaja (Pernå),Pernaja (Perna),18,AI,1-------,1401,,6027N 02603E,
,FI,PNO,Perniö (Bjärnå),Pernio (Bjarna),19,RL,-23-----,1401,,6012N 02308E,
,FI,swe_PER,Pernå (Pernaja),Perna (Pernaja),18,AI,1-------,1401,,6027N 02603E,
,FI,PTI,Pertteli,Pertteli,19,RL,-----6--,1401,,6026N 02316E,
,FI,ZBQ,Perttula,Perttula,18,RL,1-3-----,1401,,6027N 02442E,
,FI,PEI,Peräseinäjoki,Peraseinajoki,,RL,--3-----,1301,,6234N 02304E,
,FI,PTU,Petkula,Petkula,10,RL,--3-----,1307,,6740N 02641E,
,FI,PET,Petolahti,Petolahti,19,RL,--3-----,1307,,6250N 02125E,
,FI,PSM,Pieksämäki,Pieksamaki,04,AF,--3-----,1401,,6218N 02708E,
,FI,PRS,Pietarsaari (Jakobstad),Pietarsaari (Jakobstad),12,AI,123-----,1307,,6341N 02247E,
,FI,PT2,Pihtipudas,Pihtipudas,08,RL,1-3-----,1401,,6323N 02534E,
,FI,PK9,Piikkiö,Piikkio,19,RL,1----6--,1307,,6026N 02231E,
,FI,PSP,Piispajärvi,Piispajarvi,14,RL,--3-----,1307,,6518N 02906E,
,FI,PII,Piispanristi,Piispanristi,19,RL,--3-----,1307,,6025N 02220E,
,FI,PIK,Pikkala,Pikkala,18,RL,--3-----,1401,,6005N 02418E,
,FI,PKR,Pikkarala,Pikkarala,14,RQ,--3-----,1307,,6455N 02545E,
,FI,PPF,Pinsio,Pinsio,11,AA,--3-----,1601,,6134N 02326E,
,FI,PIA,Pirkanmaa,Pirkanmaa,,RL,-----6--,1201,,6142N 02347E,
,FI,PIR,Pirkkala (Birkala),Pirkkala (Birkala),11,AC,--34---B,1307,,6128N 02338E,
,FI,PJA,Pohja,Pohja,11,AA,--3-----,1601,,6129N 02442E,
,FI,POH,Pohjankuru (Skuru),Pohjankuru (Skuru),18,AF,1-------,1401,,6007N 02333E,
,FI,PSI,Poitsila,Poitsila,09,RL,123-----,1401,,6033N 02710E,
,FI,PMU,Pomarkku,Pomarkku,17,RL,-23-----,1307,,6142N 02200E,
,FI,POR,Pori (Björneborg),Pori (Bjorneborg),17,AI,1-34----,1307,,6129N 02148E,
,FI,POA,Porkkala (Porkala),Porkkala (Porkala),18,AF,--3-----,1401,,5959N 02426E,
,FI,PRV,Porvoo (Borgå),Porvoo (Borga),18,AI,1-------,1307,,6024N 02540E,
,FI,PO5,Posio,Posio,10,RL,--3-----,1501,,6606N 02809E,
,FI,PUD,Pudasjärvi,Pudasjarvi,14,RL,--3-----,1307,,6520N 02700E,
,FI,PHS,Puhos,Puhos,14,RQ,--3-----,1307,,6519N 02747E,
,FI,PUH,Puhos,Puhos,13,RQ,1-------,1307,,6206N 02955E,
,FI,PUL,Pulkkila,Pulkkila,14,AA,--3-----,1601,,6416N 02552E,
+,FI,PUN,Punkaharju,Punkaharju,13,AA,--3-----,1907,,6148N 02924E,
,FI,PK8,Punkalaidun,Punkalaidun,17,RL,--3-----,1501,,6107N 02306E,
,FI,PTA,Puntala,Puntala,02,RQ,--3-----,1307,,6116N 02859E,
,FI,PUU,Puumala,Puumala,04,AF,1-------,1401,,,
,FI,HTA,Pyhtää (Pyttis),Pyhtaa (Pyttis),09,RL,--3-----,1401,,6029N 02632E,
,FI,PHA,Pyhäntä,Pyhanta,14,RL,--3-----,1401,,6406N 02619E,
,FI,PYH,Pyhäranta,Pyharanta,19,AF,--3-----,1401,,,
,FI,PYI,Pyhäsalmi,Pyhasalmi,14,AF,--3-----,1401,,6341N 02359E,
,FI,PNN,Pännäinen,Pannainen,12,RQ,--3--6--,1307,,6336N 02248E,
,FI,TIL,Pöppölä,Poppola,10,RL,--3-----,1307,,6435N 02710E,
,FI,RAA,Raahe (Brahestad),Raahe (Brahestad),14,AI,1-------,1307,,6441N 02429E,
,FI,RAH,Rahja,Rahja,14,RL,--3-----,1307,,6412N 02345E,
,FI,RAO,Raisio,Raisio,19,AF,--3-----,1401,,6029N 02211E,
,FI,RAJ,Rajajooseppi,Rajajooseppi,10,AC,--3----B,1401,,6828N 02829E,
,FI,RJM,Rajamäki,Rajamaki,18,RL,-23-----,1401,,6032N 02444E,
+,FI,RNT,Rantasalmi,Rantasalmi,13,AA,--3-----,1907,,6204N 02818E,
,FI,RTY,Rantatoysa,Rantatoysa,03,RL,--3-----,1401,,6238N 02339E,
,FI,RAN,Ranua,Ranua,10,AA,--3-----,1601,,6555N 02632E,
,FI,ETA,Raseborg,Raseborg,18,RL,--3-----,1307,,5959N 02339E,
,FI,ROU,Rauha,Rauha,02,RL,--3-----,1401,,6111N 02841E,
,FI,RAU,Rauma (Raumo),Rauma (Raumo),17,AC,123----B,1401,,6108N 02130E,
,FI,swe_RAU,Raumo (Rauma),Raumo (Rauma),17,AC,123----B,1401,,6108N 02130E,
,FI,RLI,Rautalampi,Rautalampi,15,RL,--3-----,1307,,6237N 02649E,
,FI,RTR,Rautaruukki,Rautaruukki,14,AF,1-------,1307,,6439N 02425E,
,FI,RJL,Reijola,Reijola,18,AA,--3-----,1601,,6232N 02950E,
,FI,RJV,Reisjärvi,Reisjarvi,14,AA,--3-----,1601,,6337N 02454E,
,FI,RKO,Renko,Renko,06,RL,--3-----,1401,,6054N 02417E,
,FI,PLT,Replot,Replot,12,RL,-----6--,1307,,6315N 02125E,
,FI,REP,Reposaari,Reposaari,,RL,1-3-----,1301,,6137N 02127E,
,FI,RII,Riihikoski,Riihikoski,19,RL,--3-----,1401,,6043N 02236E,
,FI,RIA,Riihimäki,Riihimaki,06,AF,--3-----,1401,QVT,6045N 02446E,
,FI,swe_RYM,Rimito (Rymättylä),Rimito (Rymattyla),19,AF,1-------,1401,,6022N 02157E,
,FI,RIS,Ristiina,Ristiina,04,AF,1-------,1401,,6130N 02716E,
,FI,RTL,Ritola,Ritola,03,AA,--3-----,1601,,6244N 02239E,
,FI,RHU,Rouhu,Rouhu,,RL,1-------,0901,,6032N 02140E,
,FI,RVN,Rovaniemi,Rovaniemi,10,AC,1234----,1401,,6630N 02543E,
,FI,RAI,Ruokolahti,Ruokolahti,02,AA,--3-----,1601,,6117N 02850E,
,FI,ROO,Ruotila,Ruotila,09,RL,--3-----,1401,,6042N 02703E,
,FI,RUO,Ruotsinpyhtää (Strömfors),Ruotsinpyhtaa (Stromfors),18,AF,1-------,1401,,6032N 02627E,
,FI,RUI,Ruovesi,Ruovesi,11,RL,1-3-----,1401,,6159N 02405E,
,FI,RSO,Rusko,Rusko,19,RL,--3-----,1401,,6032N 02212E,
,FI,RUU,Ruukki,Ruukki,14,RL,-23-----,1307,,6439N 02505E,
,FI,RYM,Rymättylä (Rimito),Rymattyla (Rimito),19,AF,1-------,1401,,6022N 02157E,
,FI,RYT,Ryttylä,Ryttyla,06,RL,--3-----,1401,,6049N 02446E,
,FI,RKA,Röykkä,Roykka,16,RL,--3-----,1901,,6029N 02439E,
,FI,ROY,Röyttä,Roytta,,RL,1-------,0901,,6545N 02410E,
,FI,SKS,Saaksjärvi,Saaksjarvi,18,RL,--3-----,1401,,6035N 02525E,
,FI,SAI,Saarijärvi,Saarijarvi,03,AF,--3-----,1307,,6242N 02515E,
,FI,SLO,Sailonen,Sailonen,06,RQ,--3-----,1401,,6057N 02452E,
,FI,SLL,Salla,Salla,10,AC,--3----B,1307,,6650N 02840E,
,FI,SAL,Salo,Salo,19,AF,1-------,1401,QVD,,
,FI,SPK,Salpakangas,Salpakangas,18,RL,--3-----,1401,,,
,FI,SJI,Sammaljoki,Sammaljoki,11,RL,--3-----,1401,,6114N 02308E,
,FI,SAN,Sandö (Santasaari),Sando (Santasaari),19,RL,1-3-----,1307,,6013N 02230E,
,FI,swe_KAA,Sankt Karins (Kaarina),Sankt Karins (Kaarina),19,AF,--3-----,1401,,6025N 02225E,
,FI,swe_MIK,Sankt Michel (Mikkeli),Sankt Michel (Mikkeli),04,AC,1234----,1307,,6141N 02716E,
,FI,SAS,Sastamala,Sastamala,,RL,--3-----,0901,,6121N 02251E,
,FI,swe_MER,Sastmola (Merikarvia),Sastmola (Merikarvia),17,AF,1-------,1401,,6151N 02130E,
,FI,SAU,Saukkola,Saukkola,08,RQ,--3-----,1307,,6211N 02528E,
,FI,SKL,Saukkola,Saukkola,18,RL,--3-----,1401,,6023N 02359E,
,FI,FAA,Sauvo,Sauvo,19,RL,-----6--,1307,,6021N 02242E,
,FI,SPE,Savitaipale,Savitaipale,02,RL,--3-----,1401,,6112N 02742E,
,FI,SVL,Savonlinna (Nyslott),Savonlinna (Nyslott),04,AC,1234----,1307,,6152N 02854E,
,FI,KO8,Saynatsalo,Saynatsalo,08,AA,--3-----,1601,,6208N 02546E,
,FI,SJY,Seinäjoki,Seinajoki,03,AC,-234----,1401,,,
,FI,STA,Seutula (Sjöskog),Seutula (Sjoskog),18,RL,--3-----,1401,,6021N 02452E,
,FI,swe_SIP,Sibbo (Sipoo),Sibbo (Sipoo),18,AI,1-------,1401,,6022N 02516E,
,FI,YSE,Sievi,Sievi,14,RL,--3-----,1401,,6354N 02430E,
+,FI,SIK,Siikainen,Siikainen,19,AA,--3-----,1907,,6152N 02150E,
,FI,SII,Siilinjärvi,Siilinjarvi,15,AF,123-----,1307,,6305N 02740E,
,FI,SYY,Siipyy (Sideby),Siipyy (Sideby),12,RL,--3-----,1401,,6202N 02120E,
,FI,SLY,Siltakylä (Broby),Siltakyla (Broby),09,RL,1-3-----,1401,,6030N 02645E,
,FI,SIM,Simpele,Simpele,02,RL,--3-----,1401,,6126N 02922E,
,FI,SIP,Sipoo (Sibbo),Sipoo (Sibbo),18,AI,1-------,1401,,6022N 02516E,
,FI,SNI,Siuntio,Siuntio,18,RL,-23--6--,1401,,6011N 02412E,
,FI,SIO,Siuro,Siuro,11,RL,--3-----,1401,,6128N 02321E,
,FI,SKI,Skinnarvik,Skinnarvik,19,RL,1-3-----,1307,,6008N 02228E,
,FI,SKB,Skogby,Skogby,18,AF,1-------,1401,,,
,FI,swe_POH,Skuru (Pohjankuru),Skuru (Pohjankuru),18,AF,1-------,1401,,6007N 02333E,
,FI,SKU,Skutviken,Skutviken,,RL,1-------,1107,,5956N 02323E,
,FI,swe_SKV,Sköldvik (Kilpilahti),Skoldvik (Kilpilahti),18,AI,1-------,1401,,6018N 02533E,
,FI,SNA,Snappertuna,Snappertuna,18,RL,1-3-----,1401,,6000N 02339E,
,FI,SOT,Sodankylä,Sodankyla,10,AF,--34----,1307,,6725N 02636E,
,FI,SOI,Soini,Soini,03,RQ,--3-----,1307,,6252N 02412E,
,FI,SRO,Somero,Somero,19,RL,--3-----,1401,,,
,FI,SSK,Sorsakoski,Sorsakoski,13,RL,-----6--,1307,,6227N 02739E,
,FI,SMO,Sotkamo,Sotkamo,14,RL,--3-----,1307,,6407N 02823E,
,FI,swe_RUO,Strömfors (Ruotsinpyhtää),Stromfors (Ruotsinpyhtaa),18,AF,1-------,1401,,6032N 02627E,
,FI,STR,Strömma,Stromma,19,AF,1-------,1401,,,
,FI,SVK,Sulkava,Sulkava,18,RL,1----6--,1401,,6045N 02512E,
,FI,SMA,Summa,Summa,09,RL,1-3-----,1401,,6032N 02707E,
,FI,SUL,Sunila,Sunila,09,RL,1-------,1401,,6029N 02657E,
,FI,SLI,Suolahti,Suolahti,08,AF,--3-----,1307,,6234N 02551E,
,FI,SBG,Suomenlinna (Sveaborg),Suomenlinna (Sveaborg),18,RL,1-------,1401,,6008N 02459E,
,FI,SLU,Suomussalmi,Suomussalmi,05,RL,--3-----,1401,,6454N 02900E,
,FI,SUJ,Suonenjoki,Suonenjoki,15,AF,--3-----,1401,,6237N 02708E,
,FI,SUI,Susikas,Susikas,06,RL,--3-----,1707,,6052N 02351E,
,FI,swe_SBG,Sveaborg (Suomenlinna),Sveaborg (Suomenlinna),18,RL,1-------,1401,,6008N 02459E,
,FI,KP7,Sykäräinen,Sykarainen,07,RL,--3-----,1701,,6337N 02425E,
,FI,SAK,Säkylä,Sakyla,17,RL,--3-----,1307,,6102N 02222E,
,FI,SSI,Särkisalmi,Sarkisalmi,02,RL,123-----,1401,,6136N 02929E,
,FI,SAA,Sääksjärvi,Saaksjarvi,15,RL,--3-----,1401,,6242N 02640E,
,FI,SRV,Sääksjärvi,Saaksjarvi,11,RL,--3-----,1401,,6125N 02346E,
,FI,SKA,Söderkulla,Soderkulla,18,RL,--3-----,1401,,6018N 02518E,
,FI,SOO,Söörmarkku,Soormarkku,17,RL,--3-----,1701,,6135N 02149E,
,FI,DLS,Taalintehdas (Dalsbruk),Taalintehdas (Dalsbruk),19,AI,1-------,1307,,6001N 02231E,
,FI,TAA,Taavetti,Taavetti,,RL,-234----,1301,,6055N 02734E,
,FI,THK,Tahkoluoto,Tahkoluoto,,RL,1-------,1107,,6138N 02125E,
,FI,TAK,Taivalkoski,Taivalkoski,14,RL,-23-----,1401,,6534N 02815E,
,FI,TVS,Taivassalo (Tövsala),Taivassalo (Tovsala),19,AI,1-------,1401,,6034N 02136E,
,FI,swe_TMP,Tammerfors (Tampere),Tammerfors (Tampere),17,AF,12-4---B,1307,,6130N 02345E,
,FI,TAI,Tammisaari (Ekenäs),Tammisaari (Ekenas),18,AI,1-------,1307,,5958N 02326E,
,FI,TMP,Tampere (Tammerfors),Tampere (Tammerfors),17,AF,12-4---B,1307,,6130N 02345E,
,FI,TVO,Tarvasjoki,Tarvasjoki,19,RL,--3-----,1307,,6035N 02243E,
,FI,swe_HMY,Tavastehus (Hämeenlinna),Tavastehus (Hameenlinna),06,AC,--3-----,1307,QVM,,
,FI,TER,Teerijärvi (Terjärv),Teerijarvi (Terjarv),12,AF,--3-----,1307,,6332N 02330E,
,FI,TEI,Teijo,Teijo,19,AF,1-------,1401,,,
,FI,TNL,Tenala,Tenala,18,RL,-----6--,1401,,6004N 02318E,
,FI,swe_TER,Terjärv (Teerijärvi),Terjarv (Teerijarvi),12,AF,--3-----,1307,,6332N 02330E,
,FI,TTL,Terttila,Terttila,19,RL,-----6--,1401,,6033N 02333E,
,FI,TRJ,Tervajoki,Tervajoki,12,RL,-23-----,1307,,6300N 02208E,
,FI,TRK,Tervakoski,Tervakoski,06,AF,--3-----,1401,QVS,6048N 02437E,
,FI,TVM,Tervalampi,Tervalampi,18,AA,--3-----,1801,,6020N 02426E,
,FI,TRV,Tervola,Tervola,10,RL,--3-----,1307,,6650N 02448E,
,FI,TSD,Tervsund,Tervsund,,RL,1-------,1107,,6015N 02219E,
,FI,TJO,Tessjö (Tesjoki),Tessjo (Tesjoki),18,RL,1-------,1401,,6028N 02619E,
,FI,TES,Tessvär,Tessvar,19,RL,1-3-----,1401,,6003N 02254E,
,FI,TEU,Teuva,Teuva,03,AA,--3-----,1601,,6229N 02144E,
,FI,TKK,Tikkakoski,Tikkakoski,08,RQ,--3--6--,1307,,6224N 02538E,
,FI,TKR,Tikkurila (Dickursby),Tikkurila (Dickursby),18,RL,-23-----,1401,,6018N 02502E,
,FI,TOH,Tohmajärvi,Tohmajarvi,13,RL,--3-----,1807,,6211N 03023E,
,FI,TLP,Toholampi,Toholampi,07,AA,--3-----,1601,,6346N 02415E,
,FI,TJA,Toijala,Toijala,11,RL,-23-----,1401,,,
,FI,swe_TOK,Tolkis (Tolkkinen),Tolkis (Tolkkinen),18,AI,1-------,1401,,6020N 02535E,
,FI,TOK,Tolkkinen (Tolkis),Tolkkinen (Tolkis),18,AI,1-------,1401,,6020N 02535E,
+,FI,TOL,Tolosenmaki,Tolosenmaki,13,AA,--3-----,1907,,6208N 03004E,
,FI,swe_TOR,Torneå (Tornio),Tornea (Tornio),10,AI,1-------,1401,,6551N 02411E,
,FI,TOR,Tornio (Torneå),Tornio (Tornea),10,AI,1-------,1401,,6551N 02411E,
,FI,TOT,Tottesund,Tottesund,12,RL,1-------,1307,,6314N 02203E,
,FI,TRA,Träsk,Trask,01,RL,--3-----,1307,,6013N 02120E,
,FI,swe_JVP,Träskända (Järvenpää),Traskanda (Jarvenpaa),18,AF,--3-----,1401,,6014N 02442E,
,FI,TUK,Tuhkakylä,Tuhkakyla,,RL,--3-----,1301,,6402N 02806E,
,FI,TUP,Tupavuori,Tupavuori,19,AF,--3-----,1401,,6028N 02204E,
+,FI,TUO,Tupos,Tupos,14,AA,--3-----,1907,,6452N 02528E,
,FI,TRI,Turenki,Turenki,06,RL,-23-----,1401,,6055N 02438E,
,FI,TKU,Turku (Åbo),Turku (Abo),19,AI,1-34----,1307,,6027N 02217E,
,FI,TSA,Tursa,Tursa,11,RL,--3-----,1307,,6106N 02318E,
,FI,FAL,Turtola,Turtola,10,RL,-----6--,1307,,6639N 02359E,
,FI,TUR,Tuuri,Tuuri,03,RL,-----6--,1401,,6236N 02345E,
,FI,TUU,Tuusula,Tuusula,18,RL,--3-----,1401,,6024N 02502E,
,FI,TVA,Tvärminne,Tvarminne,18,RL,1-3-----,1401,,5950N 02311E,
,FI,TY5,Tyrnävä,Tyrnava,14,RL,--3-----,1407,,6446N 02539E,
,FI,TOJ,Töjby,Tojby,12,RL,1-3-----,1307,,6239N 02110E,
,FI,swe_TVS,Tövsala (Taivassalo),Tovsala (Taivassalo),19,AI,1-------,1401,,6034N 02136E,
,FI,UIM,Uimaharju,Uimaharju,13,AF,123-----,1307,,6254N 03014E,
,FI,swe_OUL,Uleåborg (Oulu),Uleaborg (Oulu),14,AI,1234----,1307,,6501N 02528E,
,FI,ULV,Ulvila,Ulvila,17,RL,123-----,1307,,6126N 02153E,
,FI,URI,Urajärvi,Urajarvi,16,RL,--3-----,1401,,6108N 02547E,
,FI,URA,Urjala,Urjala,11,RL,--3-----,1307,,6105N 02332E,
,FI,USK,Uskila,Uskila,11,RL,1-3-----,1401,,6114N 02415E,
,FI,UTS,Utsjoki,Utsjoki,10,AC,--3----B,1401,,6953N 02700E,
,FI,UKT,Utti,Utti,09,AA,--3-----,1601,,6053N 02656E,
,FI,UUK,Uukuniemi,Uukuniemi,02,AC,--3----B,1401,,6147N 03001E,
,FI,UUS,Uusi-Valamo/Heinävesi,Uusi-Valamo/Heinavesi,04,RQ,1-3-----,1401,,,
,FI,UKP,Uusikaarlepyy (Nykarleby),Uusikaarlepyy (Nykarleby),12,AI,1-------,1401,,6332N 02232E,
,FI,UKI,Uusikaupunki (Nystad),Uusikaupunki (Nystad),19,AI,1-------,1401,,6048N 02125E,
,FI,VAJ,Vaajakoski,Vaajakoski,08,AF,--3-----,1401,,6216N 02554E,
,FI,VLA,Vaalimaa,Vaalimaa,09,AC,--3----B,1401,,6035N 02749E,
,FI,VAA,Vaasa (Vasa),Vaasa (Vasa),12,AI,1-34----,1307,,6306N 02136E,
,FI,VTO,Vahto,Vahto,19,RL,--3-----,1307,,6036N 02218E,
,FI,VAI,Vainikkala,Vainikkala,02,AF,-2-----B,1401,,,
,FI,VKK,Valkeakoski,Valkeakoski,11,AF,--3-----,1401,QVK,6116N 02402E,
,FI,VAL,Valkeala,Valkeala,09,RL,--3-----,1401,,6057N 02648E,
,FI,VKO,Valko (Valkom),Valko (Valkom),18,AC,1-3-----,1401,,,
,FI,swe_VKO,Valkom (Valko),Valkom (Valko),18,AC,1-3-----,1401,,,
,FI,VAM,Vammala,Vammala,11,AF,--3-----,1401,,,
,FI,swe_VAT,Vanda (Vantaa),Vanda (Vantaa),18,AC,--34---B,1401,,6018N 02451E,
,FI,VNA,Vanhalinna,Vanhalinna,19,RL,-23--6--,1307,,6028N 02222E,
,FI,VAT,Vantaa (Vanda),Vantaa (Vanda),18,AC,--34---B,1401,,6018N 02451E,
,FI,VJK,Varjakka,Varjakka,14,RL,1-------,1307,,6454N 02508E,
,FI,VRK,Varkaus,Varkaus,15,AC,1234---B,1307,,6219N 02754E,
,FI,FAK,Varpaisjärvi,Varpaisjarvi,15,RL,-----6--,1307,,6322N 02745E,
,FI,VIR,Varpuniemi (Kello),Varpuniemi (Kello),10,RL,1-3-----,1307,,6405N 02824E,
,FI,VRT,Vartius,Vartius,05,AC,-23----B,1401,,6430N 02959E,
,FI,VAR,Vartsala,Vartsala,19,RL,1-3-----,1307,,6020N 02300E,
,FI,swe_VAA,Vasa (Vaasa),Vasa (Vaasa),12,AI,1-34----,1307,,6306N 02136E,
,FI,VKI,Vaskiluoto,Vaskiluoto,12,RL,--3-----,1307,,6305N 02132E,
,FI,WAS,Vasklot (Vaskiluoto),Vasklot (Vaskiluoto),12,RL,1-3-----,1307,,6306N 02134E,
,FI,XX6,Vehkajärvi,Vehkajarvi,11,AA,--3-----,1601,,6129N 02452E,
,FI,VKA,Veikkola,Veikkola,18,RL,--3-----,1401,,6017N 02425E,
,FI,VEI,Veitsiluoto,Veitsiluoto,10,RL,1-------,1307,,6541N 02438E,
,FI,VKF,Vekaranjärvi,Vekaranjarvi,09,AA,--3-----,1601,,6105N 02658E,
,FI,VEL,Velkua,Velkua,19,AF,1-------,1401,,6028N 02140E,
+,FI,VSH,Vesilahti,Vesilahti,19,AA,--3-----,1907,,6119N 02337E,
,FI,VES,Vessölandet,Vessolandet,10,RQ,--3-----,1307,,6017N 02544E,
,FI,VAS,Vestlax,Vestlax,19,RL,1-3-----,1307,,6005N 02246E,
,FI,VET,Veteli (Vetil),Veteli (Vetil),07,RL,--3-----,1307,,6329N 02347E,
,FI,VIE,Vieremä,Vierema,15,RL,-----6--,1307,,6345N 02701E,
,FI,VMA,Vierumäki,Vierumaki,16,RL,-23-----,1401,,6107N 02556E,
,FI,VTV,Vihtavuori,Vihtavuori,08,RL,--3-----,1401,,6222N 02554E,
,FI,VHI,Vihti (Vichtis),Vihti (Vichtis),18,RL,--3-----,1401,,6025N 02419E,
,FI,VIA,Viiala,Viiala,11,RL,--3-----,1307,,6113N 02347E,
,FI,VSI,Viitasaari,Viitasaari,08,RQ,--3-----,1307,,6304N 02551E,
,FI,JKK,Viljakkala,Viljakkala,,RL,--3-----,1301,,6142N 02316E,
,FI,swe_LPP,Villmanstrand (Lappeenranta),Villmanstrand (Lappeenranta),02,AC,1234---B,1307,,6103N 02811E,
,FI,VLH,Villähde,Villahde,16,RL,-23-----,1401,,6057N 02548E,
,FI,VPU,Vilppula,Vilppula,11,RL,-23-----,1307,,6201N 02431E,
,FI,FAJ,Vimpeli,Vimpeli,03,RL,-----6--,1307,,6309N 02348E,
,FI,VNI,Vinkkilä,Vinkkila,03,RL,-23-----,1307,,6041N 02143E,
,FI,VLI,Virolahti,Virolahti,09,AF,--3-----,1401,,6035N 02742E,
,FI,VRA,Virrat (Virdois),Virrat (Virdois),11,RL,123-----,1307,,6214N 02345E,
,FI,VOI,Voikka,Voikka,09,AA,--3-----,1601,,6056N 02637E,
,FI,N8V,Voltti,Voltti,03,RL,--3-----,1501,,6317N 02250E,
,FI,VOR,Vora,Vora,12,RL,--3-----,1707,,6308N 02215E,
,FI,VUO,Vuokatti,Vuokatti,14,RL,-23--6--,1307,,6407N 02815E,
,FI,VKT,Vuoksen Terminal,Vuoksen Terminal,02,RL,123-----,1401,,6113N 02849E,
,FI,VJI,Vuolijoki,Vuolijoki,14,RL,--3-----,1307,,6411N 02701E,
,FI,VSS,Vuosaari (Nordsjö),Vuosaari (Nordsjo),18,RL,1-------,1401,,6013N 02511E,
,FI,VLS,Värtsilä,Vartsila,13,RL,-----6--,1401,,6212N 03036E,
,FI,VTF,Västanfjärd,Vastanfjard,19,RL,1-3-----,1307,,6003N 02239E,
,FI,VKY,Vääksy,Vaaksy,16,RL,--3-----,1401,,6111N 02533E,
,FI,VRD,Vårdö,Vardo,01,RL,--3-----,1707,,6015N 02023E,
+,FI,YLA,Ylane,Ylane,19,AA,--3-----,1907,,6053N 02225E,
,FI,YRA,Ylihärmä,Yliharma,03,RL,-23-----,1307,,6308N 02246E,
,FI,YLK,Ylikiiminki,Ylikiiminki,14,AA,--3-----,1801,,6502N 02607E,
,FI,YMU,Ylimarkku (Övermark),Ylimarkku (Overmark),12,RL,--3-----,1307,,6237N 02128E,
,FI,YSO,Ylistaro,Ylistaro,17,RL,--3-----,1307,,6114N 02225E,
,FI,YLI,Ylivieska,Ylivieska,14,AF,---4----,1401,,6405N 02433E,
,FI,YMY,Ylämylly,Ylamylly,13,RL,--3-----,1307,,6237N 02934E,
,FI,YJA,Ylöjärvi,Ylojarvi,11,RL,-23--6--,1307,,6133N 02335E,
+,FI,YPA,Ypäjä,Ypaja,19,AA,--3-----,1907,,6048N 02317E,
,FI,YXP,Yxpila,Yxpila,,RL,123-----,0901,,6350N 02302E,
,FI,ATS,Äetsä,Aetsa,11,RL,-23-----,1307,,6117N 02241E,
,FI,ATI,Ähtäri,Ahtari,,RQ,--3-----,0101,,,
,FI,APK,Äkäslompolo,Akaslompolo,10,AA,--3-----,1601,,6736N 02409E,
,FI,AAN,Äänekoski,Aanekoski,08,AF,--3-----,1307,,,
,FI,swe_TKU,Åbo (Turku),Abo (Turku),19,AI,1-34----,1307,,6027N 02217E,
