,NO,ABE,Abelnes,Abelnes,10,AA,1-3-----,1401,,5814N 00640E,
,NO,ABV,Abelvær,Abelvar,17,AA,1-------,1407,,6444N 01111E,
,NO,AGD,Agdenes,Agdenes,16,AI,1-------,9704,,,
,NO,AFT,Agnefest,Agnefest,10,AA,1-3-----,1501,,5807N 00702E,
,NO,AKU,Akershus,Akershus,02,RL,--3-----,1701,,6000N 01100E,
,NO,AKK,Akkarfjord,Akkarfjord,20,AA,1-------,1501,,7047N 02327E,
,NO,AKL,Akland,Akland,09,RL,--3-----,0701,,5844N 00903E,
,NO,ALN,Alnabru,Alnabru,03,AF,-23--6--,1601,,,
,NO,ALS,Alstahaug,Alstahaug,18,AI,1-------,9704,,,
,NO,AVG,Alsvåg,Alsvag,18,RL,--3--6--,1701,,6854N 01517E,
,NO,ALF,Alta,Alta,20,AA,1-34----,1501,,6958N 02314E,
,NO,ADL,Alvdal,Alvdal,04,RQ,--3-----,0607,,6206N 01037E,
,NO,ALV,Alvika,Alvika,15,AA,1-------,1407,,6229N 00623E,
,NO,ANU,Andebu,Andebu,07,AF,--3-----,9506,,,
,NO,ADN,Andenes,Andenes,18,AA,1-34----,1501,ANX,6919N 01608E,
,NO,ADY,Andøy,Andoy,18,AI,1-------,9704,,,
,NO,AFS,Anfinnsletta,Anfinnsletta,18,AA,1-------,1407,,6820N 01526E,
,NO,ANS,Ansnes,Ansnes,16,AA,1-------,1601,,6338N 00900E,
,NO,ARE,Arendal,Arendal,09,AA,123-----,1501,XGD,5827N 00846E,
,NO,AHS,Arhus,Arhus,12,RL,--3-----,0507,,6044N 00609E,
,NO,ARF,Arnafjord,Arnafjord,14,AA,1-------,1407,,6101N 00623E,
,NO,ANB,Arneberg,Arneberg,04,RL,--3-----,0901,,6045N 01113E,
,NO,ARM,Arnøyhamn,Arnoyhamn,19,AA,1-------,1601,,7003N 02038E,
,NO,ASK,Asker,Asker,02,AF,--3-----,9506,,,
,NO,AIM,Askim,Askim,05,RL,--3-----,1207,,6024N 01027E,
,NO,ASM,Askim,Askim,01,AF,--3-----,1207,,5935N 01110E,
,NO,ASL,Askvoll,Askvoll,14,AI,1-------,9704,,,
,NO,ASY,Askøy,Askoy,12,AI,1-------,9704,,,
,NO,ATL,Atløy,Atloy,14,AA,1-------,1407,,6121N 00453E,
,NO,AUK,Aukra,Aukra,15,AA,1-------,1501,,6249N 00654E,
,NO,AUE,Aure,Aure,15,AA,1-------,1501,,6316N 00831E,
,NO,AUL,Aurland,Aurland,14,AA,1-------,1501,,6054N 00711E,
,NO,AKO,Aurskog,Aurskog,02,RL,--3-----,1701,,5955N 01126E,
,NO,ASV,Austevoll,Austevoll,12,AA,1-------,1501,,6006N 00509E,
,NO,ATM,Austmarka,Austmarka,12,RL,--3-----,1701,,6037N 00510E,
,NO,ASH,Austrheim,Austrheim,12,AI,1-------,9704,,,
,NO,AUS,Austvika,Austvika,18,RQ,1-------,1007,,6611N 01314E,
,NO,AVA,Avaldsnes,Avaldsnes,11,AA,1-3-----,1501,,5921N 00516E,
,NO,AVE,Averøy,Averoy,15,AA,1-------,1501,,6303N 00740E,
,NO,BDD,Badderen,Badderen,19,RL,--3-----,1801,,6951N 02202E,
,NO,BLS,Balestrand,Balestrand,14,AA,1-------,1501,,6112N 00632E,
,NO,BLL,Ballangen,Ballangen,18,AA,1-------,1501,,6820N 01650E,
,NO,BSD,Ballstad,Ballstad,18,RL,1-------,1101,,6804N 01333E,
,NO,BAF,Balsfjord,Balsfjord,19,AA,1-------,1501,,6914N 01914E,
,NO,BAM,Bamble,Bamble,08,AI,1-------,9704,,,
,NO,BDU,Bardufoss,Bardufoss,19,AF,---4----,9501,,,
,NO,BAK,Barkåker,Barkaker,07,AF,--3-----,9506,,,
,NO,BEJ,Beiarn,Beiarn,18,AI,1-------,9704,,,
,NO,BKK,Bekkjarvik,Bekkjarvik,12,RL,--3-----,1801,,6000N 00512E,
,NO,BEL,Bellvika,Bellvika,19,AA,1-------,1407,,6947N 01846E,
,NO,BER,Berg,Berg,19,AI,1-------,9704,,,
,NO,OOF,Berg,Berg,01,RL,--3-----,1307,,5910N 01109E,
,NO,BGO,Bergen,Bergen,12,AA,1234----,1501,,6023N 00519E,
,NO,BGN,Bergneset,Bergneset,19,RQ,1-------,0901,,6915N 01921E,
,NO,BFJ,Bergsfjord,Bergsfjord,20,AA,1-------,1407,,7015N 02147E,
,NO,BGU,Bergunnhaugen,Bergunnhaugen,04,RL,--3-----,0701,,6104N 01049E,
,NO,BRK,Berkåk,Berkak,12,AF,--3-----,0212,,6250N 01000E,
,NO,BVG,Berlevåg,Berlevag,20,AI,1--4----,0212,,7051N 02906E,
,NO,BNG,Berrvik (Bergvik),Berrvik (Bergvik),18,AA,--3-----,1401,,6834N 01450E,
,NO,BSA,Billingstad,Billingstad,02,RL,--3-----,0901,,5952N 01029E,
,NO,BIN,Bindal,Bindal,18,AI,1-------,9704,,,
,NO,BLD,Birkeland,Birkeland,09,RL,--3-----,0507,,5820N 00814E,
,NO,BIS,Bismo,Bismo,05,AF,1-3-----,0002,,,
,NO,BJY,Bjarkøy,Bjarkoy,19,AA,1-------,1501,,6859N 01632E,
,NO,BJE,Bjerka,Bjerka,18,AA,-23-----,1401,,6609N 01353E,
,NO,BJK,Bjerke,Bjerke,03,RQ,--3-----,9705,,,
,NO,BXK,Bjerkreim,Bjerkreim,11,AA,--3--6--,1401,,5836N 00607E,
,NO,BKV,Bjerkvik,Bjerkvik,18,RL,1-3-----,0212,,6833N 01733E,
,NO,BJO,Bjoa,Bjoa,11,RL,--3-----,1701,,5939N 00538E,
,NO,BJD,Bjordal,Bjordal,14,AA,1-------,1407,,6105N 00550E,
,NO,BJN,Bjorkelangen,Bjorkelangen,02,RL,--3-----,1707,,5953N 01134E,
,NO,BJV,Bjornevatn,Bjornevatn,20,RL,--3-----,1301,,6940N 02959E,
,NO,BJU,Bjugn,Bjugn,16,AA,1-------,1501,,6345N 00945E,
,NO,BJX,Bjørkås,Bjorkas,02,AA,1-3-----,1501,,5947N 01030E,
,NO,BKR,Blaker,Blaker,02,RL,--3-----,1607,,6000N 01118E,
,NO,BLK,Bleik,Bleik,18,RQ,1-------,1007,,6916N 01557E,
,NO,BLO,Blokken,Blokken,18,AA,1-------,1407,,6836N 01523E,
,NO,BDN,Blomsterdalen,Blomsterdalen,12,RL,--3-----,0607,,6016N 00515E,
,NO,BLV,Blomvåg,Blomvag,12,AA,1-------,1407,,6032N 00453E,
,NO,BOO,Bodø,Bodo,18,AA,1234----,1501,,6717N 01422E,
,NO,BOG,Bogen,Bogen,18,RL,1-3-----,0212,,6831N 01659E,
,NO,BON,Bognes,Bognes,18,AA,1-------,1407,,6813N 01604E,
,NO,OYB,Bogøy,Bogoy,18,AA,1-------,1407,,6754N 01511E,
,NO,BOK,Bokn,Bokn,11,AA,1-------,1501,,5913N 00526E,
,NO,BLY,Bolsøya,Bolsoya,15,RL,--3-----,0701,,6244N 00717E,
,NO,BNE,Bones,Bones,12,RL,--3-----,1607,,6019N 00518E,
,NO,BOS,Borkenes,Borkenes,19,RL,1-3-----,0212,,6846N 01610E,
,NO,BRR,Borre,Borre,07,AI,1-------,9704,,,
,NO,BBG,Bosberg,Bosberg,16,RL,--3-----,0501,,6325N 01011E,
,NO,SBT,Botn - Sandnessjøen,Botn - Sandnessjoen,18,AA,1-------,1407,,6600N 01239E,
,NO,BTN,Botnaneset - Flora,Botnaneset - Flora,14,AA,1-------,1401,,6137N 00504E,
,NO,BTH,Botnhamn,Botnhamn,19,RL,1-3-----,0901,,6931N 01754E,
,NO,BKD,Brakstad,Brakstad,12,AF,1-3-----,9501,,,
,NO,BRN,Brandasund,Brandasund,12,AA,1-------,1601,,5954N 00506E,
,NO,BBU,Brandbu,Brandbu,05,RL,--3-----,1101,,6026N 01028E,
,NO,BSF,Brandsfjord,Brandsfjord,16,AA,1-------,1601,,6411N 01021E,
,NO,BVL,Brandval,Brandval,04,RL,-23-----,0501,,6019N 01202E,
,NO,BRS,Braskereidfoss,Braskereidfoss,04,RL,--3-----,1401,,6043N 01147E,
,NO,NZG,Brattholmen,Brattholmen,12,RL,--3--6--,0901,,6021N 00509E,
,NO,BRV,Brattvåg,Brattvag,15,AA,1-3-----,1501,,6236N 00626E,
,NO,BVR,Breiviga,Breiviga,11,AA,1-------,1407,,5905N 00554E,
,NO,BVB,Breivikbotn,Breivikbotn,20,RL,1-3-----,0901,,7035N 02217E,
,NO,NZF,Brekke,Brekke,14,RL,-----6--,0901,,6101N 00528E,
,NO,BKS,Brekstad,Brekstad,16,RL,1-------,0212,,6341N 00941E,
,NO,BRE,Bremanger,Bremanger,14,AI,1-------,9704,,,
,NO,NZD,Bremnes,Bremnes,12,RL,-----6--,0901,,5947N 00510E,
,NO,BRH,Brensholmen,Brensholmen,19,AA,1-------,1407,,6936N 01802E,
,NO,BTS,Brettesnes,Brettesnes,18,RL,1-------,1201,,6814N 01452E,
,NO,BVK,Brevik,Brevik,08,AA,1-3-----,1501,,5903N 00942E,
,NO,BUU,Bru,Bru,14,RL,--3-----,1301,,5902N 00539E,
,NO,BRU,Brumunddal,Brumunddal,04,RL,-23-----,0212,,6052N 01055E,
,NO,BRA,Bryggja,Bryggja,14,AA,--3-----,1401,,6156N 00523E,
,NO,BRY,Bryne,Bryne,11,AF,--3-----,9506,,,
,NO,BRO,Brønnøy,Bronnoy,18,AI,1-------,9704,,,
,NO,BNN,Brønnøysund,Bronnoysund,18,AA,1-34----,1501,,6528N 01212E,
,NO,BUG,Bugøynes,Bugoynes,20,RL,1-3-----,0901,,6958N 02938E,
,NO,BUF,Burfjord,Burfjord,19,AA,1-------,1407,,6956N 02203E,
,NO,BUV,Buvika,Buvika,16,AF,1-3-----,1401,,6208N 01142E,
,NO,BVN,Buviken,Buviken,04,RQ,--3--6--,1001,,6208N 01143E,
,NO,BYN,Byggnes - Karmøy,Byggnes - Karmoy,11,AA,1-------,1407,,5918N 00518E,
,NO,BYG,Bygland,Bygland,09,RL,--3-----,0201,,5851N 00747E,
,NO,BYS,Bygstad,Bygstad,14,RL,1-------,1007,,6123N 00540E,
,NO,BYO,Byremo,Byremo,10,RL,-----6--,1201,,5826N 00725E,
,NO,BYR,Byrknesøy,Byrknesoy,14,AA,1-------,1601,,6054N 00450E,
,NO,BAL,Båly,Baly,10,AA,1-------,1407,,5802N 00709E,
,NO,BJF,Båtsfjord,Batsfjord,20,AA,1-34----,1501,,7038N 02943E,
,NO,BAR,Bærum,Barum,02,AF,1-3-----,9501,,,
,NO,BOM,Bømlo,Bomlo,12,AA,1-------,1501,,5936N 00513E,
,NO,BOE,Bøneset - Karmøy,Boneset - Karmoy,11,AA,1-------,1407,,5922N 00517E,
,NO,BOV,Bøvågen - Radøy,Bovagen - Radoy,12,AA,1-3-----,1401,,6042N 00455E,
,NO,DAL,Dal,Dal,02,RL,--3-----,0104,,6014N 01111E,
,NO,DSF,Dale,Dale,14,AA,1-3-----,1401,,6122N 00525E,
,NO,DLS,Dalsoyra,Dalsoyra,14,RL,--3-----,1707,,6056N 00508E,
,NO,DMG,Damsgård,Damsgard,12,AA,--3-----,1401,,6023N 00518E,
,NO,NZI,Deknepollen,Deknepollen,14,RL,-----6--,0901,,6155N 00509E,
,NO,DGR,Digernes,Digernes,04,AA,--3-----,1401,,6018N 01205E,
,NO,DIM,Dimmelsvik,Dimmelsvik,12,RL,1-3-----,0212,,5957N 00559E,
,NO,DIR,Dirdal,Dirdal,11,AA,1-------,1501,,5850N 00610E,
,NO,DJU,Djupvik,Djupvik,19,RL,1-3-----,0901,,6945N 02030E,
,NO,DOK,Dokka,Dokka,05,RL,-23-----,0212,,6050N 01005E,
,NO,DOL,Dolmøy,Dolmoy,16,AA,1-------,1601,,6339N 00847E,
,NO,DOM,Dombås,Dombas,05,AF,-23-----,9506,,,
,NO,DRG,Drag,Drag,18,AA,1-------,1501,,6802N 01604E,
,NO,DDL,Dragedal,Dragedal,10,RL,--3-----,0901,,5809N 00702E,
,NO,DRM,Drammen,Drammen,06,AA,123-----,1501,XND,5944N 01014E,
,NO,DRA,Drangedal,Drangedal,08,RL,-----6--,1701,,5906N 00904E,
,NO,DRE,Drevsjø,Drevsjo,04,AF,--3-----,9506,,,
,NO,DRK,Drøbak,Drobak,02,AA,1-3-----,1501,,5939N 01037E,
,NO,DUS,Dusavik,Dusavik,11,RL,1-------,0212,,5900N 00539E,
,NO,DYD,Dyrstad,Dyrstad,14,RL,1-3-----,0901,,6146N 00511E,
,NO,DYR,Dyrvik,Dyrvik,16,AF,1-3-----,1401,,6346N 00850E,
,NO,DYY,Dyrøy,Dyroy,19,AI,1-------,9704,,,
,NO,DYL,Dyrøyhamn,Dyroyhamn,19,AA,1-------,1407,,6901N 01726E,
,NO,DFJ,Dåfjord,Dafjord,19,AA,1-------,1407,,6959N 01924E,
,NO,DON,Dønna,Donna,18,AI,1-------,9704,,,
,NO,EGE,Egersund,Egersund,11,AA,1-3-----,1401,,5827N 00600E,
,NO,EGG,Eggesbønes,Eggesbones,15,AA,1-3-----,1407,,6219N 00538E,
,NO,EID,Eid,Eid,14,AI,1-------,9704,,,
,NO,EIF,Eidangerfjorden,Eidangerfjorden,08,AA,1-------,1407,,5904N 00942E,
,NO,EDE,Eide,Eide,15,AA,1-------,1501,,6254N 00727E,
,NO,EDS,Eide Sotra,Eide Sotra,12,AA,1-------,1407,,6015N 00504E,
,NO,EDT,Eidet,Eidet,18,AA,1-------,1407,,6844N 01435E,
,NO,EDF,Eidfjord,Eidfjord,12,AA,1-------,1501,,6028N 00704E,
,NO,EDD,Eidsdal,Eidsdal,15,AA,1-------,1407,,6216N 00710E,
,NO,EIL,Eidslandet,Eidslandet,12,RL,1-3-----,0212,,6043N 00547E,
,NO,ESE,Eidsnes,Eidsnes,12,AA,--3--6--,1401,,6036N 00525E,
,NO,EIV,Eidsvåg,Eidsvag,12,RL,--3-----,0212,,6026N 00520E,
,NO,EGD,Eigersund,Eigersund,11,AI,1-------,9704,,,
,NO,EKF,Eikefet,Eikefet,12,AA,1-------,1501,,6042N 00533E,
,NO,EIK,Eikefjord,Eikefjord,14,RL,1-3-----,0901,,6135N 00528E,
,NO,ELO,Eikelandsosen,Eikelandsosen,12,RL,1-3-----,0901,,6014N 00545E,
,NO,ENA,Eina,Eina,05,AF,-23-----,9506,,,
,NO,EVV,Eivindvik,Eivindvik,14,RL,1-3-----,0901,,6059N 00505E,
,NO,ELL,Ellingsøy,Ellingsoy,15,AA,1-3-----,1401,,6230N 00620E,
,NO,ELN,Elnesvågen,Elnesvagen,15,RL,1-3-----,0212,,6251N 00708E,
,NO,ELV,Elverum,Elverum,04,AF,-23-----,9501,,,
,NO,NZK,Enebakk,Enebakk,02,RL,-----6--,0901,,5946N 01109E,
,NO,EGV,Engelsviken,Engelsviken,01,RL,--3-----,0307,,5915N 01044E,
,NO,ENG,Engene,Engene,06,RL,1-3-----,0901,,5941N 01032E,
,NO,ERF,Erfjord - Suldal,Erfjord - Suldal,11,AA,1-------,1401,,5920N 00613E,
,NO,ERS,Ersfjord,Ersfjord,19,AA,--3-----,1401,,6929N 01723E,
,NO,HDV,Ervik,Ervik,12,AA,--3-----,1401,,6027N 00518E,
,NO,EPA,Espa,Espa,12,RL,-23-----,0601,,6034N 01116E,
,NO,DDY,Espenesbogen,Espenesbogen,19,AA,1-------,1407,,6907N 01745E,
,NO,ESP,Espevik,Espevik,11,RL,1-3-----,0212,,5919N 00540E,
,NO,ETN,Etne,Etne,12,AA,1-------,1501,,5939N 00555E,
,NO,EVE,Evenesmarkja,Evenesmarkja,18,AF,--34----,1401,,6829N 01645E,Evenes Apt
,NO,EVT,Evenestangen,Evenestangen,18,AA,1-------,1407,,6801N 01600E,
,NO,EVJ,Evje,Evje,09,AF,--3-----,9506,,,
,NO,EYD,Eydehavn,Eydehavn,09,AA,1-3-----,1501,,5829N 00852E,
,NO,FGN,Fagernes,Fagernes,05,AF,-234----,9506,VDB,,
,NO,FAX,Fagerstrand,Fagerstrand,08,AF,1-3-----,1101,,5956N 00848E,
,NO,FAL,Faleide,Faleide,14,RL,--3-----,1701,,6153N 00636E,
,NO,FNA,Fana,Fana,12,RL,--3-----,1707,,6018N 00523E,
,NO,FAN,Farsund,Farsund,10,AA,1-34----,1501,ZXO,5805N 00648E,
,NO,FAU,Fauske,Fauske,18,AA,123-----,1501,,6715N 01523E,
,NO,FED,Fedje,Fedje,12,AA,1-------,1501,,6046N 00442E,
,NO,FEI,Feios,Feios,14,RL,--3-----,1701,,6108N 00645E,
,NO,FSV,Festvåg,Festvag,18,AA,1-------,1407,,6726N 01446E,
,NO,FSU,Fetsund,Fetsund,19,RQ,--3-----,0101,,,
,NO,FTU,Fetsund,Fetsund,02,RL,--3-----,0701,,5955N 01109E,
,NO,FEV,Fevik,Fevik,09,RL,--3-----,0901,,5823N 00842E,
,NO,NN4,Finnastad,Finnastad,11,RL,--3-----,1807,,5859N 00540E,
,NO,FND,Finneid,Finneid,18,AA,1-------,1501,,6715N 01525E,
,NO,FIN,Finneidfjord,Finneidfjord,18,AA,1-------,1407,,6611N 01347E,
,NO,FFB,Finnfjordbotn,Finnfjordbotn,19,RQ,1-3-----,0901,,6913N 01805E,
,NO,FNE,Finnsnes,Finnsnes,19,AA,1-3-----,1501,,6913N 01758E,
,NO,FNY,Finnøy,Finnoy,11,AA,1-------,1501,,5910N 00548E,
,NO,FST,Fiskarstrand,Fiskarstrand,15,AA,1-------,1407,,6227N 00617E,
,NO,FSA,Fiskarstranda,Fiskarstranda,15,RL,--3-----,0701,,6227N 00617E,
,NO,FBL,Fiskebøl,Fiskebol,18,AA,1-------,1407,,6826N 01449E,
,NO,FSK,Fiskåbygd - Vanylven,Fiskabygd - Vanylven,15,AA,1-------,1407,,6206N 00533E,
,NO,FTR,Fister,Fister,11,RL,--3-----,1607,,5910N 00603E,
,NO,FIT,Fitjar,Fitjar,12,AA,1-------,1501,,5955N 00519E,
,NO,FJA,Fjaler,Fjaler,14,AI,1-------,9704,,,
,NO,FJE,Fjell,Fjell,12,AI,1-------,9704,,,
,NO,FJL,Fjelldal,Fjelldal,18,AA,1-3-----,1501,,6833N 01630E,
,NO,FSD,Fjellstrand,Fjellstrand,12,AA,1-3-----,1501,,6013N 00558E,
,NO,FGD,Fjordgård,Fjordgard,19,RL,--3-----,1707,,6930N 01737E,
,NO,FYS,Fjærland,Fjarland,14,AA,1-------,1407,,6124N 00644E,
,NO,FAA,Flaa,Flaa,06,RL,--3-----,1501,,6025N 00927E,
,NO,FKS,Flakstad,Flakstad,18,AI,1-------,9704,,,
,NO,FLT,Flatanger,Flatanger,17,AI,1-------,9704,,,
,NO,FDL,Flatdal,Flatdal,08,RQ,--3-----,0901,,5934N 00834E,
,NO,FTB,Flateby,Flateby,02,RL,--3-----,1301,,5950N 01110E,
,NO,FAY,Flatoy,Flatoy,12,RL,-----6--,1107,,6032N 00515E,
,NO,FLY,Flatøy,Flatoy,12,AA,1-------,1407,,6032N 00515E,
,NO,FFD,Flekkefjord,Flekkefjord,10,AA,123-----,1501,,5817N 00639E,
,NO,FLE,Flekkerøy,Flekkeroy,10,RL,--3-----,0901,,5805N 00800E,
,NO,FLM,Flem,Flem,15,AA,1-------,1407,,6241N 00614E,
,NO,FES,Flesland,Flesland,12,RL,--3-----,1707,,6017N 00512E,
,NO,FLS,Flisa,Flisa,04,RL,-23-----,0601,,6037N 01202E,
,NO,FLR,Flora,Flora,14,RQ,1-------,1007,,6136N 00502E,
,NO,FLO,Florvåg,Florvag,12,RL,1-3-----,0901,,6025N 00514E,
,NO,FRO,Florø,Floro,14,AA,1-34----,1501,,6136N 00501E,
,NO,FLA,Flåm,Flam,14,RL,123-----,0212,,6052N 00707E,
,NO,FOL,Follafoss,Follafoss,17,AF,1-3-----,1207,,6359N 01106E,
,NO,FLD,Folldal,Folldal,04,RL,--3-----,0907,,6208N 01003E,
,NO,FNN,Fonnes,Fonnes,12,RQ,1-------,1007,,6049N 00458E,
,NO,NZB,Fornebu,Fornebu,02,RL,-----6--,0901,,5954N 01037E,
,NO,FNS,Fornes,Fornes,19,AA,1-------,1401,,6852N 01728E,
,NO,FOR,Forsand,Forsand,11,AA,1-------,1501,,5854N 00605E,
,NO,FSL,Forsøl,Forsol,20,AA,1-------,1407,,7043N 02349E,
,NO,FTL,Fortun-Luster,Fortun-Luster,14,AF,--3-----,9506,,,
,NO,FRS,Forus,Forus,11,AA,123-----,1501,,5853N 00545E,
,NO,FON,Forøy,Foroy,18,AA,1-------,1407,,6644N 01331E,
,NO,FOS,Fosnavåg,Fosnavag,15,AA,1-3-----,1501,,6220N 00538E,
,NO,FSN,Fosnes,Fosnes,17,AI,1-------,9704,,,
,NO,FSR,Fosser,Fosser,02,RL,-23-----,0607,,5949N 01129E,
,NO,FOI,Fossing,Fossing,08,AA,1-------,1407,,5856N 00928E,
,NO,OLT,Frafjord,Frafjord,11,RL,1-3-----,0901,,5850N 00618E,
,NO,FRK,Fredrikstad,Fredrikstad,01,AA,123-----,1501,,5912N 01055E,
,NO,FRJ,Frei,Frei,15,AI,1-------,9704,,,
,NO,FKG,Frekhaug,Frekhaug,12,RL,1-3-----,1301,,6031N 00514E,
,NO,FOA,Froan,Froan,16,AA,1-------,1601,,6359N 00905E,
,NO,FRN,Frogn,Frogn,02,AI,1-------,9704,,,
,NO,NZJ,Frogner,Frogner,02,RL,-----6--,0901,,6001N 01106E,
,NO,FRT,Frosta,Frosta,17,AI,1-------,9704,,,
,NO,FRE,Fræena,Fraena,15,AI,1-------,9704,,,
,NO,FRA,Frøya,Froya,16,AI,1-------,9704,,,
,NO,FUF,Furuflaten,Furuflaten,19,RL,--3-----,1607,,6926N 02009E,
,NO,FUS,Fusa,Fusa,12,AA,1-------,1501,,6012N 00537E,
,NO,FYL,Fyllingsdalen,Fyllingsdalen,12,RL,--3-----,1207,,6020N 00517E,
,NO,FYR,Fyresdal,Fyresdal,08,RL,--3-----,0701,,5916N 00806E,
,NO,FBE,Fåberg,Faberg,05,RL,--3-----,1801,,6110N 01024E,
,NO,FAV,Fåvang,Favang,05,RL,--3-----,1807,,6127N 01011E,
,NO,FDE,Førde,Forde,14,AA,1-34----,1501,,6127N 00550E,
,NO,GAM,Gamvik,Gamvik,20,AA,1-------,1501,,7103N 02815E,
,NO,GEN,Gardermoen,Gardermoen,02,RL,--34----,0207,,6013N 01106E,
,NO,GNE,Garnes,Garnes,12,RL,0-------,9811,,,
,NO,GAU,Gaular,Gaular,14,AI,1-------,9704,,,
,NO,GPE,Gaupen,Gaupen,04,RQ,--3-----,0607,,6051N 01046E,
,NO,GPN,Gaupne,Gaupne,14,RL,1-3-----,0601,,6124N 00718E,
,NO,GEI,Geilo,Geilo,06,AF,-23-----,9506,,,
,NO,GNR,Geiranger,Geiranger,15,RQ,0-------,9811,,,
,NO,GTH,Geithus,Geithus,06,RL,--3-----,9501,,,
,NO,GBD,Gibostad,Gibostad,19,RQ,0-------,9811,,,
,NO,GIL,Gildeskål,Gildeskal,18,AI,1-------,9704,,,
,NO,GIS,Giske,Giske,15,AI,1-------,9704,,,
,NO,GIK,Gismarvik,Gismarvik,11,AA,1-------,1407,,5919N 00523E,
,NO,GJM,Gjemnes,Gjemnes,15,AI,1-------,9704,,,
,NO,GDM,Gjerdrum,Gjerdrum,02,RL,--3-----,0601,,6005N 01106E,
,NO,ROM,Gjerdsvika,Gjerdsvika,15,AA,1-3-----,1407,,6215N 00533E,
,NO,GMH,Gjermundshamn,Gjermundshamn,12,RL,--3-----,1007,,6004N 00555E,
,NO,GSD,Gjerstad,Gjerstad,09,RL,-23-----,0607,,5853N 00901E,
,NO,GJS,Gjesdal,Gjesdal,11,AI,1-------,9704,,,
,NO,GJV,Gjesvær,Gjesvar,20,AA,1-------,1407,,7106N 02523E,
,NO,GVN,Gjeving,Gjeving,09,RL,--3-----,1707,,5839N 00907E,
,NO,GJD,Gjøsundet,Gjosundet,15,RQ,1-------,1007,,6232N 00608E,
,NO,GVK,Gjøvik,Gjovik,05,AF,-23-----,9501,,,
,NO,NZL,Glesvær,Glesvar,12,RL,1-3--6--,0901,,6012N 00502E,
,NO,GLO,Glomfjord,Glomfjord,18,AA,1-3-----,1501,,6648N 01356E,
,NO,GLP,Gloppen,Gloppen,14,AI,1-------,9704,,,
,NO,GOD,Godvik,Godvik,12,RL,--3-----,0901,,6023N 00512E,
,NO,GOO,Godøya,Godoya,15,AA,1-------,1601,,6228N 00601E,
,NO,GLL,Gol,Gol,06,AF,-234----,9506,,,
,NO,GRN,Gran,Gran,07,RL,--3-----,1207,,5921N 01009E,
,NO,GRI,Granerudstøa,Granerudstoa,02,AA,0-------,1407,,5947N 01036E,
,NO,GRV,Granvin,Granvin,12,AA,1-------,1501,,6031N 00642E,
,NO,GRT,Gratangen,Gratangen,19,AI,1-------,9704,,,
,NO,GRD,Gravdal,Gravdal,18,RL,1-------,1101,,6807N 01330E,
,NO,GVI,Gressvik,Gressvik,01,RL,--3-----,0701,,5913N 01054E,
,NO,GRE,Greåker,Greaker,01,AF,-23-----,1401,,5916N 01102E,
,NO,GTD,Grimstad,Grimstad,09,AA,1-3-----,1501,,5820N 00835E,
,NO,GDE,Grinder,Grinder,04,RL,--3-----,1707,,6023N 01203E,
,NO,GRP,Grip,Grip,15,AA,1-------,1407,,6313N 00736E,
,NO,GRO,Grong,Grong,17,AF,-23-----,9506,,,
,NO,GRF,Grovfjord,Grovfjord,19,AA,1-------,1407,,6841N 01707E,
,NO,GRY,Gryllefjord,Gryllefjord,19,AI,1-------,1401,,6922N 01705E,
,NO,GRS,Grytestranda,Grytestranda,15,AA,1-------,1601,,6232N 00622E,
,NO,GRA,Grålum,Gralum,01,RQ,--3-----,1501,,5918N 01104E,
,NO,GRZ,Grøa,Groa,15,RL,--3-----,1807,,6238N 00843E,
,NO,GOT,Grøtavær,Grotavar,19,AA,1-------,1601,,6858N 01615E,
,NO,GUD,Gudvangen,Gudvangen,14,RL,1-------,0212,,6051N 00649E,
,NO,GUL,Gulen,Gulen,14,AI,1-------,9704,,,
,NO,GUS,Gullsmedvika/Mo i Rana,Gullsmedvika/Mo i Rana,18,AA,--3-----,1401,,6619N 01409E,
,NO,GHV,Gunhildvågen,Gunhildvagen,14,AA,1-------,1407,,6135N 00500E,
,NO,GUR,Gursken,Gursken,15,RL,1-3-----,0901,,6214N 00534E,
,NO,GUT,Gutvik,Gutvik,17,AA,1-------,1601,,6505N 01149E,
,NO,HAD,Hadsel,Hadsel,18,AI,1-------,9704,,,
,NO,HLY,Hafslundsoy,Hafslundsoy,01,RQ,--3-----,0201,,,
,NO,HGN,Hagan,Hagan,14,RQ,--3-----,0101,,,
,NO,HAK,Hagavik,Hagavik,12,RL,--3-----,1301,,6011N 00526E,
,NO,HAL,Halden,Halden,01,AA,123-----,1501,,5906N 01122E,
,NO,HLS,Halsa,Halsa,15,AA,1-------,1501,,6303N 00813E,
,NO,HSA,Halsa Meløy,Halsa Meloy,18,AA,1-------,1407,,6644N 01331E,
,NO,HAZ,Halsnøy,Halsnoy,12,AA,1-------,1407,,5948N 00543E,
,NO,HLV,Halsvik,Halsvik,14,RL,--3-----,0507,,6051N 00506E,
,NO,HAN,Halvorshavn,Halvorshavn,06,AA,1-3-----,1501,,5935N 01037E,
,NO,HMR,Hamar,Hamar,04,AF,-23-----,9501,,,
,NO,HMY,Hamarøy,Hamaroy,18,AI,1-------,9704,,,
,NO,NIA,Hammarvika - Frøya,Hammarvika - Froya,16,AA,1-------,1407,,6341N 00848E,
,NO,HFL,Hammerfall,Hammerfall,18,AA,1-------,1601,,6724N 01532E,
,NO,HFT,Hammerfest,Hammerfest,20,AA,1-34----,1501,,7039N 02340E,
,NO,HAM,Hamn,Hamn,19,AA,--3-----,1401,,6925N 01710E,
,NO,HBT,Hamnbukt - Porsanger,Hamnbukt - Porsanger,20,RQ,1-------,1401,,7005N 02502E,
,NO,HNS,Hanestad,Hanestad,04,RL,-23-----,0607,,6152N 01055E,
,NO,HAE,Hansnes,Hansnes,19,AA,1-------,1601,,6958N 01937E,
,NO,HOT,Hanøytangen,Hanoytangen,12,AA,1-------,1407,,6026N 00506E,
,NO,HAR,Haram,Haram,15,AI,1-------,9704,,,
,NO,HRI,Hareid,Hareid,15,AA,1-3-----,1501,,6222N 00602E,
,NO,HRD,Harstad,Harstad,19,AA,1-3-----,1501,,6847N 01632E,
,NO,HAY,Harøy,Haroy,15,AA,--3-----,1401,,6245N 00627E,
,NO,HRS,Harøysundet,Haroysundet,15,RL,1-3-----,0901,,6253N 00657E,
,NO,HMN,Haslemoen,Haslemoen,04,RL,--3-----,0601,,6039N 01152E,
,NO,HVK,Hasvik,Hasvik,20,AA,1-------,1501,HAA,7028N 02209E,
,NO,HAI,Hauge i Dalane,Hauge i Dalane,11,RL,--3-----,1401,,5820N 00616E,
,NO,HAU,Haugesund,Haugesund,11,AA,1-34----,1501,,5924N 00515E,
,NO,HSV,Hausvikstrand,Hausvikstrand,10,AA,1-------,1407,,5802N 00659E,
,NO,HAV,Havøysund,Havoysund,20,RL,1-------,0212,QVO,7100N 02440E,
,NO,HGL,Heggedal,Heggedal,02,RL,--3-----,0501,,5947N 01026E,
,NO,HGR,Hegreneset,Hegreneset,12,RQ,1-------,0901,,6025N 00518E,
,NO,HID,Heidal,Heidal,05,RL,--3-----,1707,,6145N 00920E,
,NO,HDL,Heimdal,Heimdal,08,AA,--3-----,1401,,5900N 00835E,
,NO,HEI,Heimdal,Heimdal,16,RQ,--3-----,0901,,6321N 01021E,
,NO,HEK,Hekkelstrand,Hekkelstrand,18,AA,1-------,1407,,6824N 01650E,
,NO,EHL,Hell,Hell,17,RQ,--3-----,0901,,6326N 01054E,
,NO,HLE,Helle - Forsand,Helle - Forsand,11,AA,1-------,1407,,5852N 00609E,
,NO,HKR,Helle - Kragerø,Helle - Kragero,08,AA,1-------,1407,,5854N 00924E,
,NO,HLD,Helleland,Helleland,11,RL,-----6--,1401,,5832N 00605E,
,NO,HSY,Hellesylt,Hellesylt,15,RL,1-3-----,0212,,6205N 00652E,
,NO,HEV,Helligvær,Helligvar,18,,1-------,1501,,6724N 01332E,
,NO,HEL,Hellvik,Hellvik,11,RL,123-----,0212,,5828N 00552E,
,NO,HME,Hemne,Hemne,16,AI,1-------,9704,,,
,NO,HMS,Hemnes,Hemnes,18,AI,1-------,9704,,,
,NO,HNE,Hemnesberget,Hemnesberget,18,RL,1-------,1101,,6614N 01338E,
,NO,HSD,Hemsedal,Hemsedal,06,RL,--3-----,0601,,6052N 00835E,
,NO,HEN,Henningsvær,Henningsvar,18,RL,1-------,0212,,6809N 01413E,
,NO,HED,Herdla,Herdla,12,RL,--3-----,0901,,6034N 00457E,
,NO,HEF,Herfjord,Herfjord,16,AA,1-------,1407,,6400N 01002E,
,NO,HER,Hermansverk,Hermansverk,14,RL,1-3-----,0212,,6111N 00650E,
,NO,HRR,Herre,Herre,08,AA,1-------,1407,,5906N 00934E,
,NO,HRE,Herre-Bamble,Herre-Bamble,08,AF,--3-----,9506,,,Herre
,NO,HEY,Herøy,Heroy,15,RQ,1-------,1007,,6020N 00538E,
,NO,HRO,Herøy,Heroy,18,RL,1-3-----,0901,,6559N 01218E,
,NO,HRY,Herøya,Heroya,08,AF,123-----,1501,,5907N 00937E,
,NO,HET,Herøysundet,Heroysundet,12,AA,1-------,1407,,5955N 00547E,
,NO,HES,Hestvika,Hestvika,16,AA,1-------,1601,,6334N 00912E,
,NO,HIT,Hitra,Hitra,16,AI,1-------,9704,,,
,NO,HJL,Hjelmeland,Hjelmeland,11,AI,1-3-----,0907,,5914N 00611E,
,NO,HJJ,Hjelset,Hjelset,15,AA,1-------,1407,,6247N 00729E,
,NO,HJE,Hjerkinn,Hjerkinn,05,AF,--3-----,9506,,,
,NO,HJO,Hjørungavåg,Hjorungavag,15,RL,1-3-----,0212,,6221N 00604E,
,NO,HOF,Hof,Hof,07,AA,1----6--,1407,,5933N 01002E,
,NO,HOD,Hokksund,Hokksund,06,RL,--3-----,1501,,5946N 00953E,
,NO,HLA,Holla,Holla,08,RL,--3-----,1101,,5936N 00911E,
,NO,HOA,Holla,Holla,16,RL,1-------,1401,,6319N 00909E,
,NO,HMF,Holmefjord,Holmefjord,12,AA,--3-----,1401,,6017N 00540E,
,NO,HOL,Holmestrand,Holmestrand,07,AA,123-----,1501,,5929N 01018E,
,NO,HOK,Hommelvik,Hommelvik,16,AA,123-----,1501,,6324N 01046E,
,NO,HSK,Hommersak,Hommersak,11,RQ,--3-----,1001,,5855N 00551E,
,NO,HVG,Honningsvåg,Honningsvag,20,AA,1-34----,1501,,7058N 02558E,
,NO,HRV,Hordvik,Hordvik,12,AA,1-3-----,1501,,6031N 00518E,
,NO,HOO,Horsøy,Horsoy,12,AA,1-------,1407,,6026N 00510E,
,NO,HOR,Horten,Horten,07,AA,123-----,1501,,5924N 01029E,
,NO,HOS,Hov,Hov,05,RQ,--3-----,0101,,,
,NO,HSL,Hovland,Hovland,12,AA,1-------,1407,,6014N 00637E,
,NO,HHA,Hufthammar,Hufthammar,12,AA,1-------,1401,,6007N 00512E,
,NO,HMV,Hummelvik,Hummelvik,20,AA,1-------,1407,,7015N 02147E,
,NO,HUD,Hundeidvika,Hundeidvika,15,AA,1-------,1401,,6222N 00625E,
,NO,HD2,Hundvaag,Hundvaag,11,RL,--3-----,1607,,5900N 00543E,
,NO,HUR,Hurum,Hurum,06,AI,1-------,9704,,,
,NO,HUS,Husnes,Husnes,12,AA,1-3-----,1501,,5952N 00546E,
,NO,HSO,Husøy - Karmøy,Husoy - Karmoy,11,AA,1-------,1207,,5920N 00518E,
,NO,HSS,Husøy - Lenvik,Husoy - Lenvik,19,AA,1-------,1401,,6932N 01740E,
,NO,HOY,Husøy - Tønsberg,Husoy - Tonsberg,07,AA,1-3-----,1401,,5914N 01027E,
,NO,HVA,Hvaler,Hvaler,01,AI,1-------,9704,,,
,NO,HVL,Hvalstad,Hvalstad,02,RL,--3-----,9705,,,
,NO,HVS,Hvasser,Hvasser,07,AA,1-------,1601,,5905N 01027E,
,NO,HVT,Hvitsten,Hvitsten,02,RQ,--3-----,0907,,5935N 01039E,
,NO,HYE,Hyen,Hyen,14,RL,--3-----,0901,,6144N 00555E,
,NO,HYL,Hyllestad,Hyllestad,14,AA,1-------,1501,,6110N 00517E,
,NO,HAA,Hå,Ha,11,AI,1-------,9704,,,
,NO,HEM,Håeimsvika,Haeimsvika,15,RQ,1-------,1401,,6229N 00642E,
,NO,HGA,Hågån,Hagan,02,RQ,--3-----,0901,,6000N 01055E,
,NO,HVI,Håvik,Havik,18,AA,1-3-----,1501,,5918N 00519E,11? 12? 16?
,NO,HA2,Hærland,Harland,01,RL,--3-----,1901,,5955N 01136E,
,NO,HOG,Høgset,Hogset,18,AA,1-3-----,1401,,6708N 01501E,
,NO,HLN,Hølen,Holen,02,RL,--3-----,9806,,,
,NO,HLL,Høllen,Hollen,10,RL,1-3-----,0601,,5805N 00749E,
,NO,HFS,Hønefoss,Honefoss,06,AF,-23-----,1101,,6010N 01018E,
,NO,HYR,Høyanger,Hoyanger,14,AA,1-3-----,1501,,6113N 00603E,
,NO,HLB,Høylandsbygda,Hoylandsbygda,12,RL,1-3-----,0901,,5947N 00548E,
,NO,IBE,Ibestad,Ibestad,19,AI,1-------,9704,,,
,NO,IGE,Igerøy,Igeroy,18,AA,1-------,1407,,6541N 01208E,
,NO,IGL,Iglandsvik,Iglandsvik,14,AA,1-------,1407,,6150N 00456E,
,NO,IKR,Ikornnes,Ikornnes,15,AA,1-3-----,1501,,6223N 00633E,
,NO,IND,Inderøy,Inderoy,17,AI,1-------,9704,,,
,NO,RRN,Indre Arna,Indre Arna,12,RL,-----6--,1201,,6025N 00528E,
,NO,INB,Ingeberg,Ingeberg,04,RL,--3-----,1307,,6049N 01108E,
,NO,ISY,Ingøy,Ingoy,20,AA,1-------,1407,,7105N 02404E,
,NO,IDR,Inndyr,Inndyr,18,AA,1-------,1407,,6702N 01401E,
,NO,INN,Innhavet,Innhavet,18,AA,1-------,1407,,6758N 01555E,
,NO,INV,Innvik,Innvik,14,RL,1-3-----,0607,,6151N 00637E,
,NO,ISD,Isdalstø,Isdalsto,12,RL,--3-----,0507,,6033N 00516E,
,NO,JAN,Jakobsnes,Jakobsnes,20,AA,1-------,1407,,6944N 03006E,
,NO,JOY,Jarlsøy,Jarlsoy,07,AA,1-------,1407,,5915N 01028E,
,NO,JEL,Jelsa,Jelsa,11,RL,1-3-----,0212,,5920N 00601E,
,NO,JSM,Jessheim,Jessheim,02,RL,--3-----,1607,,6009N 01111E,
,NO,JVK,Jevnaker,Jevnaker,05,AF,--3-----,9506,,,
,NO,JON,Jondal,Jondal,12,AA,1-------,1501,,6016N 00614E,
,NO,JUD,Judaberg,Judaberg,11,RL,--3-----,1701,,5911N 00551E,
,NO,JOS,Jøssingfjord,Jossingfjord,11,AA,1-------,1407,,5819N 00621E,
,NO,JSS,Jøssinghamn,Jossinghamn,11,AF,--3-----,1401,,,
,NO,JOV,Jøvik,Jovik,19,AA,1-------,1407,,6936N 01949E,
,NO,KAB,Kabelvåg,Kabelvag,18,AA,1-------,1407,,6813N 01429E,
,NO,KDT,Kalandseidet,Kalandseidet,12,RQ,--3-----,0407,,,
,NO,KDF,Kaldfjord,Kaldfjord,19,AA,1-------,1407,,6941N 01844E,
,NO,KAN,Kalvneset,Kalvneset,14,AA,1-------,1407,,6156N 00527E,
,NO,KVG,Kalvåg,Kalvag,14,AA,1-------,1601,,6146N 00453E,
,NO,KMO,Kambo,Kambo,01,AA,123-----,1501,,5928N 01041E,
,NO,KMV,Kamøyvær,Kamoyvar,20,AA,--3-----,1401,,7103N 02555E,
,NO,KSJ,Karasjok,Karasjok,20,AF,--3-----,9506,QKK,,
,NO,NRW,Karlstad,Karlstad,04,RL,-2------,1301,,6042N 01206E,
,NO,KAY,Karlsøy,Karlsoy,19,AI,1-------,9704,,,
,NO,KMY,Karmøy,Karmoy,11,AF,1-3-----,9501,,,
,NO,KKM,Karvikhamn,Karvikhamn,19,RQ,--3-----,0901,,6923N 01812E,
,NO,KSF,Kasfjord,Kasfjord,19,RL,--3-----,1007,,6850N 01621E,
,NO,KPG,Kaupanger,Kaupanger,14,AA,1-3-----,1501,,6110N 00714E,
,NO,KTK,Kautokeino,Kautokeino,20,AF,--34----,9506,,,
,NO,KIL,Kilvik,Kilvik,18,AA,1-------,1601,,6644N 01354E,
,NO,KIN,Kinn,Kinn,18,RL,--3-----,0212,,6855N 01553E,
,NO,KIV,Kinsarvik,Kinsarvik,12,AA,1-3-----,1501,,6022N 00643E,
,NO,KIR,Kirkehamn,Kirkehamn,10,AA,1-------,1601,,5814N 00632E,
,NO,KKN,Kirkenes,Kirkenes,20,AA,1-34----,1501,,6943N 03002E,
,NO,KLR,Kjeller,Kjeller,20,RQ,--3-----,0101,,,
,NO,KJE,Kjerringøy,Kjerringoy,18,AA,1-------,1407,,6731N 01446E,
,NO,KJF,Kjøllefjord,Kjollefjord,20,RL,1-3-----,0212,QJL,7056N 02720E,
,NO,KMS,Kjøpmannskjær,Kjopmannskjar,07,RL,1-------,0401,,5910N 01022E,
,NO,KJK,Kjøpsvik,Kjopsvik,18,AA,1-3-----,1501,,6805N 01621E,
,NO,KJB,Kjørebonn,Kjorebonn,08,AA,1-------,1407,,5854N 00929E,
,NO,KLP,Klepp,Klepp,11,AF,--3-----,1601,,,
,NO,KLE,Kleppestø,Kleppesto,12,RL,1-3-----,0401,,6025N 00514E,
,NO,KLO,Kløfta,Klofta,02,AF,--3-----,9506,,,
,NO,KRV,Knarrevik,Knarrevik,12,RL,1-------,1601,,6022N 00509E,
,NO,KBV,Kobbvågen,Kobbvagen,18,AA,1-------,1601,,6844N 01432E,
,NO,KOB,Koblu,Koblu,05,RL,--3-----,1301,,6037N 01046E,
,NO,KOD,Kodal,Kodal,07,RL,--3-----,0901,,5913N 01008E,
,NO,NZO,Kokstad,Kokstad,12,RL,-----6--,0901,,6018N 00516E,
,NO,KBT,Kolbotn,Kolbotn,02,RL,--3-----,9806,,,
,NO,KU2,Kolbu,Kolbu,05,RL,--3-----,1607,,6037N 01046E,
,NO,KON,Kollsnes,Kollsnes,12,RQ,1-------,0212,,6034N 00449E,
,NO,KOL,Kollsnes Øst,Kollsnes Ost,12,RQ,1-------,1501,,6055N 00453E,
,NO,KLD,Kolvereid,Kolvereid,17,AA,1-------,1601,,6327N 01025E,
,NO,KSB,Kongsberg,Kongsberg,06,AF,-23-----,9501,XKB,,
,NO,KGF,Kongsfjord,Kongsfjord,20,AA,1-------,1407,,7043N 02919E,
,NO,KGM,Kongsmoen,Kongsmoen,17,RL,--3-----,0212,,6452N 01225E,
,NO,KSV,Kongsvinger,Kongsvinger,04,AF,-23-----,9501,,,
,NO,KOP,Kopervik,Kopervik,11,AA,1-3-----,1501,,5917N 00518E,
,NO,KPP,Koppang,Koppang,04,AF,-23-----,9506,,,
,NO,NZS,Kopperå,Koppera,17,RL,-23--6--,0901,,6324N 01151E,
,NO,KRY,Kraakerøy,Kraakeroy,01,AI,--3-----,1401,,,
,NO,KRA,Kragerø,Kragero,08,AA,123-----,1501,,5852N 00924E,
,NO,KRS,Kristiansand,Kristiansand,10,AA,123-----,1501,,5808N 00759E,
,NO,KSU,Kristiansund,Kristiansund,15,AA,1-34----,1501,,6306N 00744E,
,NO,KVL,Kristoffervalen,Kristoffervalen,19,AA,1-------,1407,,7007N 01959E,
,NO,KSA,Krokstadelva,Krokstadelva,06,RL,--3-----,9806,,,
,NO,KRT,Kråkstad,Krakstad,02,RL,--3-----,1807,,5941N 01053E,
,NO,KRN,Krøderen,Kroderen,06,RL,-----6--,1801,,6009N 00949E,
,NO,KUV,Kuvika,Kuvika,20,RQ,1-------,0901,,7103N 02554E,
,NO,KVB,Kvaleberg,Kvaleberg,11,AA,--3-----,1401,,5901N 00537E,
,NO,KAL,Kvalneset,Kvalneset,14,AA,--3-----,1401,,6156N 00523E,
,NO,KVS,Kvalsund,Kvalsund,20,AA,1-------,1501,,7030N 02358E,
,NO,KVV,Kvalvika,Kvalvika,18,AA,1-------,1407,,6718N 01423E,
,NO,KYO,Kvaløya,Kvaloya,19,AA,--3-----,1401,,6937N 01833E,
,NO,KVM,Kvam,Kvam,12,AI,1-------,9704,,,
,NO,KVY,Kvamsoy,Kvamsoy,14,RL,--3-----,1307,,6107N 00623E,
,NO,KDL,Kvanndal,Kvanndal,12,RL,1-3-----,0901,,6029N 00636E,
,NO,KVD,Kvinesdal,Kvinesdal,10,AF,--3-----,9501,,,
,NO,KVH,Kvinnherad,Kvinnherad,12,AI,1-------,9704,,,
,NO,KIA,Kvithylla,Kvithylla,16,AA,1-------,1601,,6334N 00954E,
,NO,KSY,Kvitsøy,Kvitsoy,11,AA,1-------,1501,,5903N 00525E,
,NO,KVF,Kvåfjord,Kvafjord,19,AI,1-------,0212,,5802N 00718E,
,NO,KVR,Kvæfjord,Kvafjord,19,RQ,1-------,1007,,6846N 01610E,
,NO,KVN,Kvænangen,Kvanangen,19,AI,1-------,9704,,,
,NO,KYR,Kyrksæterøra,Kyrksaterora,16,AA,1-3-----,1501,,6317N 00905E,
,NO,KAF,Kåfjord,Kafjord,19,AI,1-------,1401,,,
,NO,KMN,Kårhamn,Karhamn,20,AA,1-------,1407,,7033N 02309E,
,NO,KAR,Kårstø,Karsto,11,AF,1-------,1401,,5916N 00531E,
,NO,KAH,Kårvikhamn,Karvikhamn,19,AA,1-------,1407,,6924N 01809E,
,NO,LKL,Lakselv,Lakselv,20,AF,---4----,9501,,,
,NO,LVG,Laksevåg,Laksevag,12,RL,1-3-----,0607,,6023N 00518E,
,NO,LAD,Langesund,Langesund,08,AA,1-3-----,1501,,5900N 00944E,
,NO,LAG,Langevåg,Langevag,12,AA,1-------,1407,,5937N 00515E,
,NO,LAN,Langevåg - Sula,Langevag - Sula,15,AA,1-3-----,1401,,6226N 00613E,
,NO,LHS,Langhus,Langhus,02,AA,-23-----,1401,,5945N 01049E,
,NO,LGS,Langstein,Langstein,17,AA,1-------,1601,,6333N 01053E,
,NO,LAO,Langøya,Langoya,07,AA,1-------,1407,,5930N 01023E,
,NO,LRK,Larkollen,Larkollen,01,AA,1-3-----,1501,,5920N 01039E,
,NO,NZC,Larsnes,Larsnes,15,AA,1----6--,1401,,6213N 00536E,
,NO,LAR,Larvik,Larvik,07,AA,123-----,1501,,5902N 01001E,
,NO,LVK,Laukvik,Laukvik,18,RQ,1-------,1007,,6823N 01425E,
,NO,LAV,Lavangen,Lavangen,19,AA,1-------,1501,,6845N 01747E,
,NO,LEB,Lebesby,Lebesby,20,AI,1-------,9704,,,
,NO,LEK,Leikanger,Leikanger,14,AI,1-------,9704,,,
,NO,LNE,Leines,Leines,18,AA,1-------,1407,,6744N 01446E,
,NO,TRR,Leinstrand,Leinstrand,16,RL,--3-----,0901,,6320N 01018E,
,NO,LEF,Leirfjord,Leirfjord,18,AA,1-------,1501,,6603N 01257E,
,NO,LEP,Leirpollen,Leirpollen,20,RL,1-3-----,0212,,7027N 02829E,
,NO,LSD,Leirsund,Leirsund,02,RL,--3-----,1607,,6000N 01106E,
,NO,LRI,Leirvik,Leirvik,12,AA,1-3-----,1501,,5946N 00530E,
,NO,LEA,Leirvik i Hyllestad,Leirvik i Hyllestad,14,AA,1-------,1407,,6107N 00520E,
,NO,LKA,Leka,Leka,17,AI,1-------,9704,,,
,NO,LKN,Leknes,Leknes,18,AI,1-34----,1401,,6809N 01336E,
,NO,LKV,Leksvik,Leksvik,17,AA,1-------,1501,,6340N 01037E,
,NO,LNA,Lena,Lena,05,RL,--3-----,1207,,6040N 01048E,
,NO,LAS,Lenangen Søndre,Lenangen Sondre,19,AA,1-------,1407,,6949N 01959E,
,NO,LAY,Lenangsøyra,Lenangsoyra,19,AA,1-------,1407,,6949N 01959E,
,NO,LEN,Lensvik,Lensvik,16,AF,--3-----,9506,,,
,NO,LES,Lenvik,Lenvik,19,RL,1-------,1007,,6926N 01809E,
,NO,NYB,Lepsøy,Lepsoy,12,RL,--3--6--,0901,,6009N 00524E,
,NO,LER,Lervik,Lervik,01,AF,--3-----,1401,,,
,NO,LRE,Lessremman,Lessremman,18,AA,1-------,1407,,6522N 01229E,
,NO,LEV,Levanger,Levanger,17,AA,123-----,1501,,6345N 01117E,
,NO,LIA,Liavåg,Liavag,15,AA,1-------,1407,,6221N 00604E,
,NO,NZP,Liavåg,Liavag,15,RL,--3--6--,0901,,6222N 00606E,
,NO,LIE,Lier,Lier,06,AI,1-3-----,9704,,,
,NO,LIS,Lierstranda,Lierstranda,06,RQ,--3-----,0407,,,
,NO,LID,Liland,Liland,18,,1-------,1501,,6820N 01445E,
,NO,LLH,Lillehammer,Lillehammer,05,AF,-23-----,9506,XXL,,
,NO,LIL,Lillesand,Lillesand,09,AA,1-3-----,1501,,5814N 00822E,
,NO,LST,Lillestrøm,Lillestrom,02,AF,-23-----,9501,,,
,NO,LDS,Lindesnes,Lindesnes,10,AF,1-3-----,9501,,,
,NO,LIN,Lindås,Lindas,12,AI,1-------,9704,,,
,NO,LFF,Listraumen,Listraumen,14,AA,1-------,1407,,6108N 00512E,
,NO,LIT,Litangen,Litangen,08,AA,1-------,1407,,5851N 00918E,
,NO,LOE,Loen,Loen,14,RL,1-3-----,0212,,6152N 00650E,
,NO,LOM,Lom,Lom,05,AF,--3-----,9506,,,
,NO,LON,Lonevåg,Lonevag,12,AA,1-------,1407,,6032N 00529E,
,NO,GVA,Longva,Longva,15,RQ,-----6--,1001,,6240N 06180E,
,NO,LOP,Loppa,Loppa,20,AI,1-------,9704,,,
,NO,LOV,Lovund,Lovund,18,RL,1-3-----,0901,,6622N 01223E,
,NO,LRA,Lura,Lura,11,RL,1-3-----,0701,,5852N 00544E,
,NO,LUR,Lurøy,Luroy,18,AA,1-------,1501,,6625N 01250E,
,NO,LUS,Luster,Luster,14,AA,1-------,1501,,6126N 00727E,
,NO,LUL,Lutelandet,Lutelandet,14,AA,1-------,1407,,6115N 00458E,
,NO,LUT,Lutnes,Lutnes,04,AF,--3-----,9506,,,
,NO,LND,Lyngdal,Lyngdal,10,AF,--3-----,9506,,,
,NO,LYN,Lyngen,Lyngen,19,AI,1-------,9704,,,
,NO,LYD,Lyngseidet,Lyngseidet,19,AA,1-------,1407,,6935N 02013E,
,NO,LNS,Lyngstad,Lyngstad,15,AA,--3-----,1401,,6258N 00722E,
,NO,LYS,Lysaker,Lysaker,02,AF,123-----,0401,,5954N 01036E,
,NO,LYF,Lysebotn,Lysebotn,11,RL,1-3-----,0901,,5903N 00640E,
,NO,SNT,Lysefjorden,Lysefjorden,11,AA,--3-----,1401,,5909N 00554E,
,NO,LSU,Lysøysund,Lysoysund,16,RQ,1-------,0901,,6353N 00952E,
,NO,LRD,Lærdal,Lardal,14,AA,1-------,1501,,6106N 00727E,
,NO,LOD,Lødingen,Lodingen,18,AA,1-3-----,1501,,6825N 01559E,
,NO,LVE,Løkken Verk,Lokken Verk,16,RL,--3-----,0701,,6307N 00942E,
,NO,LKT,Løkta,Lokta,18,RL,--3-----,1801,,6609N 01242E,
,NO,LSG,Lørenskog,Lorenskog,02,RL,-23-----,1501,,5956N 01056E,
,NO,LOT,Løten,Loten,04,RL,-23-----,0901,,6049N 01119E,
,NO,MLA,Madla,Madla,11,RL,--3-----,1801,,5857N 00539E,
,NO,MAG,Magnor,Magnor,04,AF,--3-----,9506,,,
,NO,MLM,Malm,Malm,17,AA,1-3-----,1501,,6404N 01114E,
,NO,MAK,Malvik,Malvik,16,AI,1-------,9704,,,
,NO,MAN,Mandal,Mandal,10,AA,1-3-----,1501,,5801N 00727E,
,NO,MGR,Manger,Manger,12,RQ,1-------,1007,,6038N 00500E,
,NO,MRN,Marnardal,Marnardal,10,RQ,--3-----,0901,,5812N 00730E,
,NO,MSF,Masfjorden,Masfjorden,12,AI,1-------,9704,,,
,NO,MAT,Matre - Masfjorden,Matre - Masfjorden,12,AA,1-------,1401,,6053N 00534E,
,NO,MAH,Maurholen,Maurholen,11,AA,1-------,1407,,5828N 00555E,
,NO,MAU,Mausund,Mausund,16,AA,1-------,1601,,6352N 00840E,
,NO,MEH,Mehamn,Mehamn,20,AA,1-34----,1501,,7102N 02750E,
,NO,MST,Meisingset,Meisingset,15,RL,--3-----,1707,,6251N 00816E,
,NO,MLD,Meland,Meland,12,AI,1-------,9704,,,
,NO,MEL,Melbu,Melbu,18,AA,1-3-----,1501,,6829N 01448E,
,NO,MLS,Melhus,Melhus,16,AI,1-------,1501,,6317N 01016E,
,NO,MLK,Melkøya,Melkoya,20,RL,1-------,0401,,7041N 02336E,
,NO,MEV,Melsomvik,Melsomvik,07,RL,1-3-----,0212,,5913N 01020E,
,NO,MEY,Meløy,Meloy,18,AI,1-------,9704,,,
,NO,MEN,Menstad,Menstad,08,AF,1-------,1601,,5910N 00938E,
,NO,MER,Meraker,Meraker,17,RL,--3-----,0901,,6326N 01145E,
,NO,MID,Midsund,Midsund,15,AA,1-------,1501,,6240N 00640E,
,NO,MIT,Misten,Misten,18,AA,1-------,1407,,6727N 01444E,
,NO,MIS,Misvær,Misvar,18,RQ,1-------,1007,,6707N 01459E,
,NO,MJK,Mjolkeraen,Mjolkeraen,12,RQ,-----6--,1007,,6029N 00515E,
,NO,MVV,Mjølkevikvarden,Mjolkevikvarden,12,AA,1-------,1407,,6033N 00459E,
,NO,MSD,Mjølstadneset,Mjolstadneset,15,RQ,1-------,1007,,6219N 00540E,
,NO,MJO,Mjøndalen,Mjondalen,06,RL,--3-----,9806,,,
,NO,MQN,Mo i Rana,Mo i Rana,18,AA,1234----,1501,,6619N 01408E,
,NO,MOD,Modalen,Modalen,12,AI,1-------,9704,,,
,NO,MOE,Moelv,Moelv,04,RL,--3-----,1501,,6056N 01042E,
,NO,MOI,Moi,Moi,10,RL,--3--6--,0501,,5815N 00711E,
,NO,MOL,Molde,Molde,15,AA,1-34----,1501,,6244N 00709E,
,NO,MLT,Moldtustranda,Moldtustranda,15,RL,1-3-----,0601,,6217N 00537E,
,NO,MON,Mongstad,Mongstad,12,AA,1-3-----,1501,,6049N 00501E,
,NO,MOB,Mongstadbase,Mongstadbase,12,AA,1-------,1407,,6048N 00504E,
,NO,MSB,Mosby,Mosby,10,RQ,--3-----,0901,,5813N 00755E,
,NO,MJF,Mosjøen,Mosjoen,18,AF,1234----,1101,,6550N 01312E,
,NO,MSK,Moskenes,Moskenes,18,AA,1-------,1501,,6753N 01302E,
,NO,MSS,Moss,Moss,01,AA,123-----,1501,,5925N 01039E,
,NO,MOS,Mosterhamn,Mosterhamn,12,AA,1-------,1407,,5942N 00523E,
,NO,MSV,Mosvik,Mosvik,17,AI,1-------,9704,,,
,NO,MRV,Muruvika,Muruvika,16,AA,123-----,1407,,6326N 01050E,
,NO,MYO,Myre-Øksnes,Myre-Oksnes,18,AA,1-3-----,1601,,,
,NO,MYS,Mysen,Mysen,01,AF,-23-----,9506,,,
,NO,MAV,Målselv,Malselv,19,AI,1-------,9704,,,
,NO,MAY,Måløy,Maloy,14,AF,1-3-----,1207,,6156N 00506E,
,NO,MDL,Måndalen,Mandalen,15,RL,--3-----,1801,,6232N 00726E,
,NO,MSY,Måsøy,Masoy,20,AI,1-------,9704,QFQ,,
,NO,MOV,Mølstrevåg,Molstrevag,12,AA,1-------,1407,,5931N 00516E,
,NO,MOR,Mørsvikbotn,Morsvikbotn,18,AA,1-------,1407,,6742N 01550E,
,NO,NRO,Naerbo,Naerbo,11,RL,--3-----,1707,,5840N 00539E,
,NO,OSY,Namsos,Namsos,17,AA,1234----,1501,,6427N 01130E,
,NO,DSN,Nannestad,Nannestad,02,RQ,1-------,0901,,,
,NO,NVK,Narvik,Narvik,18,AA,1234----,1501,,6825N 01725E,
,NO,NAU,Naustdal,Naustdal,14,AI,1-------,9704,,,
,NO,NVS,Nedre Vats,Nedre Vats,11,RL,--3-----,0901,,5929N 00545E,
,NO,NSA,Nes,Nes,04,RQ,--3-----,1001,,6022N 01201E,
,NO,NSY,Nesbyen,Nesbyen,06,RQ,--3-----,0901,,6034N 00906E,
,NO,NES,Nesflaten-Suldal,Nesflaten-Suldal,11,AF,--3-----,9506,,,
,NO,NSN,Nesna,Nesna,18,AI,1-------,1401,,6612N 01301E,
,NO,NEO,Nesodden,Nesodden,02,AI,1-------,9704,,,
,NO,NSB,Nesseby,Nesseby,20,AI,1-------,9704,,,
,NO,NST,Nesset,Nesset,15,AI,1-------,9704,,,
,NO,NEY,Nesøya,Nesoya,02,RL,--3-----,0901,,5952N 01031E,
,NO,NEV,Nevlunghamn,Nevlunghamn,07,AA,1-------,1407,,5858N 00952E,
,NO,NIT,Nittedal,Nittedal,02,RL,--3-----,0601,,6003N 01053E,
,NO,DBY,Nordby,Nordby,02,RL,1----6--,1807,,5956N 01134E,
,NO,NOD,Norddal,Norddal,15,AI,1-------,9704,,,
,NO,NFD,Nordfjordeid,Nordfjordeid,14,AA,1-3-----,1501,,6154N 00559E,
,NO,NFO,Nordfosen,Nordfosen,16,AA,1-------,1407,,6357N 01011E,
,NO,NOK,Nordkapp,Nordkapp,20,AI,1-------,9704,,,
,NO,NKS,Nordkisa,Nordkisa,02,RL,--3-----,0701,,6011N 01116E,
,NO,NKB,Nordkjosbotn,Nordkjosbotn,19,AA,1-3-----,1501,,6914N 01921E,
,NO,NOL,Nordlenangen,Nordlenangen,19,AA,1-------,1407,,6955N 02010E,
,NO,NOM,Nordmela,Nordmela,18,AA,1-------,1407,,6908N 01541E,
,NO,NOR,Nordreisa,Nordreisa,19,AI,1-------,9704,,,
,NO,NSF,Nordskaget - Frøya,Nordskaget - Froya,16,AA,1-------,1501,,6343N 00834E,
,NO,NRS,Noresund,Noresund,06,RL,--3-----,0507,,6010N 00937E,
,NO,NHS,Norheimsund,Norheimsund,12,AA,1-3-----,1501,,6022N 00608E,
,NO,NTB,Notodden,Notodden,08,AF,-234----,9501,,,
,NO,ZNJ,Nusfjord,Nusfjord,18,AA,1-------,1407,,6802N 01321E,
,NO,NHL,Ny Hellesund,Ny Hellesund,10,AA,--3-----,1401,,5804N 00750E,
,NO,NSD,Nybergsund,Nybergsund,04,RL,--3-----,0501,,6115N 01219E,
,NO,NYE,Nyelv,Nyelv,20,AA,1-------,1407,,7005N 02852E,
,NO,NYH,Nyhamna,Nyhamna,15,RQ,1-------,0901,,6251N 00657E,
,NO,NSS,Nærsnes,Narsnes,06,AI,--3-----,1401,,,
,NO,NRY,Nærøy,Naroy,17,AI,1-------,9704,,,
,NO,NTY,Nøtterøy,Notteroy,07,AI,1-------,9704,,,
,NO,ODD,Odda,Odda,12,AA,1-3-----,1501,,6004N 00632E,
,NO,OKS,Oksnes,Oksnes,18,AI,1-------,9704,,,
,NO,OLD,Olden,Olden,14,AA,1-------,1501,,6150N 00648E,
,NO,OLL,Olderdalen,Olderdalen,19,AA,1-------,1401,,6936N 02031E,
,NO,OLR,Oldervik,Oldervik,19,AA,1-------,1601,,6945N 01941E,
,NO,LYB,Oltedal,Oltedal,11,RL,--3-----,0901,,5850N 00602E,
,NO,OMA,Omastranda,Omastranda,12,AA,1-------,1407,,6013N 00558E,
,NO,OMB,Ombo,Ombo,11,AA,1-------,1407,,5914N 00601E,
,NO,OPA,Opakermoen,Opakermoen,02,RL,--3-----,0607,,6010N 01130E,
,NO,OPP,Oppdal,Oppdal,16,AF,-23-----,9506,,,
,NO,OPG,Oppegård,Oppegard,02,AI,1-------,9704,,,
,NO,ORK,Orkanger,Orkanger,16,AA,1-3-----,1501,,6319N 00950E,
,NO,ORD,Orkdal,Orkdal,16,AI,1-3-----,1601,,,
,NO,ORV,Ortnevik,Ortnevik,14,RL,1-3-----,0212,,6106N 00608E,
,NO,OOS,Os,Os,12,AA,1-3-----,1501,,6010N 00528E,
,NO,OSA,Osa,Osa,12,AA,--3-----,1401,,6035N 00701E,
,NO,OSN,Osen,Osen,16,AI,1-------,9704,,,
,NO,OSL,Oslo,Oslo,03,AA,12345---,1501,,5954N 01044E,
,NO,OSE,Osnes - Vindafjord,Osnes - Vindafjord,11,AA,1-------,1407,,5935N 00534E,
,NO,OST,Osterøy,Osteroy,12,AI,1-------,9704,,,
,NO,T8N,Oteren,Oteren,19,RL,1----6--,1701,,6916N 01954E,
,NO,OTT,Otta,Otta,05,AF,-23-----,9506,XOR,,
,NO,OTB,Ottersbo,Ottersbo,16,AA,--3-----,1407,,6342N 00945E,
,NO,OTO,Ottersøy,Ottersoy,17,AA,1-------,1407,,6452N 01117E,
,NO,OTA,Ottersøya,Ottersoya,18,RQ,1-------,0901,,6451N 01117E,
,NO,OTN,Ottestad,Ottestad,04,RL,--3-----,1701,,6044N 01109E,
,NO,YRO,Oyer,Oyer,05,RL,--3-----,1607,,6115N 01024E,
,NO,PAR,Porsanger,Porsanger,20,AI,1-------,9704,,,
,NO,POR,Porsgrunn,Porsgrunn,08,AA,123-----,1501,,5908N 00938E,
,NO,PFS,Prestfoss,Prestfoss,06,RL,--3-----,0407,,6002N 00938E,
,NO,RAY,Radøy,Radoy,12,AI,1-------,9704,,,
,NO,RLN,Raelingen,Raelingen,14,RQ,--3-----,0101,,,
,NO,RAF,Rafnes,Rafnes,08,AA,1-------,1501,,5906N 00934E,
,NO,RAA,Rakkestad,Rakkestad,01,RL,-23-----,0212,,5925N 01121E,
,NO,RMB,Ramberg,Ramberg,18,AA,1-------,1601,,6805N 01313E,
,NO,RMJ,Ramfjordnes,Ramfjordnes,19,AF,--3-----,1401,,,
,NO,RAM,Ramsund,Ramsund,18,AA,1-3-----,1501,,6829N 01630E,
,NO,RMV,Ramsvika,Ramsvika,15,RQ,1-------,0901,,6257N 00724E,
,NO,RNA,Rana,Rana,18,AI,1-------,9704,,,
,NO,RDB,Randaberg,Randaberg,11,AA,1-------,1501,,5900N 00538E,
,NO,RAN,Ranheim,Ranheim,16,RL,--3--6--,1501,,6326N 01033E,
,NO,RBV,Raudbergvika,Raudbergvika,15,AA,1-------,1407,,6216N 00703E,
,NO,RGJ,Raudeberg,Raudeberg,14,RL,-----6--,1201,,6158N 00508E,
,NO,RSD,Raudsand,Raudsand,15,AA,1-3-----,1407,,6250N 00807E,
,NO,RFS,Raufoss,Raufoss,05,AF,-23-----,9506,,,
,NO,RAU,Rauma,Rauma,15,AI,1-------,9704,,,
,NO,RES,Raunes - Vindafjord,Raunes - Vindafjord,11,AA,1-------,1407,,5926N 00545E,
,NO,REE,Re,Re,07,RQ,1-------,1007,,5929N 01022E,
,NO,REI,Reine,Reine,18,RL,--3-----,0701,,6805N 01331E,
,NO,RFJ,Reinfjord,Reinfjord,19,AA,1-------,1407,,7006N 02136E,
,NO,REK,Rekefjord,Rekefjord,11,AA,1-3-----,1501,,5820N 00615E,
,NO,REA,Rena,Rena,04,RL,--3-----,1707,,6108N 01122E,
,NO,RD2,Rendalen,Rendalen,04,RL,--3-----,1607,,6151N 01110E,
,NO,REN,Rennesøy,Rennesoy,11,AA,1-------,1501,,5905N 00541E,
,NO,REP,Repparfjord,Repparfjord,20,AA,1-------,1601,,7027N 02417E,
,NO,RPV,Repvåg,Repvag,20,RL,1-3-----,0901,,7045N 02541E,
,NO,RND,Rindal,Rindal,15,RL,--3-----,0701,,6303N 00912E,
,NO,RIN,Ringebu,Ringebu,05,AF,-23-----,9506,,,
,NO,RIV,Risavika,Risavika,11,AA,1-------,1407,,5856N 00536E,
,NO,RNS,Risnes,Risnes,12,RQ,0-------,9811,,,
,NO,RSS,Rissa,Rissa,16,RL,1-3-----,0601,,6335N 00958E,
,NO,RIS,Risør,Risor,09,AA,1-3-----,1501,,5843N 00914E,
,NO,RSH,Risøyhamn,Risoyhamn,18,RL,1-3-----,0901,,6858N 01538E,
,NO,RKN,Rjukan,Rjukan,08,AF,-23-----,9506,,,
,NO,RAO,Roa,Roa,05,RQ,--3-----,0607,,6017N 01036E,
,NO,ROA,Roan,Roan,16,AI,1-------,9704,,,
,NO,ROG,Rognan,Rognan,18,RL,123-----,0601,,6706N 01523E,
,NO,RLL,Rollag,Rollag,06,RQ,--3-----,9705,,,
,NO,RVY,Rolvsøy,Rolvsoy,01,AI,--3-----,1401,,,
,NO,RSE,Rosendal,Rosendal,12,RL,--3-----,0901,,5959N 00601E,
,NO,ROV,Rovde,Rovde,15,AA,1-------,1407,,6211N 00545E,
,NO,RUB,Rubbestadneset,Rubbestadneset,12,RL,1-3-----,0701,,5948N 00516E,
,NO,RUD,Rud,Rud,02,RL,-23-----,0901,,5957N 01103E,
,NO,RUS,Rudshøgda,Rudshogda,04,RL,--3-----,0901,,6055N 01048E,
,NO,RUN,Runde,Runde,15,AA,1-------,1407,,6224N 00540E,
,NO,RTL,Rutledal,Rutledal,14,AA,1-------,1407,,6104N 00513E,
,NO,RYG,Rygge,Rygge,01,AI,---4----,1601,,5923N 01047E,
,NO,NZU,Rykene,Rykene,09,RL,--3--6--,0901,,5824N 00838E,
,NO,AKH,Rykkinn,Rykkinn,02,RQ,-----6--,1007,,5955N 01028E,
,NO,RYF,Rypefjord,Rypefjord,20,RL,1-3-----,0901,,7038N 02340E,
,NO,RAD,Råde,Rade,01,AI,1-------,9704,,,
,NO,RHT,Råholt,Raholt,02,RQ,--3-----,0101,,,
,NO,RAS,Råstad,Rastad,07,RL,--3-----,1301,,5910N 01016E,
,NO,RBG,Rødberg,Rodberg,06,RQ,--3-----,0607,,6016N 00856E,
,NO,RDY,Rødøy,Rodoy,18,AI,1-------,9704,,,
,NO,RSG,Rømskog,Romskog,01,RQ,--3-----,0101,,,
,NO,RON,Rønningen,Ronningen,08,RL,--3-----,1407,,5904N 00938E,
,NO,RRS,Røros,Roros,16,AF,---4----,9501,,,
,NO,RVK,Rørvik,Rorvik,17,AF,1-34-6--,0907,,6451N 01114E,
,NO,RET,Røst,Rost,18,AA,1--4----,1501,,6731N 01208E,
,NO,SGU,Sagstua,Sagstua,04,RQ,--3-----,0607,,,
,NO,SAL,Salangen,Salangen,19,AA,1-------,1501,,6852N 01749E,
,NO,SAC,Salangsverket,Salangsverket,19,AA,1-------,1407,,6854N 01743E,
,NO,SBU,Salsbruket,Salsbruket,17,AF,1-------,1101,,6448N 01152E,
,NO,SDL,Saltdal,Saltdal,18,AI,1-------,9704,,,
,NO,SAT,Salten,Salten,18,AA,1-3-----,1601,,6722N 01535E,
,NO,SLH,Salthella,Salthella,12,RQ,1-------,0901,,6000N 00507E,
,NO,SAM,Samnanger,Samnanger,12,AI,1-------,9704,,,
,NO,SAX,Sand,Sand,11,AA,1-------,1407,,5929N 00615E,
,NO,SDN,Sandane,Sandane,14,AF,-23-----,9506,,,
,NO,SVF,Sande i Vestfold,Sande i Vestfold,07,RQ,--3-----,1501,,,
,NO,TRF,Sandefjord,Sandefjord,07,AA,1234----,1601,,5907N 01013E,
,NO,SAF,Sandeid,Sandeid,11,AA,1-------,1401,,5933N 00550E,
,NO,SAS,Sandnes,Sandnes,11,AA,123-----,1501,,5851N 00544E,
,NO,SSJ,Sandnessjøen,Sandnessjoen,18,AA,1-34----,1501,,6601N 01238E,
,NO,SDI,Sandvika,Sandvika,02,AA,1-------,1601,,5953N 01031E,
,NO,SAI,Sandviksberget,Sandviksberget,16,AA,1-------,1601,,6419N 01027E,
,NO,SAY,Sandøya,Sandoya,15,AI,1-------,1401,,6857N 01640E,
,NO,ANN,Sannidal,Sannidal,08,RL,1-3-----,0601,,5853N 00917E,
,NO,SPG,Sarpsborg,Sarpsborg,01,AA,123-----,1501,,5916N 01106E,
,NO,SAU,Sauda,Sauda,11,AA,1-3-----,1501,,5938N 00621E,
,NO,SJE,Selje,Selje,14,AA,1-------,1501,QFK,6202N 00520E,
,NO,SEJ,Seljeli,Seljeli,18,AA,1-------,1407,,6608N 01335E,
,NO,SEL,Seljord,Seljord,08,AF,--3-----,9506,,,
,NO,SEK,Sellebakk,Sellebakk,01,RL,--3-----,9806,,,
,NO,SEV,Selva,Selva,16,AA,1-------,1407,,6337N 00944E,
,NO,SEM,Sem,Sem,08,RL,--3-----,0201,,5934N 00913E,
,NO,SET,Sem-Tønsberg,Sem-Tonsberg,07,AF,--3-----,9506,,,
,NO,SJA,Senja,Senja,19,AF,--3-----,1401,,,
,NO,SJH,Senjahopen,Senjahopen,19,AA,1-3-----,1401,,6930N 01729E,
,NO,SRD,Sigerfjord,Sigerfjord,18,RL,1-3-----,0701,,6838N 01532E,
,NO,SIG,Siggerud,Siggerud,04,RL,-23-----,0401,,6035N 01153E,
,NO,SIH,Siholmen,Siholmen,16,AA,1-------,1407,,6344N 00850E,
,NO,SRV,Sirevåg,Sirevag,11,AA,123-----,1401,,5830N 00547E,
,NO,SSS,Sistranda,Sistranda,16,AA,1-------,1407,,6343N 00850E,
,NO,SJU,Sjursøja/Oslo,Sjursoja/Oslo,03,RL,1-3-----,0601,,5953N 01046E,
,NO,SJO,Sjøholt,Sjoholt,15,AA,1-3-----,1501,,6228N 00648E,
,NO,SJV,Sjøvegan,Sjovegan,19,AA,1-------,1407,,6853N 01750E,
,NO,SAA,Skaland,Skaland,19,RL,1-------,1601,,6927N 01718E,
,NO,SKM,Skalle,Skalle,15,RL,--3-----,0212,,6248N 00741E,
,NO,SRH,Skarholmen,Skarholmen,12,AA,1-------,1601,,6024N 00512E,
,NO,SKR,Skarnes,Skarnes,04,AF,--3-----,9506,,,
,NO,SKZ,Skarsvåg,Skarsvag,20,RL,1-------,1007,,7106N 02549E,
,NO,SKS,Skatval-Stjordal,Skatval-Stjordal,17,AF,-23-----,9506,,,
,NO,SAN,Skaun,Skaun,16,AI,1-------,9704,,,
,NO,SKD,Skedsmokorset,Skedsmokorset,02,RL,--3-----,1701,,6001N 01102E,
,NO,SIK,Ski,Ski,02,RL,--3-----,9805,,,
,NO,SKB,Skibotn,Skibotn,19,AA,1-3-----,1501,,6923N 02015E,
,NO,SKE,Skien,Skien,08,AA,1234----,1501,,5912N 00936E,
,NO,SKF,Skiftun,Skiftun,11,AA,1-------,1601,,5917N 00608E,
,NO,SPK,Skipavik,Skipavik,12,AA,1-------,1601,,6004N 00536E,
,NO,SIP,Skipavik - Gulen,Skipavik - Gulen,12,AA,1-------,1601,,6051N 00502E,
,NO,KEE,Skjeberg,Skjeberg,01,RL,--3-----,1401,,5914N 01112E,
,NO,SKI,Skjerkøya,Skjerkoya,08,AA,1-------,1407,,5900N 00945E,
,NO,SST,Skjerstad,Skjerstad,18,AI,--3-----,1401,ZXL,,
,NO,SKY,Skjervøy,Skjervoy,19,AA,1-------,1501,,7002N 02058E,
,NO,SJT,Skjetten,Skjetten,02,RL,--3-----,0701,,5958N 01100E,
,NO,SLN,Skjolden,Skjolden,14,RL,1-3-----,0212,,6129N 00735E,
,NO,SKH,Skjærhalden,Skjarhalden,01,AA,1-------,1407,,5901N 01102E,
,NO,SKO,Skodje,Skodje,15,AI,1-------,9704,,,
,NO,SKX,Skogn,Skogn,17,AA,123-----,1501,,6342N 01109E,
,NO,SKG,Skogsvåg,Skogsvag,12,AA,--3--6--,1407,,6015N 00506E,
,NO,SKP,Skoppum,Skoppum,07,RL,--3-----,0701,,5923N 01024E,
,NO,SGT,Skorgeneset,Skorgeneset,15,RQ,1-------,1007,,6234N 00707E,
,NO,SK2,Skotselv,Skotselv,06,RL,--3-----,1301,,5951N 00953E,
,NO,SRI,Skreia,Skreia,05,RL,--3-----,1401,,6039N 01056E,
,NO,SRK,Skrolsvik,Skrolsvik,19,AA,1-------,1407,,6904N 01649E,
,NO,SRO,Skrova,Skrova,18,RQ,1-3-----,1601,,6810N 01440E,
,NO,SKU,Skudeneshavn,Skudeneshavn,11,AA,1-3-----,1501,,5908N 00516E,
,NO,SYA,Skytta,Skytta,03,RQ,--3-----,9811,,,
,NO,SKV,Skålevik,Skalevik,12,RL,1-3-----,0601,,6023N 00514E,
,NO,SEI,Skånevik,Skanevik,12,AF,1-------,1601,,,
,NO,SKL,Skånland,Skanland,19,AI,1-------,9704,,,
,NO,SLG,Slagentangen,Slagentangen,07,AA,1-3-----,1501,,5919N 01030E,
,NO,SLM,Slemmestad,Slemmestad,06,AA,1-3-----,1501,,5946N 01029E,
,NO,SLE,Slependen,Slependen,02,AF,-23-----,0307,,5952N 01030E,
,NO,SLU,Slitu,Slitu,01,RL,--3-----,1501,,5935N 01116E,
,NO,SLV,Sløvåg,Slovag,14,AA,1----6--,1407,,6051N 00504E,
,NO,SMO,Smøla,Smola,15,AA,1-------,1501,,6327N 00800E,
,NO,ROY,Snarøya,Snaroya,02,RL,12---6--,0901,,5953N 01037E,
,NO,SNF,Snefjord,Snefjord,20,AA,1-------,1501,,7048N 02434E,
,NO,SNV,Snekkevik,Snekkevik,08,AA,1-------,1407,,5852N 00918E,
,NO,SNI,Snillfjord,Snillfjord,16,AI,1-------,9704,,,
,NO,SSA,Snåsa,Snasa,23,RL,--3-----,1807,,6415N 01222E,
,NO,SMR,Sofiemyr,Sofiemyr,02,RQ,--3-----,0101,,,
,NO,SOG,Sogndal,Sogndal,14,AA,1--4----,1501,,6113N 00706E,
,NO,SNA,Sokna,Sokna,06,RL,-23-----,0601,,6015N 00956E,
,NO,SOK,Sokndal,Sokndal,11,AI,1-------,9704,,,
,NO,SLA,Sola,Sola,11,AF,--34----,9501,,,
,NO,SBE,Solbergelva,Solbergelva,06,RL,-23-----,0407,,5946N 01004E,
,NO,SFS,Solfjellsjøen,Solfjellsjoen,18,RL,--3-----,1701,,6607N 01229E,
,NO,SLD,Solund,Solund,14,AA,1-------,1501,,6104N 00450E,
,NO,SOM,Sommarøy,Sommaroy,19,AA,--3-----,1407,,6937N 01800E,
,NO,SON,Son,Son,02,RL,--3-----,1501,,5931N 01041E,
,NO,TI9,Sorstraumen,Sorstraumen,19,RL,--3-----,1701,,6951N 02149E,
,NO,SLX,Sortland,Sortland,18,AA,1-3-----,1501,,6842N 01525E,
,NO,SRX,Sotra,Sotra,12,AF,1-3-----,9501,,,
,NO,DER,Sperrebotn,Sperrebotn,01,AA,1-3-----,1407,,5927N 01048E,
,NO,SPI,Spikkestad,Spikkestad,06,RL,-23--6--,0901,,5945N 01020E,
,NO,SPM,Spillåm,Spillam,17,RL,--3-----,0207,,6427N 01132E,
,NO,SPV,Spjelkavik,Spjelkavik,15,AA,1-3-----,1501,,6227N 00620E,
,NO,SPD,Spongdal,Spongdal,16,RL,--3-----,0407,,6321N 01009E,
,NO,SPY,Spydeberg,Spydeberg,01,RL,--3-----,0201,,5936N 01104E,
,NO,SBK,Stabekk,Stabekk,02,RL,--3-----,9806,,,
,NO,SDT,Stadlandet,Stadlandet,14,AA,1-------,1601,,6208N 00519E,
,NO,SEA,Stadlandet,Stadlandet,14,RL,--3-----,1301,,6208N 00514E,
,NO,YGD,Stadsbygd,Stadsbygd,16,RL,--3-----,1801,,6330N 01001E,
,NO,SAK,Stakkvik,Stakkvik,19,AA,1-------,1407,,6957N 01940E,
,NO,SUZ,Stamsund,Stamsund,18,AA,1-3-----,1501,,6807N 01350E,
,NO,SNL,Standal,Standal,15,AA,1-------,1601,,6216N 00626E,
,NO,STN,Stange,Stange,04,RL,--3-----,9806,,,
,NO,SHT,Stanghelle,Stanghelle,12,AA,1-------,1407,,6033N 00544E,
,NO,STA,Stathelle,Stathelle,08,AA,1-3-----,1501,,5902N 00942E,
,NO,SAB,Staubø,Staubo,09,RL,--3-----,0407,,5833N 00858E,
,NO,SVG,Stavanger,Stavanger,11,AI,1234----,1101,,5858N 00545E,
,NO,STV,Stavern,Stavern,07,AA,1-3-----,1501,,5859N 01002E,
,NO,SVT,Stavneset - Rissa,Stavneset - Rissa,16,AA,1-------,1601,,6342N 00957E,
,NO,STG,Steigen,Steigen,18,AI,1-------,9704,,,
,NO,SNB,Steinberg,Steinberg,06,RL,--3-----,0901,,5946N 00957E,
,NO,SNS,Steinesjøen,Steinesjoen,18,RQ,1-------,0901,,6836N 01427E,
,NO,STE,Steinkjer,Steinkjer,17,AF,123-----,1401,,6401N 01129E,
,NO,STH,Steinshamn,Steinshamn,15,RL,1-3-----,0307,,6247N 00629E,
,NO,STI,Steinvig,Steinvig,11,AA,1-------,1407,,5858N 00600E,
,NO,STY,Stjernøya,Stjernoya,20,RL,1-------,0212,,7018N 02243E,
,NO,STJ,Stjørdal,Stjordal,17,AA,1234----,1501,,6328N 01053E,
,NO,STK,Stokke,Stokke,07,AI,1-------,9704,,,
,NO,SKK,Stokksund,Stokksund,16,AA,1-3-----,1601,,6402N 01003E,
,NO,STO,Stokkvågen,Stokkvagen,18,AA,1-------,1401,,6620N 01300E,
,NO,SKN,Stokmarknes,Stokmarknes,18,AA,1-34----,1501,,6834N 01454E,
,NO,SRP,Stord,Stord,12,AA,1--4----,1501,,5945N 00529E,
,NO,SBA,Stord base,Stord base,12,AA,1-------,1407,,5945N 00529E,
,NO,SDZ,Stordal,Stordal,15,AA,1-3-----,1501,,6222N 00659E,
,NO,STB,Storebø,Storebo,12,AA,1-------,1401,,6006N 00513E,
,NO,SRS,Storesund,Storesund,11,AA,1-------,1601,,5925N 00516E,
,NO,STF,Storfjord,Storfjord,19,AI,1-------,9704,,,
,NO,SFH,Storforshei,Storforshei,18,RL,--3-----,1607,,6624N 01431E,
,NO,STS,Storskog,Storskog,20,AF,--3----B,1601,,,
,NO,LET,Storslett,Storslett,19,RL,--3-----,1701,,6935N 02035E,
,NO,SSN,Storsteinnes,Storsteinnes,19,AA,--3-----,1401,,6915N 01914E,
,NO,SOY,Storøya,Storoya,11,RQ,1-------,0901,,5925N 00514E,
,NO,STD,Strand,Strand,11,AI,1-------,9704,,,
,NO,SRN,Stranda,Stranda,15,AA,1-3-----,1501,,6218N 00656E,
,NO,TDA,Stranda,Stranda,18,RL,-----6--,1201,,6758N 01500E,
,NO,STZ,Stranda - Frøya,Stranda - Froya,16,AA,1-------,1601,,6348N 00841E,
,NO,UME,Straume,Straume,12,AA,1-------,1407,,6019N 00517E,
,NO,SGJ,Straumsgjerde,Straumsgjerde,15,AA,1-3-----,1501,,6220N 00635E,
,NO,SSO,Straumsjøen,Straumsjoen,18,AA,1-------,1407,,6842N 01428E,
,NO,SRM,Straumsnes,Straumsnes,18,RL,1-3-----,0601,,6839N 01438E,
,NO,SSH,Strusshamn,Strusshamn,12,RL,--3-----,1307,,6024N 00511E,
,NO,STR,Stryn,Stryn,14,AA,1-3-----,1501,,6153N 00642E,
,NO,SMM,Strømmen,Strommen,02,RL,-23-----,0601,,5957N 01100E,
,NO,STU,Stura,Stura,12,AA,1-------,1601,,6037N 00452E,
,NO,STX,Stø,Sto,18,AA,1-------,1407,,6901N 01508E,
,NO,SUA,Sula,Sula,15,AI,1-------,9704,,,
,NO,SUL,Suldal,Suldal,11,AI,1-------,9704,,,
,NO,SND,Sund,Sund,12,AI,1-------,9704,,,
,NO,UND,Sund - Karmøy,Sund - Karmoy,11,AA,1-------,1407,,5918N 00514E,
,NO,SIS,Sunde,Sunde,12,RL,1-3-----,0901,,5950N 00543E,
,NO,SUB,Sundebru,Sundebru,09,RL,--3-----,1207,,5850N 00905E,
,NO,SUD,Sunndal,Sunndal,14,RL,--3-----,1007,,6156N 00539E,
,NO,SUN,Sunndalsøra,Sunndalsora,15,AF,1-3-----,1007,,6240N 00833E,
,NO,SUR,Surnadal,Surnadal,15,AA,1-3-----,1501,,6259N 00838E,
,NO,SUS,Susort,Susort,11,RQ,1-------,1007,,5917N 00528E,
,NO,SVA,Svarstad,Svarstad,04,RL,--3-----,1701,,6142N 11130E,
,NO,SVB,Svartebukt,Svartebukt,07,AA,1-------,1407,,5901N 00950E,
,NO,SVO,Sveio,Sveio,12,AI,1-------,0212,,5933N 00521E,
,NO,SVE,Svelgen,Svelgen,14,AA,1-3-----,1501,,6146N 00517E,
,NO,SVV,Svelvik,Svelvik,07,AA,1-3-----,1501,,5936N 01024E,
,NO,SVD,Svinesund,Svinesund,01,AF,--3----B,9506,,,
,NO,SVN,Svinndal,Svinndal,01,RL,--3-----,1307,,5926N 01059E,
,NO,SVJ,Svolvær,Svolvar,18,AA,1-34----,1501,,6813N 01433E,
,NO,SOS,Svolvær Osan,Svolvar Osan,18,AA,1-------,1407,,6814N 01432E,
,NO,SYK,Sykkylven,Sykkylven,15,AA,1-3-----,1501,,6224N 00634E,
,NO,SID,Sævareid,Savareid,12,RL,1-------,1201,,6011N 00546E,
,NO,SVL,Sævlandsvik,Savlandsvik,11,AA,1-------,1601,,5916N 00511E,
,NO,SOV,Sövik,Sovik,15,RL,1-3-----,0207,,6226N 00645E,
,NO,SFT,Søfteland,Softeland,12,RL,--3--6--,0901,,6014N 00526E,
,NO,SNE,Søgne,Sogne,10,AI,1-------,1101,,5805N 00749E,
,NO,SMN,Sømna,Somna,18,AI,1-------,9704,,,
,NO,SOR,Sørarnoy,Sorarnoy,18,AA,1-------,1501,,6708N 01359E,
,NO,SOF,Sørfold,Sorfold,18,AI,1-------,9704,,,
,NO,SOJ,Sørkjosen,Sorkjosen,19,RL,1-34----,0901,,6948N 02056E,
,NO,SRA,Sørreisa,Sorreisa,19,AA,1-------,1501,,6908N 01807E,
,NO,SVR,Sørvær,Sorvar,20,RL,1-3-----,0901,,7038N 02159E,
,NO,TAF,Tafjord,Tafjord,15,AA,--3-----,1401,,6214N 00725E,
,NO,TAA,Tana,Tana,20,AI,1-------,9704,QTP,,
,NO,TAE,Tananger,Tananger,11,AA,1-3-----,1501,,5855N 00535E,
,NO,TAT,Tangen,Tangen,04,AA,--3-----,1407,,6037N 01116E,
,NO,TAU,Tau,Tau,11,AA,1-3-----,1501,,5903N 00554E,
,NO,TEJ,Tennfjord,Tennfjord,15,RL,--3-----,1801,,6232N 00636E,
,NO,TOY,Thorøya,Thoroya,07,RQ,1-3-----,0901,,5906N 01014E,
,NO,TLR,Tiller,Tiller,16,RL,-----6--,1801,,6321N 01026E,
,NO,TIN,Tingvoll,Tingvoll,15,AI,1-------,9704,,,
,NO,TBO,Tjeldbergodden,Tjeldbergodden,15,AA,1-------,1401,,6328N 00900E,
,NO,TJS,Tjeldsund,Tjeldsund,18,AI,1-------,9704,,,
,NO,TJA,Tjelta,Tjelta,11,RQ,--3-----,1001,,5850N 00537E,
,NO,TLG,Tjodalyng,Tjodalyng,07,RQ,--3-----,0207,,,
,NO,TJO,Tjøme,Tjome,07,AI,1-------,9704,,,
,NO,TJR,Tjørvåg,Tjorvag,15,AA,1-3-----,1501,,6217N 00544E,
,NO,TJL,Tjøtta,Tjotta,18,AA,1-------,1407,,6549N 01226E,
,NO,TDL,Todal,Todal,15,RQ,--3--6--,1007,,6249N 00842E,
,NO,NZH,Tofte,Tofte,06,AA,--3--6--,1401,,5933N 01034E,
,NO,TOF,Tofte - Hurum,Tofte - Hurum,06,AA,1-3-----,1501,,5932N 01034E,
,NO,TGA,Tolga,Tolga,04,RL,--3-----,0701,,6224N 01100E,
,NO,TOD,Tolvsrød,Tolvsrod,07,RQ,--3-----,1501,,5918N 01027E,
,NO,TOM,Tomrefjord,Tomrefjord,15,AA,1-3-----,1501,,6235N 00655E,
,NO,TTR,Tomter,Tomter,01,RL,--3-----,1807,,5939N 01059E,
,NO,TNN,Tonnes,Tonnes,18,AA,1-------,1407,,6631N 01300E,
,NO,TAV,Torangsvåg,Torangsvag,12,RQ,1-------,0901,,6007N 00510E,
,NO,TJU,Torjulvågen,Torjulvagen,15,AA,1-------,1407,,6259N 00815E,
,NO,TRP,Torp,Torp,01,RL,--3-----,0507,,5915N 01102E,
,NO,TOR,Torsken,Torsken,19,AA,1-------,1501,,6920N 01706E,
,NO,TVA,Torsvåg,Torsvag,19,AA,1-------,1407,,7015N 01930E,
,NO,TSD,Torvastad,Torvastad,11,AF,--3-----,9506,,,
,NO,TVI,Torvika,Torvika,15,AA,1-------,1407,,6220N 00544E,
,NO,TOV,Tovik,Tovik,19,RL,1-3-----,0212,,6841N 01654E,
,NO,TRA,Trana,Trana,18,AI,--3-----,1401,,6400N 01131E,
,NO,TNB,Tranby,Tranby,06,RL,-23-----,0601,,5947N 01016E,
,NO,TRY,Tranøy,Tranoy,19,AI,1-------,9704,,,
,NO,TRE,Tretten,Tretten,05,AF,--3-----,9506,,,
,NO,TRO,Trollåsen,Trollasen,02,RL,123-----,0901,,6002N 01002E,
,NO,NZY,Tromsdalen,Tromsdalen,19,RL,1-3--6--,0901,,6939N 01901E,
,NO,TOS,Tromsø,Tromso,19,AI,1-34----,1101,,6940N 01858E,
,NO,TMV,Tromvik,Tromvik,19,RL,1-3-----,0901,,6947N 01824E,
,NO,TRD,Trondheim,Trondheim,16,AA,1234----,1501,,6326N 01024E,
,NO,TRL,Trysil,Trysil,04,RL,--3-----,0207,,6119N 01216E,
,NO,TRN,Træna,Trana,18,RQ,1-------,1001,,6630N 01206E,
,NO,TUF,Tufjorden,Tufjorden,20,AA,1-------,1407,,7100N 02354E,
,NO,TUS,Tustna,Tustna,15,AI,1-------,9704,,,
,NO,TVE,Tvedestrand,Tvedestrand,09,AA,1-3-----,1501,,5837N 00855E,
,NO,TVT,Tveit,Tveit,10,AF,--3-----,9506,,,
,NO,TYF,Tysfjord,Tysfjord,18,AI,1-------,9704,,,
,NO,TYN,Tysnes,Tysnes,12,AI,1-------,9704,,,
,NO,TSB,Tyssebotn,Tyssebotn,12,AA,1-------,1407,,6037N 00535E,
,NO,TSX,Tyssedal,Tyssedal,12,AA,1-3-----,1501,,6007N 00633E,
,NO,TYV,Tysvær,Tysvar,11,AI,1-------,9704,,,
,NO,TYT,Tytebærvika,Tytebarvika,19,AA,1-------,1407,,6936N 01958E,
,NO,TAL,Tælavåg,Talavag,12,AA,1-------,1601,,6015N 00459E,
,NO,TON,Tønsberg,Tonsberg,07,AA,123-----,1501,,5915N 01025E,
,NO,UGD,Uggdal,Uggdal,12,RL,--3-----,0601,,6000N 00532E,
,NO,ULL,Ullensvang,Ullensvang,12,AA,1-------,1501,,6019N 00639E,
,NO,ULE,Ulstein,Ulstein,15,RQ,1-------,1007,,6222N 00549E,
,NO,ULS,Ulsteinvik,Ulsteinvik,15,AA,1-3-----,1501,,6220N 00550E,
,NO,UVG,Ulsvåg,Ulsvag,18,AA,--3-----,1401,,6807N 01551E,
,NO,UVK,Ulvik,Ulvik,12,AA,1-------,1501,,6034N 00655E,
,NO,UBO,Uløybukt,Uloybukt,19,AA,1-------,1407,,6951N 02042E,
,NO,UDH,Undheim,Undheim,11,RL,--3-----,1301,,5841N 00547E,
,NO,UDL,Undrumsdal,Undrumsdal,07,RL,-----6--,1401,,5922N 01021E,
,NO,USD,Uskedalen,Uskedalen,12,AA,1-3-----,1401,,5956N 00551E,
,NO,UTG,Utgårdskilen,Utgardskilen,01,AA,1-------,1601,,5905N 01052E,
,NO,UTH,Uthaug,Uthaug,16,RL,1-3-----,0901,,6343N 00936E,
,NO,UTN,Utne,Utne,12,RL,1-3-----,0901,,6025N 00636E,
,NO,UTS,Utsira,Utsira,11,AA,1-------,1501,,5918N 00453E,
,NO,UTV,Utvorda,Utvorda,17,AA,1-------,1407,,6436N 01057E,
,NO,UVD,Uvdal,Uvdal,06,RL,--3-----,0901,,6016N 00844E,
,NO,VHM,Vadheim,Vadheim,14,RL,1-------,1601,,6112N 00549E,
,NO,VDS,Vadsø,Vadso,20,AF,1-34----,1101,,7004N 02946E,
,NO,VAK,Vaksdal,Vaksdal,12,AA,123-----,1501,,6028N 00544E,
,NO,VBE,Valberg,Valberg,08,AA,1-------,1407,,5853N 00925E,
,NO,NZA,Valderøy,Valderoy,15,RL,--3--6--,0901,,6231N 00607E,
,NO,VDO,Valestrandsfossen,Valestrandsfossen,12,RL,--3-----,0701,,6029N 00525E,
,NO,VAG,Valevåg,Valevag,12,RL,1-3-----,0607,,5942N 00528E,
,NO,VAD,Valldal,Valldal,15,AA,1-------,1407,,6218N 00716E,
,NO,VLS,Vallersund,Vallersund,16,AA,1-------,1601,,6351N 00945E,
,NO,VAL,Valløy,Valloy,07,AF,1-------,1601,,5916N 01030E,
,NO,VAE,Valsneset,Valsneset,16,AA,1-------,1407,,6349N 00938E,
,NO,VID,Vannareid,Vannareid,19,RL,--3-----,1301,,7012N 01937E,
,NO,VNN,Vannavalen,Vannavalen,19,RL,1-------,1307,,7007N 01958E,
,NO,VNV,Vannvåg,Vannvag,19,AA,--3-----,1401,,7004N 02000E,
,NO,VSE,Vanse,Vanse,10,RL,--3-----,9805,,,
,NO,VAN,Vanvikan-Leksvik,Vanvikan-Leksvik,17,AA,1-3-----,1501,,6333N 01014E,
,NO,VAY,Vanylven,Vanylven,15,AI,1-------,9704,,,
,NO,VAO,Vardø,Vardo,20,AA,1-34----,1501,VAW,7022N 03106E,
,NO,NYA,Varhaug,Varhaug,11,RL,-----6--,0901,,5837N 00539E,
,NO,VTL,Vartdal,Vartdal,15,AA,1-3-----,1401,,6218N 00604E,
,NO,AUA,Vatnestrøm,Vatnestrom,09,RL,--3-----,1607,,5825N 00803E,
,NO,VAT,Vatnstraum,Vatnstraum,09,RL,--3-----,1207,,5825N 00805E,
,NO,VTS,Vats,Vats,11,AA,1-------,1601,,5929N 00544E,
,NO,EAR,Vear,Vear,07,AA,-----6--,1407,,5915N 10322E,
,NO,VMD,Vedavågen,Vedavagen,11,RL,1-3-----,0901,,5917N 00514E,
,NO,VDD,Vedde,Vedde,18,AA,--3-----,1601,,6801N 01520E,
,NO,VEF,Vefsn,Vefsn,18,AI,1-------,9704,,,
,NO,VEG,Vega,Vega,18,AA,1-------,1501,,6539N 01200E,
,NO,VGG,Veggli,Veggli,06,AF,--3-----,9506,,,
,NO,VSH,Vegårshei,Vegarshei,09,RL,-23-----,0901,,5846N 00848E,
,NO,VEI,Veiholmen,Veiholmen,15,RL,--3-----,1801,,6331N 00757E,
,NO,VEL,Velfjord,Velfjord,18,RL,--3-----,1807,,6525N 01231E,
,NO,VEO,Vengsøy,Vengsoy,19,AA,1-------,1407,,6950N 01835E,
,NO,VNA,Vennesla,Vennesla,10,AF,--3-----,9506,,,
,NO,VER,Verdal,Verdal,17,AA,123-----,1501,,6347N 01126E,
,NO,VRR,Verran,Verran,17,AI,1-------,9704,,,
,NO,BSY,Vestby,Vestby,02,RL,--3-----,1607,,5934N 01043E,
,NO,FRF,Vesterålen,Vesteralen,11,AA,--3-----,1401,,5850N 00617E,
,NO,VSS,Vestfossen,Vestfossen,06,RL,-23-----,1401,,5944N 00952E,
,NO,VST,Vestnes,Vestnes,15,AA,1-3-----,1501,,6238N 00704E,
,NO,VKG,Vestskogen,Vestskogen,07,RL,--3-----,1207,,5914N 01023E,
,NO,VVY,Vestvågøy,Vestvagoy,18,AI,1-------,9704,,,
,NO,VTR,Vettre,Vettre,02,AF,--3-----,9705,,,
,NO,VNG,Vevang,Vevang,15,AA,--3-----,1401,,6300N 00717E,
,NO,VEV,Vevelstad,Vevelstad,18,AI,1-------,9704,,,
,NO,VIG,Vigra,Vigra,15,AA,--3-----,1407,,6233N 00605E,
,NO,VIR,Vigrestad,Vigrestad,11,RL,--3-----,1201,,5834N 00542E,
,NO,VIS,Vik - Sogn,Vik - Sogn,14,AA,1-3-----,1501,,6105N 00635E,
,NO,IKA,Vikan,Vikan,18,AA,1-------,1407,,6712N 01433E,
,NO,VSM,Vikan - Smøla,Vikan - Smola,15,AA,1-3-----,1401,,6323N 00812E,
,NO,VIL,Vikedal,Vikedal,11,AA,1-------,1401,,5930N 00555E,
,NO,VKS,Vikersund,Vikersund,06,RL,--3-----,0901,,5959N 01002E,
,NO,VHN,Vikholmen,Vikholmen,18,AA,1-------,1501,,6612N 01258E,
,NO,VKK,Vikkilen,Vikkilen,09,AA,1-------,1407,,5822N 00837E,
,NO,VKN,Vikna,Vikna,17,AI,1-------,9704,,,
,NO,VIF,Vindafjord,Vindafjord,11,AI,1-------,9704,,,
,NO,VNS,Vingsand,Vingsand,16,AA,1-------,1407,,6421N 01028E,
,NO,VNJ,Vinjeøra,Vinjeora,16,RQ,1-------,1007,,6312N 00859E,
,NO,VIN,Vinstra,Vinstra,05,RL,-23-----,0601,,6136N 00945E,
,NO,VTB,Vinterbro,Vinterbro,02,RQ,--3-----,1501,,5944N 01047E,
,NO,VSN,Visnes - Eide,Visnes - Eide,15,AA,1-------,1601,,6257N 00724E,
,NO,VDL,Vistdal,Vistdal,15,RQ,1-------,1007,,6243N 00756E,
,NO,VDA,Volda,Volda,15,AA,1-3-----,1501,,6208N 00603E,
,NO,VOL,Voldafjorden,Voldafjorden,15,RL,-23-----,0212,,6210N 00606E,
,NO,VLL,Voll,Voll,11,RL,1-3-----,0307,,6812N 01341E,
,NO,SAG,Vormedal,Vormedal,11,RL,1-3-----,0901,,5921N 00519E,
,NO,VSD,Vormsund,Vormsund,02,AA,--3-----,1401,,6009N 01125E,
,NO,VOS,Voss,Voss,12,AF,-23-----,9506,,,
,NO,VYG,Voyenenga,Voyenenga,02,RQ,--3-----,0901,,5954N 01028E,
,NO,VRE,Vrengen,Vrengen,07,AA,--3-----,1401,,5910N 01025E,
,NO,VOH,Vågaholmen,Vagaholmen,18,AA,1-------,1407,,6643N 01317E,
,NO,VGN,Vågan,Vagan,18,AI,1-------,9704,,,
,NO,VVG,Vågsvåg,Vagsvag,14,RL,1-3-----,0901,,6156N 00503E,
,NO,VGY,Vågsøy,Vagsoy,14,AI,1-------,9704,,,
,NO,VGA,Vågå,Vaga,05,RQ,--3-----,0901,,6152N 00905E,
,NO,VAS,Våler,Valer,04,RL,-23-----,0901,,6040N 01150E,
,NO,VLR,Våler,Valer,01,RQ,--3-----,0407,,,
,NO,VEY,Værøy,Varoy,18,AA,1-------,1501,VRY,6739N 01242E,
,NO,YTR,Ytre Enebakk,Ytre Enebakk,02,RL,--3-----,0901,,,
,NO,YTO,Ytrøy,Ytroy,14,AA,1-------,1601,,6105N 00441E,
,NO,AAA,Å i Lofoten,A i Lofoten,18,AA,1-------,1407,,6753N 01259E,
,NO,AAF,Åfjord,Afjord,16,AI,1-------,9704,,,
,NO,AGO,Ågotnes,Agotnes,12,AF,1-3-----,0401,,6024N 00501E,
,NO,AGK,Ågskardet,Agskardet,18,AA,1-------,1407,,6643N 01329E,
,NO,AHM,Åheim,Aheim,15,RQ,1-------,1101,,6202N 00531E,
,NO,AKM,Åkrehamn,Akrehamn,11,AA,1-------,1501,,5915N 00510E,
,NO,AAL,Ål,Al,06,RL,--3-----,0901,,6038N 00834E,
,NO,ALE,Ålefjær,Alefjar,10,AA,1-------,1407,,5814N 00801E,
,NO,AES,Ålesund,Alesund,15,AF,1-34----,1207,,6228N 00609E,
,NO,ALG,Ålgård,Algard,11,RL,--3-----,0201,,5845N 00551E,
,NO,AAV,Ålvik,Alvik,12,AA,1-3-----,1501,,6025N 00625E,
,NO,MOT,Åmot,Amot,06,RL,--3-----,1801,,5954N 00954E,
,NO,ASR,Åna-Sira,Ana-Sira,11,RL,--3-----,0201,,5818N 00623E,
,NO,AND,Åndalsnes,Andalsnes,15,AF,123--6--,0907,,6234N 00742E,
,NO,AAN,Årdal,Ardal,14,AF,1-3-----,9501,,,
,NO,ARH,Årdal - Hjelmeland,Ardal - Hjelmeland,11,AA,1-------,1407,,5909N 00610E,
,NO,ARD,Årdalstangen,Ardalstangen,14,AA,1-3-----,1501,,6114N 00742E,
,NO,ARN,Årnes,Arnes,02,AF,-23-----,0212,,6007N 01128E,
,NO,ROS,Åros,Aros,06,RL,--3-----,0701,,5942N 01030E,
,NO,ARS,Årstein,Arstein,19,RL,--3-----,1607,,6841N 01733E,
,NO,AAS,Ås,As,02,AF,-23-----,9506,,,
,NO,ATA,Åtangen,Atangen,08,AA,1-------,1407,,5852N 00921E,
,NO,OKF,Øksfjord,Oksfjord,20,RL,1-3-----,0212,,7014N 02220E,
,NO,OLN,Ølen,Olen,11,AA,1-------,1601,,5936N 00548E,
,NO,OVG,Ølensvåg,Olensvag,11,RL,--3-----,1307,,5935N 00544E,
,NO,OLV,Ølve,Olve,12,RQ,1-------,1007,,6001N 00548E,
,NO,ORJ,Ørje,Orje,01,AF,--3-----,9506,,,
,NO,OLA,Ørland,Orland,16,AI,1-------,9710,,,
,NO,SVI,Ørnes,Ornes,18,RL,1-3--6--,0901,,6652N 01342E,
,NO,OSG,Ørskog,Orskog,15,AI,1-------,9704,,,
,NO,ORS,Ørsta,Orsta,15,AF,1-------,1601,,6211N 00605E,
,NO,OAS,Østerås,Osteras,02,RQ,--3-----,0101,,,
,NO,OVO,Øvrebø,Ovrebo,10,RL,--3--6--,0901,,5817N 00748E,
,NO,OEY,Øye,Oye,05,RL,--3-----,0212,,6109N 00823E,
,NO,OYE,Øye,Oye,10,AF,--3-----,1401,,,
,NO,OYG,Øygarden,Oygarden,12,AI,1-------,9704,,,
,NO,OYS,Øystese,Oystese,12,AA,--3-----,1401,,6023N 00612E,
