,IN,BRN,"Boranada, Jodhpur","Boranada, Jodhpur",RJ,AA,--3--6--,0401,,2616N 07310E,
,IN,PNM,"Panambur, Va Mangalore","Panambur, Va Mangalore",,QQ,1-------,8103,,,
,IN,NRP,Aal-SEZ/Vishakhapatnam,Aal-SEZ/Vishakhapatnam,AP,RQ,-----6--,1001,,1742N 08318E,
,IN,API,Aap-SEZ/Ahmedabad,Aap-SEZ/Ahmedabad,GJ,RQ,-----6--,0907,,2302N 07237E,
,IN,ABH,Abohar,Abohar,PB,RL,--3-----,1207,,3009N 07411E,
,IN,ABU,Abu Road,Abu Road,RJ,RL,-23-----,1207,,2429N 07247E,
,IN,ACK,Acharapakkam,Acharapakkam,TN,AA,--3-----,1601,,1223N 07948E,
,IN,ACH,Achra,Achra,MH,AA,1-------,0006,,,
,IN,APL,Acpl Cfs/Dadri,Acpl Cfs/Dadri,UP,RQ,-----6--,1001,,2834N 07733E,
,IN,AKM,Adakamaranahalli,Adakamaranahalli,KA,RL,--3-----,1401,,1304N 07726E,
,IN,ADK,Adambakkam,Adambakkam,TN,RL,-----6--,1201,,1259N 08012E,
,IN,QRP,Adani Icd/Kila Raipur,Adani Icd/Kila Raipur,PB,AA,-----6--,1807,,3045N 07551E,
,IN,ABD,Adilabad,Adilabad,AP,RL,--3-----,1301,,1940N 07832E,
,IN,ADL,Adimali,Adimali,,RL,-----6--,1201,,1000N 07657E,
,IN,ADP,Adipur,Adipur,JK,RL,--3-----,1301,,3416N 07429E,
,IN,ADY,Adyar,Adyar,TN,RL,-----6--,1201,,1300N 08015E,
,IN,CJA,AEIP SEZ/Kancheepuram,AEIP SEZ/Kancheepuram,TN,AA,--3--6--,1207,,1250N 07943E,
+,IN,BWS,Afs/Kapashera,Afs/Kapashera,DL,AA,-----6--,1907,,2852N 07708E,
,IN,IXA,Agartala,Agartala,,AI,---4----,9601,,,
,IN,AGX,Agatti Island,Agatti Island,,AI,---4----,0001,,,
,IN,AGR,Agra,Agra,UP,AA,---4-6--,0002,,,ICD/CFS = BLJ
,IN,AGA,Agucha,Agucha,RJ,RL,--3-----,1401,,2549N 07443E,
,IN,AMD,Ahmedabad,Ahmedabad,GJ,AA,-234-6--,0407,,2302N 07237E,ICD/CFS = SBI
,IN,MUM,Ahmednagar,Ahmednagar,MH,RL,-23-----,0701,,1905N 07444E,
,IN,BPS,Air Parcel Sorting Office/Mumbai,Air Parcel Sorting Office/Mumbai,MH,AA,----5---,1807,,1855N 07248E,
,IN,AJL,Aizawl,Aizawl,,AI,---4----,0001,,,
,IN,AJI,Ajmer,Ajmer,RJ,RL,--3-----,1201,,2627N 07438E,
,IN,AKD,Akola,Akola,,AI,---4----,0001,,,
,IN,ALA,Alang SBY,Alang SBY,,RN,12------,0407,,,
,IN,AGU,Alangulam,Alangulam,TN,RL,--3-----,1207,,0852N 07730E,
,IN,ABG,Alibag,Alibag,MH,AA,1-------,0006,,,
,IN,ALG,Aligarh,Aligarh,UP,RL,--3-----,1201,,2753N 07804E,
,IN,APR,Alipore,Alipore,WB,RL,-23-----,1401,,2231N 08819E,
,IN,ALI,Alirajpur,Alirajpur,MP,RL,--3-----,1201,,2218N 07421E,
,IN,IXD,Allahabad,Allahabad,,AI,---4----,9601,,,
,IN,ALF,Alleppey,Alleppey,KL,AA,1-------,0212,,0929N 07619E,
,IN,IXV,Along Apt,Along Apt,AR,RL,--34----,0901,,2810N 09446E,
,IN,ALP,Alpl Cfs/Dadri,Alpl Cfs/Dadri,UP,RL,-----6--,1107,,2834N 07733E,
,IN,ALW,Alwar,Alwar,RJ,RL,--3--6--,1201,,2734N 07636E,
,IN,AMB,Ambad,Ambad,MH,RL,-----6--,1107,,1937N 07548E,
,IN,ACT,Ambala Cantonment,Ambala Cantonment,HR,RQ,-----6--,1001,,3036N 07684E,
,IN,AMR,Ambatturai (Ambathurai),Ambatturai (Ambathurai),TN,RL,-----6--,1207,,1016N 07756E,
,IN,ABN,Ambernath,Ambernath,,RL,--3-----,1107,,1912N 07311E,
,IN,AMT,Amethi,Amethi,UP,AA,--3-----,1601,,2609N 08149E,
,IN,AMG,Amingaon (Gauhati),Amingaon (Gauhati),AS,AA,-----6--,0002,,,ICD/CFS
,IN,AIS,Amini Island,Amini Island,LD,RQ,1-------,0901,,1107N 07244E,
,IN,ATQ,Amritsar,Amritsar,PB,AA,---4-6--,0002,,,ICD/CFS = ASR Rajasans
,IN,NNN,Amrlitcl-SEZ/Nanguneri,Amrlitcl-SEZ/Nanguneri,TN,RQ,-----6--,1001,,0829N 07740E,
,IN,ANA,Ana,Ana,RJ,RL,--3-----,1201,,2517N 07329E,
,IN,QNB,Anand,Anand,GJ,RL,--3-----,0907,,2234N 07556E,
,IN,ASH,Anandpur Sahib,Anandpur Sahib,PB,RL,-----6--,1201,,3115N 07630E,
,IN,APH,Anantapur,Anantapur,AP,RL,-----6--,1107,,1441N 07736E,
,IN,APT,Anaparti,Anaparti,AP,AA,-----6--,0002,,,ICD/CFS
,IN,ADE,Andheri East,Andheri East,MH,RL,-23-----,1401,,1907N 07250E,
,IN,AMI,Andorth Is,Andorth Is,LD,AA,1-------,0006,,,
,IN,ADI,Androth Is,Androth Is,LD,AA,1-------,0006,,,
,IN,ANO,Angul,Angul,OR,RL,--3-----,1201,,2051N 08506E,
,IN,ANG,Anijengo,Anijengo,KL,AA,1-------,0006,,,
,IN,AKV,Ankleshwar,Ankleshwar,GJ,RL,-23--6--,0507,,2136N 07300E,
,IN,ANU,Anuppur,Anuppur,MP,RL,--3-----,1201,,2306N 08141E,
,IN,MEA,APIIC-SEZ/Lalgadi,APIIC-SEZ/Lalgadi,AP,AF,-----6--,1101,,1750N 07843E,
,IN,AKP,APIICL SEZ/Visakhapatnam,APIICL SEZ/Visakhapatnam,AP,RQ,-----6--,0907,,1742N 08318E,
,IN,GLY,APIICL-SEZ/Mahabaoobnagar,APIICL-SEZ/Mahabaoobnagar,AP,RQ,-----6--,1001,,1644N 07759E,
,IN,MDE,APIICL-SEZ/Medak,APIICL-SEZ/Medak,AP,RQ,-----6--,1001,,1802N 07816E,
,IN,FMA,APIICL-SEZ/Ranga Reddy,APIICL-SEZ/Ranga Reddy,AP,RQ,-----6--,1007,,1722N 07828E,
,IN,DLH,Apllp Sez/Bangalore,Apllp Sez/Bangalore,KA,AA,-----6--,1701,,1253N 07737E,
,IN,GRW,Apm Icd/Bhamboli-Khed,Apm Icd/Bhamboli-Khed,MH,AA,-----6--,1801,,1743N 07323E,
,IN,ARK,Arakkonam,Arakkonam,TN,RL,--3-----,0501,,1306N 07940E,
,IN,ARI,Ariyalur,Ariyalur,TN,RL,--3-----,1201,,1108N 07905E,
,IN,ANL,Arnala,Arnala,MH,AA,1-------,0006,,,
,IN,ARR,Aroor,Aroor,KL,AA,-----6--,0002,,,ICD/CFS
,IN,PNV,Arshiya International Ltd.-SEZ/Panvel,Arshiya International Ltd.-SEZ/Panvel,MH,RQ,-----6--,1001,,1859N 07306E,
,IN,DAR,Artha Sez/Greater Noida,Artha Sez/Greater Noida,UP,AA,-----6--,1601,,2849N 07753E,
,IN,SPE,Asdipl-SEZ/Nellore,Asdipl-SEZ/Nellore,AP,RQ,-----6--,1001,,1426N 07958E,
,IN,ASL,Aslali,Aslali,GJ,AA,--3-----,1601,,2255N 07236E,
,IN,ATT,Attari,Attari,PB,AA,-2------,1207,,,
,IN,ATR,Attari Road,Attari Road,PB,AA,-------B,0006,,,
,IN,ATU,Attur,Attur,TN,RL,1----6--,1807,,1244N 07957E,
,IN,AUR,Auraiya,Auraiya,UP,RL,--3-----,0212,,2627N 07930E,
,IN,AWM,Aurangabad,Aurangabad,MH,RL,-----6--,1201,,1953N 07520E,
,IN,IXU,Aurangabad,Aurangabad,,AI,---4----,9601,,,
,IN,AZK,Azhikkal,Azhikkal,KL,AA,1-------,0002,,,
,IN,PNP,Babarpur,Babarpur,HR,AA,-----6--,0002,,,ICD/CFS
,IN,BDG,Badagara,Badagara,KL,AA,1-------,0006,,,
,IN,BBM,Badami,Badami,KA,RL,-----6--,1201,,1555N 07541E,
,IN,BDI,Baddi,Baddi,HP,RL,--3-----,1501,,,
,IN,IXB,Bagdogra,Bagdogra,WB,AA,---4----,0002,,,
,IN,BGM,Baghamara,Baghamara,ML,AA,--3----B,0207,,2512N 09038E,
,IN,BBP,Bahabal Pur,Bahabal Pur,OR,AA,1-------,0002,,,
,IN,BAH,Bahadurgarh,Bahadurgarh,HR,RL,--3-----,0701,,2841N 07655E,
,IN,BUR,Baharampur,Baharampur,WB,RL,--3-----,1807,,2406N 08815E,
,IN,BHH,Bahraich,Bahraich,UP,RL,--3-----,1201,,2735N 08136E,
,IN,BDR,Baindur,Baindur,KA,AA,1-------,0006,,,
,IN,BGU,Bairgania,Bairgania,BR,AA,-------B,0006,,,
,IN,BLG,Balanagar,Balanagar,AP,RL,-----6--,1107,,1658N 07810E,
,IN,BAG,Balangir,Balangir,OR,RL,--3-----,1201,,2043N 08329E,
,IN,BLS,Balasore,Balasore,OR,RL,--3-----,1201,,2129N 08655E,
,IN,BLT,Balet,Balet,ML,AA,-------B,0006,,,
,IN,BGH,Ballabgarh,Ballabgarh,HR,RL,--3-----,0607,,2821N 07718E,
,IN,BLL,Ballia,Ballia,UP,RL,--3-----,1201,,2812N 07922E,
,IN,BAL,Balotra,Balotra,RJ,RL,--3-----,1301,,2550N 07214E,
,IN,BRR,Balrampur,Balrampur,UP,RL,--3-----,1201,,2726N 08211E,
,IN,RGH,Balurghat,Balurghat,,AI,---4----,0001,,,
,IN,BSA,Banbasa,Banbasa,UP,AA,-------B,0006,,,
,IN,BND,Banddar,Banddar,AP,RL,1-------,0002,,,
,IN,BDA,Bandra,Bandra,MH,AA,1-------,0201,,,
,IN,BLR,Bangalore,Bangalore,KA,AA,-234-6--,0501,,1259N 07735E,ICD/CFS = WFD
,IN,BPT,Bangarapet,Bangarapet,KA,RL,123-----,0601,,1259N 07811E,
,IN,BKT,Bankot,Bankot,MH,AA,1-------,0006,,,
,IN,BKR,Bankura,Bankura,WB,RL,-23-----,1407,,2315N 08704E,
,IN,BAN,Banswara,Banswara,RJ,RL,--3-----,0507,,2333N 07427E,
,IN,BRT,Baramati,Baramati,MH,RL,--3-----,1207,,1809N 07435E,
,IN,BAA,Baran,Baran,RJ,RL,--3-----,1201,,2506N 07630E,
,IN,BNI,Barauni,Barauni,BR,RL,--3-----,1201,,2516N 08535E,
,IN,RRA,Barbil,Barbil,OR,RL,-----6--,1201,,2206N 08523E,
+,IN,BAE,Bardhaman,Bardhaman,WB,RL,-23-----,1907,,2314N 08752E,
,IN,BEK,Bareilly,Bareilly,UP,AA,---4----,0002,,,
,IN,BRG,Bargarh,Bargarh,OR,RL,--3-----,1201,,2120N 08337E,
,IN,BMP,Bargawan,Bargawan,MP,RL,-----6--,1201,,2541N 07702E,
,IN,BBH,Bari Brahmana,Bari Brahmana,JK,RL,-23-----,1207,,3238N 07455E,
,IN,BMR,Barmer,Barmer,RJ,AA,-2------,1207,,,
,IN,BAR,Barnala,Barnala,PB,RL,-23-----,1207,,3023N 07533E,
,IN,BRC,Baroda,Baroda,GJ,AA,-----6--,0002,,,ICD/CFS
,IN,UPH,Barotiwala,Barotiwala,UP,RL,-23-----,1407,,3026N 07747E,
,IN,BRP,Barpeta,Barpeta,AS,RL,--3-----,1201,,2619N 09100E,
,IN,BRA,Barsora,Barsora,ML,AA,-------B,0006,,,
,IN,BWL,Barwala,Barwala,UP,RL,-----6--,1201,,3029N 07750E,
,IN,JUX,Basni,Basni,RJ,RN,-23--6--,0407,,2614N 07301E,
,IN,BSN,Bassain,Bassain,MH,AA,1-------,0006,,,
,IN,BAS,Basti,Basti,UP,RL,--3-----,1201,,2649N 08245E,
,IN,BTD,Bathinda,Bathinda,PB,RL,--3-----,1201,,3012N 07456E,
,IN,BOU,Bauda,Bauda,OR,RL,--3-----,1201,,2050N 08419E,
,IN,BAW,Bawal,Bawal,HR,RL,1-------,1407,,,
,IN,KJR,Bbrel Sez/Kundalahalli,Bbrel Sez/Kundalahalli,KA,AA,-----6--,1801,,1303N 07741E,
,IN,KJM,Bd Sez/Bangalore,Bd Sez/Bangalore,KA,AA,-----6--,1701,,1251N 07738E,
,IN,BED,Bedi,Bedi,GJ,AA,1-------,0002,,,Incl JGA Jamnagar & Rozi
,IN,BEE,Beed,Beed,MH,RL,--3-----,1201,,1858N 07546E,
,IN,BLP,Belapur,Belapur,MH,AA,1-------,0006,,,
,IN,BLK,Belekeri,Belekeri,KA,AA,1-------,0002,,,
,IN,IXG,Belgaum,Belgaum,,AI,---4----,9601,,,
,IN,BEP,Bellary,Bellary,,AI,---4----,0001,,,
,IN,BTL,Beltola,Beltola,AS,RL,--3-----,1401,,2607N 09148E,
,IN,BNY,Berhni,Berhni,UP,AA,-------B,0006,,,
,IN,BEL,Betul,Betul,MP,RL,--3-----,0207,,2155N 07753E,
,IN,BET,Betul,Betul,GA,AA,1-------,0002,,,
,IN,BEY,Beypore,Beypore,KL,RL,1-------,0002,,,
,IN,BYT,Beyt,Beyt,GJ,AA,1-------,0006,,,
,IN,BAD,Bhaddi,Bhaddi,PB,RL,--3-----,0507,,3109N 07621E,
,IN,BDH,Bhadohi,Bhadohi,UP,RL,12---6--,0701,,2525N 08234E,
,IN,BHK,Bhadrakh,Bhadrakh,OR,RL,--3-----,1207,,2103N 08631E,
,IN,BGW,Bhagwa,Bhagwa,GJ,AA,1-------,0006,,,
,IN,BHP,Bhagwanpur,Bhagwanpur,UT,AA,--3-----,1801,,3006N 07708E,
,IN,BHA,Bharatpur,Bharatpur,RJ,RL,--3-----,1201,,2713N 07729E,
,IN,BRU,Bharuch,Bharuch,GJ,RL,123-----,1101,,2142N 07258E,
,IN,BUP,Bhatinda,Bhatinda,PB,AA,---4-6--,0002,,,ICD/CFS = BTI
,IN,BTK,Bhatkal,Bhatkal,KA,AA,1-------,0006,,,
,IN,BHU,Bhavnagar,Bhavnagar,GJ,AA,1234----,0207,,2146N 07208E,
,IN,BHW,Bhawanigarh,Bhawanigarh,PB,AA,--3-----,1601,,3026N 07603E,
,IN,BYD,Bhayandar,Bhayandar,MH,RL,-----6--,1201,,1918N 07251E,
,IN,BHM,Bheemunipatnam,Bheemunipatnam,AP,RL,1-------,0002,,,
,IN,BTP,Bhetapara,Bhetapara,AS,RL,--3-----,1401,,2607N 09147E,
,IN,BIL,Bhilad,Bhilad,MP,AA,--3-----,1601,,2017N 07254E,
,IN,BHI,Bhilai,Bhilai,MP,RL,-23-----,0701,,2113N 08126E,
,IN,BHL,Bhilwara,Bhilwara,RJ,AA,-----6--,0002,,,ICD/CFS
,IN,9BH,Bhimasar,Bhimasar,GJ,RL,--3-----,1401,,2332N 07052E,
,IN,BMV,Bhimavaram,Bhimavaram,AP,RQ,-----6--,1001,,1632N 08132E,
,IN,BNR,Bhimnagar,Bhimnagar,BR,AA,-------B,0006,,,
,IN,BHN,Bhind,Bhind,MP,RL,--3-----,1201,,2633N 07847E,
,IN,BTM,Bhithamore (Sursnad),Bhithamore (Sursnad),BR,AA,-------B,0006,,,
,IN,BWD,Bhiwadi,Bhiwadi,RJ,AA,-----6--,0002,,,ICD/CFS
,IN,BWN,Bhiwandi,Bhiwandi,MH,AA,1-------,0006,,,
,IN,BW2,Bhiwani,Bhiwani,HR,RL,-----6--,1107,,,
+,IN,VGR,Bhojva Icd/Viramgam,Bhojva Icd/Viramgam,GJ,AA,-----6--,1907,,2307N 07203E,
,IN,BHO,Bhopal,Bhopal,MP,AI,---4----,1401,,2316N 07724E,
,IN,BBI,Bhubaneswar,Bhubaneswar,OR,AA,---4----,0002,,,
,IN,BHJ,Bhuj,Bhuj,,AI,---4----,9601,,,
,IN,BSL,Bhusawal,Bhusawal,MH,AA,--3-----,0501,,2103N 07546E,
,IN,AKB,BIACPL SEZ/Visakhapatnam,BIACPL SEZ/Visakhapatnam,AP,RQ,-----6--,0907,,1742N 08318E,
,IN,BID,Bidar,Bidar,KA,RQ,-----6--,1007,,,
,IN,BJP,Bijapur,Bijapur,KA,RQ,-----6--,1007,,1650N 07542E,
,IN,BKB,Bikaner,Bikaner,,AI,---4----,0001,,,
,IN,BRI,Bikaner,Bikaner,RJ,RL,-----6--,1201,,2801N 07318E,
,IN,PAB,Bilaspur,Bilaspur,,AI,---4----,0001,,,
,IN,BLM,Bilimora,Bilimora,GJ,AA,1-------,0006,,,
,IN,SBC,Biocon-SEZ/Bangalore,Biocon-SEZ/Bangalore,KA,RQ,-----6--,0907,,1259N 07735E,
,IN,DLO,Birpara Lcs,Birpara Lcs,WB,AA,-----6--,1801,,2631N 08844E,
,IN,BPR,Bistupur,Bistupur,JH,RL,--3-----,1401,,2247N 08610E,
,IN,BTR,Bitra Is,Bitra Is,LD,AA,1-------,0006,,,
,IN,BSC,Bokaro Steel City,Bokaro Steel City,JH,RL,--3-----,1301,,2340N 08609E,
,IN,BOL,Bolanganj,Bolanganj,ML,AA,-------B,0006,,,
,IN,BON,Bongaigaon,Bongaigaon,AS,RL,--3-----,1201,,2628N 09034E,
,IN,BOP,Bonthapally,Bonthapally,TG,AA,--3-----,1801,,1739N 07822E,
,IN,BWR,Borawar,Borawar,RJ,RL,-----6--,1201,,2701N 07441E,
,IN,BOK,Borkhedi ICD/Nagpur,Borkhedi ICD/Nagpur,MH,AA,-----6--,1607,,2051N 07857E,
,IN,BRM,Borliai-Mandla,Borliai-Mandla,MH,AA,1-------,0006,,,
,IN,BRY,Borya,Borya,MH,AA,1-------,0006,,,
,IN,BRH,Broach,Broach,GJ,AA,1-------,0002,,,
,IN,PNB,BTSL SEZ/Pune,BTSL SEZ/Pune,MH,AA,--3--6--,1207,,1832N 07352E,
,IN,BUU,Budaun,Budaun,UP,RL,--3-----,1201,,2803N 07907E,
,IN,BUD,Budge-Budge,Budge-Budge,WB,RL,1-------,0002,,,
,IN,BSR,Bulsar,Bulsar,GJ,AA,1-------,0006,,,
,IN,BUN,Bundala,Bundala,PB,RL,--3-----,1207,,3132N 07458E,
,IN,NGB,Butibori ICD/Nagpur,Butibori ICD/Nagpur,MH,AA,-----6--,1501,,2109N 07906E,
,IN,CAP,Calingapatam,Calingapatam,AP,RL,1-------,0002,,,
,IN,CAM,Cambay,Cambay,GJ,RL,1-------,0002,,,
,IN,CNN,Cannanore,Cannanore,KL,RL,1-------,0002,,,
,IN,CBD,Car Nicobar,Car Nicobar,,AI,---4----,0001,,,
,IN,CAR,Carijam,Carijam,,QQ,1-------,8103,,,
,IN,TNC,Ccclil-SEZ/Tuticorin,Ccclil-SEZ/Tuticorin,TN,RQ,-----6--,1001,,0847N 07808E,
,IN,ADC,Ccipl-SEZ/Ahmadabad,Ccipl-SEZ/Ahmadabad,GJ,RQ,-----6--,1001,,2302N 07237E,
,IN,SPC,Cclpil Sez/Visakhapatnam,Cclpil Sez/Visakhapatnam,AP,AA,-----6--,1801,,1313N 07902E,
,IN,CPC,Cgml Cfs/Dadri,Cgml Cfs/Dadri,UP,RQ,-----6--,1001,,2834N 07733E,
,IN,ADR,Cgrpl-SEZ/Ahmadabad,Cgrpl-SEZ/Ahmadabad,GJ,RQ,-----6--,1001,,2302N 07237E,
,IN,CKN,Chakan,Chakan,MH,RL,--3-----,1401,,1845N 07351E,
,IN,CHP,Champai,Champai,MZ,AA,-------B,0006,,,
,IN,CHM,Chamurci,Chamurci,SK,AA,-------B,0006,,,
,IN,CSM,Chanasma,Chanasma,GJ,RL,-23-----,1407,,2343N 07207E,
,IN,CBL,Chandbali,Chandbali,OR,RL,1-------,0002,,,
,IN,IXC,Chandigarh,Chandigarh,PB,AI,---4----,1401,,3044N 07647E,
,IN,CHA,Chandrapur,Chandrapur,MH,RL,--3-----,1201,,1957N 07918E,
,IN,CHG,Changanacherry,Changanacherry,KL,AA,--3-----,1601,,0928N 07633E,
,IN,CRB,Changrabandha,Changrabandha,WB,AA,-23----B,0207,,2625N 08855E,
,IN,CHR,Chapora,Chapora,GA,AA,1-------,0006,,,
,IN,CSI,Chattrapati Shivaji International Apt,Chattrapati Shivaji International Apt,MH,RL,-234----,0701,BOM,1905N 07252E,
,IN,CPR,Chawapayal ICD/Samrala,Chawapayal ICD/Samrala,PB,AA,-----6--,1501,,3050N 07611E,
,IN,CPU,Chengalpattu,Chengalpattu,TN,RL,--3-----,0212,,1242N 07959E,
,IN,CGN,Chengannur,Chengannur,KL,RL,-----6--,1107,,0920N 07638E,
,IN,MAA,Chennai (ex Madras),Chennai (ex Madras),TN,AA,12345---,0407,,1305N 08017E,
,IN,CTI,Chetlat Is,Chetlat Is,LD,AA,1-------,0006,,,
,IN,PUZ,Chetpet,Chetpet,TN,RL,--3-----,1401,,1304N 08014E,
,IN,VTC,Cheyyar-SEZ/Vellore,Cheyyar-SEZ/Vellore,TN,RQ,-----6--,1001,,1256N 07908E,
,IN,CHN,Chhani/Vadodora,Chhani/Vadodora,GJ,RL,--3--6--,0507,,2218N 07311E,
,IN,CHH,Chhatarpur,Chhatarpur,MP,RL,--3-----,1201,,2454N 07935E,
,IN,CDM,Chidambaram,Chidambaram,TN,RL,-23-----,0701,,1124N 07942E,
,IN,CHI,Chikaballur,Chikaballur,AN,RQ,1-------,0901,,,
,IN,CKH,Chikalthana,Chikalthana,,RL,--3-----,0901,,1957N 07573E,
,IN,CHY,Chimakurthy,Chimakurthy,AP,AA,--3-----,1601,,1530N 08002E,
,IN,CHV,Chinchvad,Chinchvad,MH,RL,--3-----,1207,,1837N 07347E,
,IN,CST,Chinchwad Station,Chinchwad Station,MH,RQ,-23--6--,1001,,1838N 07347E,
,IN,CBC,CHIPL SEZ/Coimbatore,CHIPL SEZ/Coimbatore,TN,AA,-----6--,1501,,1115N 07720E,
,IN,CPL,Chiplun,Chiplun,MH,RQ,--3-----,0907,,1732N 07331E,
,IN,CLX,Chirala,Chirala,AP,AA,-----6--,0002,,,ICD/CFS
,IN,CHW,Chirawa,Chirawa,RJ,RL,--3-----,1807,,2815N 07538E,
,IN,CKA,Chirkunda,Chirkunda,,RL,-----6--,1201,,2374N 08678E,
,IN,CHT,Chittoor,Chittoor,AP,RL,-23-----,0701,,1312N 07906E,
,IN,CHO,Chittorgarh,Chittorgarh,RJ,RL,--3-----,1201,,2453N 07437E,
,IN,CHS,Cholapuram,Cholapuram,TN,RL,-23-----,0901,,0922N 07735E,
,IN,CHL,Choolai,Choolai,TN,RL,-----6--,1201,,1305N 08016E,
,IN,CHU,Churu,Churu,RJ,RL,--3-----,1201,,2636N 07527E,
,IN,TMX,CMTL ICD/Thimmapur,CMTL ICD/Thimmapur,AP,AA,--3--6--,1207,,1630N 07815E,
,IN,COK,Cochin,Cochin,KL,AA,1234-6--,0307,,0958N 07614E,
,IN,CJB,Coimbatore,Coimbatore,TN,AA,---4-6--,0002,,,ICD/CFS = CBE
,IN,COL,Colochel,Colochel,,QQ,1-------,8112,,,
,IN,BLE,Concor ICD/Balasore,Concor ICD/Balasore,OR,AA,-----6--,1601,,2129N 08655E,
,IN,JSG,Concor ICD/Jharsuguda,Concor ICD/Jharsuguda,OR,AA,-----6--,1707,,2156N 08403E,
,IN,KPK,Concor Icd/Mihan,Concor Icd/Mihan,MH,AA,-----6--,1801,,2103N 07902E,
,IN,RML,Concor Icd/Nayaraipur,Concor Icd/Nayaraipur,CT,AA,-----6--,1801,,2116N 08107E,
,IN,BVC,Concor-ICD/Ballabhgarh,Concor-ICD/Ballabhgarh,HR,AF,-----6--,1101,,2821N 07719E,
,IN,CON,Contai,Contai,WB,RL,--3-----,1807,,2146N 08745E,
,IN,COH,Cooch Behar,Cooch Behar,,AI,---4----,0001,,,
,IN,COO,Coondapur (Ganguly),Coondapur (Ganguly),KA,AA,1-------,0002,,,
,IN,CNR,Coonoor,Coonoor,TN,RQ,-----6--,1001,,1121N 07649E,
,IN,CRN,Cornwallis,Cornwallis,AN,AA,1-------,0006,,,
,IN,COS,Cossipore,Cossipore,WB,RL,--3-----,0201,,2237N 08822E,
,IN,TBC,CTSI SEZ/Siruseri,CTSI SEZ/Siruseri,TN,AA,--3--6--,1207,,1305N 08017E,
,IN,CDL,Cuddalore,Cuddalore,TN,AA,1-------,0002,,,
,IN,CDP,Cuddapah,Cuddapah,,AI,---4----,0001,,,
,IN,CUT,Cuttack,Cuttack,OR,RL,--3-----,1201,,2030N 08550E,
,IN,DHP,Dabhol Port,Dabhol Port,MH,AA,1-------,0002,,,
,IN,DRL,Dabolim,Dabolim,GA,RL,1-------,0002,,,
,IN,DAD,Dadra,Dadra,GJ,RL,--3-----,0701,,2019N 07258E,
,IN,DRI,Dadri,Dadri,UP,RL,-23-----,0407,,2834N 07733E,
,IN,DCT,Dadri Container Terminal,Dadri Container Terminal,UP,RL,-----6--,1707,,2834N 07732E,
,IN,DER,Dadri ICD/Noida,Dadri ICD/Noida,UP,RQ,-----6--,1001,,2834N 07733E,
,IN,DHU,Dahanu,Dahanu,MH,AA,1-------,0002,,,
,IN,DAH,Dahej,Dahej,GJ,AA,1-------,0002,,,
,IN,BHD,Dahez SEZ,Dahez SEZ,GJ,RQ,-----6--,0907,,2142N 07235E,
,IN,DLU,Dalu,Dalu,ML,AA,-------B,0006,,,
,IN,DAM,Daman,Daman,DD,AA,1--4----,0002,NMB,,
,IN,DAO,Damoh,Damoh,MP,RL,--3-----,1201,,2350N 07927E,
,IN,DTW,Dantiwara,Dantiwara,MH,AA,1-------,0006,,,
,IN,DAE,Daparizo,Daparizo,,AI,---4----,0001,,,
,IN,DPR,Dappar,Dappar,PB,AA,--3--6--,1301,,3031N 07648E,
,IN,DAI,Darjeeling,Darjeeling,,AI,---4----,0001,,,
,IN,DRG,Darranga,Darranga,AS,AA,-------B,0006,,,
,IN,DRA,Dashrath Puri,Dashrath Puri,DL,RL,-----6--,1107,,2836N 07705E,
,IN,RTR,Dasrath,Dasrath,OR,RL,--3-----,1301,,2050N 08627E,
,IN,DAT,Datia,Datia,MP,RL,--3-----,1201,,2539N 07827E,
,IN,DLB,Daulatabad,Daulatabad,MH,AA,--3-----,0501,,1956N 07514E,
,IN,DAU,Dausa,Dausa,RJ,RL,--3-----,1201,,2653N 07620E,
,IN,DWK,Dawki,Dawki,ML,AA,-------B,0006,,,
,IN,CDD,DCA-I SEZ/Chandigarh,DCA-I SEZ/Chandigarh,HR,AA,--3--6--,1207,,3044N 07647E,
,IN,CDC,DCA-II SEZ/Chandigarh,DCA-II SEZ/Chandigarh,HR,AA,--3--6--,1207,,3044N 07647E,
,IN,DEE,Deesa (Disa),Deesa (Disa),GJ,RL,--3-----,1207,,2415N 07210E,
,IN,DED,Dehra Dun,Dehra Dun,UT,AI,---4----,1601,,3019N 07802E,
,IN,HRI,Dehri,Dehri,BR,RQ,--3-----,1707,,2452N 08410E,
+,IN,KML,Deipl Sez/Kurubarapalli,Deipl Sez/Kurubarapalli,TN,AA,-----6--,1907,,1232N 07812E,
,IN,DEL,Delhi,Delhi,DL,AA,---45---,0002,,,
,IN,DMR,Demagir,Demagir,NL,AA,-------B,0006,,,
,IN,DEG,Deogad,Deogad,MH,AA,1-------,0006,,,
,IN,DEB,Deogarh,Deogarh,OR,RL,--3-----,1201,,2132N 08444E,
,IN,DEO,Deoria,Deoria,UP,RL,--3-----,1201,,2630N 08347E,
,IN,DEP,Deparizo,Deparizo,,AI,---4----,0001,,,
,IN,DBA,Dera Bassi,Dera Bassi,PB,RL,--3-----,0901,,3035N 07650E,
,IN,DTM,Devathanam/Tiruchirappalli,Devathanam/Tiruchirappalli,TN,RL,--3-----,1301,,0923N 07727E,
,IN,DEW,Dewas,Dewas,MP,RQ,--3-----,1001,,2258N 07604E,
,IN,DHL,Dhalaighat,Dhalaighat,TR,AA,-------B,0006,,,
,IN,DMA,Dhamara,Dhamara,OR,RL,123-----,1301,,2048N 08654E,
,IN,DMQ,Dhamra Port,Dhamra Port,OR,RL,1-------,1401,,2049N 08657E,
,IN,DBD,Dhanbad,Dhanbad,,AI,---4----,0001,,,
,IN,DHA,Dhannad/Indore,Dhannad/Indore,MP,RL,-----6--,0901,,2243N 07550E,
,IN,DSK,Dhanu-shkodi,Dhanu-shkodi,TN,AA,1-------,0006,,,
,IN,HRD,Dhar,Dhar,HP,RL,-----6--,1401,,3128N 07743E,
,IN,DHM,Dharamsala,Dharamsala,,AI,---4----,0001,,,
,IN,DMT,Dharamtar,Dharamtar,MH,AA,1-------,0002,,,
,IN,DPM,Dharapuram,Dharapuram,TN,RL,--3-----,1207,,1044N 07731E,
,IN,DLA,Dharchula,Dharchula,UP,AA,-------B,0006,,,
,IN,DPI,Dharmapuri,Dharmapuri,TN,RL,--3-----,1201,,1208N 07810E,
,IN,DRH,Dharuhera,Dharuhera,HR,RL,--3-----,1207,,2813N 07647E,
,IN,DHW,Dharwad,Dharwad,KA,RL,--3-----,0901,,1528N 07501E,
,IN,DHE,Dhemaji,Dhemaji,AS,RL,--3-----,1201,,2729N 09435E,
,IN,DNK,Dhenkanal,Dhenkanal,OR,RL,--3-----,1201,,2040N 08536E,
,IN,DHR,Dholera,Dholera,GJ,AA,1-------,0006,,,
,IN,DHK,Dholka,Dholka,GJ,RL,--3-----,1301,,2243N 07228E,
,IN,DHO,Dholpur,Dholpur,RJ,RL,--3-----,1201,,2641N 07752E,
,IN,DHB,Dhubri Steamerghat,Dhubri Steamerghat,AS,AA,-------B,0006,,,
,IN,DLE,Dhule,Dhule,MH,RQ,-----6--,1007,,2054N 07447E,
,IN,DIB,Dibrugarh,Dibrugarh,,AI,---4----,0001,,,
,IN,DIG,Dighi (Pune),Dighi (Pune),MH,AA,1-3--6--,0501,,1815N 07258E,ICD/CFS
,IN,DMU,Dimapur,Dimapur,,AI,---4----,0001,,,
,IN,DIL,Dindigul,Dindigul,TN,RL,--3-----,1201,,1021N 07757E,
,IN,DIN,Dindori,Dindori,MP,RL,--3-----,1201,,2257N 08105E,
,IN,VLD,Dishman-Pharmaceutical-SEZ/Kalyangadh,Dishman-Pharmaceutical-SEZ/Kalyangadh,GJ,AF,-----6--,1101,,2151N 07250E,
,IN,DIU,Diu,Diu,DD,AI,1--4----,9601,,,
,IN,DIV,Div,Div,GJ,AA,1-------,0002,,,
,IN,CJD,DLFC SEZ/Kancheepuram,DLFC SEZ/Kancheepuram,TN,AA,--3--6--,1207,,1250N 07943E,
,IN,VZM,Dll SEZ/Visakhapatnam,Dll SEZ/Visakhapatnam,AP,RQ,-----6--,0907,,1742N 08318E,
,IN,LPS,DSIL SEZ/Ranga Reddy,DSIL SEZ/Ranga Reddy,AP,AA,--3--6--,1207,,1705N 07843E,
,IN,DGP,Dungapur,Dungapur,RJ,RL,--3-----,1201,,2350N 07342E,
,IN,DUR,Durgapur,Durgapur,WB,RL,--3--6--,0701,,,
,IN,DWA,Dwarka,Dwarka,GJ,RL,1-------,0002,,,
,IN,DRK,Dwarka (Rupen),Dwarka (Rupen),GJ,AA,1-------,0006,,,
,IN,JBL,E-Complex-SEZ/Amreli,E-Complex-SEZ/Amreli,GJ,RQ,-----6--,0907,,2137N 07114E,
,IN,CEC,ECTN SEZ/Coimbatore,ECTN SEZ/Coimbatore,TN,AA,--3--6--,1207,,1100N 07658E,
,IN,CJE,ECTN SEZ/Kancheepuram,ECTN SEZ/Kancheepuram,TN,AA,--3--6--,1207,,1250N 07943E,
,IN,HSA,ECTN SEZ/Krishnagiri,ECTN SEZ/Krishnagiri,TN,AA,-----6--,1501,,1232N 07814E,
,IN,MEC,ECTN SEZ/Madurai-I,ECTN SEZ/Madurai-I,TN,AA,--3--6--,1207,,0956N 07807E,
,IN,MDC,ECTN SEZ/Madurai-II,ECTN SEZ/Madurai-II,TN,AA,--3--6--,1207,,0956N 07807E,
,IN,SXE,ECTN SEZ/Salem,ECTN SEZ/Salem,TN,AA,--3--6--,1207,,1139N 07810E,
,IN,TPJ,ECTN SEZ/Tiruchirapalli,ECTN SEZ/Tiruchirapalli,TN,AA,-----6--,1501,,1049N 07841E,
,IN,MAE,ECTNL SEZ/Gangaikondan,ECTNL SEZ/Gangaikondan,TN,AF,-----6--,1401,,0844N 07742E,
,IN,EDP,Edappally,Edappally,KL,RL,-23-----,1401,,0958N 07616E,
,IN,GMR,Egmore,Egmore,TN,RL,-----6--,1107,,1304N 08015E,
,IN,PEK,EKIPL SEZ/Pune,EKIPL SEZ/Pune,MH,AA,--3--6--,1207,,1832N 07352E,
,IN,EOR,Eloor,Eloor,KL,RL,--3-----,1401,,1004N 07618E,
,IN,ESH,Elphinstone Harbour,Elphinstone Harbour,AN,AA,1-------,0006,,,
,IN,ELU,Eluru,Eluru,AP,RL,--3-----,1407,,1642N 08106E,
,IN,ENR,Ennore,Ennore,TN,AA,1-------,0002,,,
,IN,PUE,Eon SEZ/Kharadi,Eon SEZ/Kharadi,MH,AA,-----6--,1707,,1935N 07323E,
,IN,EKM,Ernakulam,Ernakulam,KL,RL,1-3-----,1401,,0959N 07617E,
,IN,ERO,Erode,Erode,TN,RL,1-3-----,0701,,1121N 07744E,
,IN,CGE,ETA SEZ/Kancheepuram,ETA SEZ/Kancheepuram,TN,AA,--3--6--,1207,,1250N 07943E,
,IN,ETA,Etah,Etah,UP,RL,--3-----,1201,,2738N 07840E,
,IN,UKL,Etlisl-SEZ/Erode,Etlisl-SEZ/Erode,TN,RQ,-----6--,1001,,1121N 07744E,
,IN,BCO,Euro Multivision Bhachau-SEZ/Kutch,Euro Multivision Bhachau-SEZ/Kutch,GJ,RQ,-----6--,0907,,2335N 07000E,
,IN,URF,FAB City SPV-SEZ/Srinagar&Raviryal,FAB City SPV-SEZ/Srinagar&Raviryal,AP,AF,-----6--,1101,,1750N 07843E,
,IN,FLT,Falta,Falta,WB,RL,-23--6--,0307,,2217N 08806E,
,IN,FAR,Farakka,Farakka,,RL,--3-----,0201,,2449N 08753E,
,IN,FBD,Faridabad,Faridabad,HR,AA,--3--6--,0002,QNF,,
,IN,FBE,Faridabad,Faridabad,HR,RL,-----6--,1201,,2826N 07719E,
,IN,FRD,Faridkot,Faridkot,PB,RL,--3-----,1201,,3040N 07445E,
,IN,FTS,Fatehgarh Sahib,Fatehgarh Sahib,PB,RL,--3-----,1201,,3038N 07622E,
,IN,FTP,Fatehpur,Fatehpur,UP,RL,--3-----,1207,,2556N 08048E,
,IN,CFI,FIPL SEZ/Kancheepuram,FIPL SEZ/Kancheepuram,TN,AA,--3--6--,1207,,1250N 07943E,
,IN,FZD,Firozabad,Firozabad,UP,RL,--3-----,1201,,2709N 07825E,
,IN,FIR,Firozpur,Firozpur,PB,RL,-----6--,1007,,3055N 07436E,
,IN,GDP,Fllpl-SEZ/Thirruvallur,Fllpl-SEZ/Thirruvallur,TN,RQ,-----6--,1001,,1046N 07939E,
+,IN,BPL,FPO BHOPAL/BHOPAL,FPO BHOPAL/BHOPAL,MP,AA,------7-,1907,,2316N 07723E,
+,IN,PNF,FPO PATNA/PATNA,FPO PATNA/PATNA,BR,AA,------7-,1907,,2536N 08507E,
+,IN,RNC,FPO RANCHI/RANCHI,FPO RANCHI/RANCHI,JH,AA,------7-,1907,,2322N 08521E,
,IN,FCH,Fpo(Sea)/Chennai,Fpo(Sea)/Chennai,TN,AA,----5---,1807,,1307N 08018E,
,IN,CJF,Ftil-SEZ/Sriperumbudur,Ftil-SEZ/Sriperumbudur,TN,RQ,-----6--,1001,,1258N 07956E,
,IN,GJP,Gajapati,Gajapati,OR,RL,--3-----,1201,,1911N 08411E,
,IN,GUJ,Gajraula,Gajraula,UP,RL,-23-----,0901,,2851N 07814E,
,IN,GAL,Galgalia,Galgalia,BR,AA,-------B,0006,,,
,IN,GAB,Ganderbal,Ganderbal,JK,RL,--3-----,1201,,3412N 07446E,
,IN,GAN,Gandhar,Gandhar,,RQ,1-------,0401,,2105N 07238E,
,IN,GIN,Gandhidham,Gandhidham,GJ,AA,-23--6--,0501,,2305N 07008E,
,IN,GDH,Gandhinagar,Gandhinagar,GJ,RL,-----6--,1201,,2313N 07241E,
,IN,GGR,Ganganagar,Ganganagar,RJ,RL,--3-----,1201,,2955N 07353E,
,IN,GGV,Gangavaram,Gangavaram,AP,RL,1-------,0901,,1739N 08315E,
,IN,GAT,Gangtok,Gangtok,SK,RL,--3-----,0701,,2720N 08837E,
,IN,GAJ,Ganjam,Ganjam,OR,RL,--3-----,1201,,1923N 08504E,
,IN,GRR,Garden Reach,Garden Reach,WB,RL,123-----,1401,,2231N 08818E,
,IN,GHR,Garhi Harsaru,Garhi Harsaru,HR,AA,--3--6--,0501,,2827N 07656E,
,IN,GWA,Garhwa,Garhwa,JH,RL,--3-----,0901,,2411N 08349E,
,IN,GAU,Gauhati (Panidi),Gauhati (Panidi),AS,RL,1234----,0002,,,
,IN,GAI,Gauriphanta,Gauriphanta,UP,AA,-------B,0006,,,
,IN,GNU,Gautam Budh Nagar,Gautam Budh Nagar,UP,RL,--3-----,1207,,2832N 07728E,
,IN,GAY,Gaya,Gaya,,AA,---4----,0002,,,
,IN,GED,Gede,Gede,WB,AA,-2------,1207,,,
,IN,GTZ,Getandah,Getandah,WB,AA,-------B,0006,,,
,IN,GHP,Ghasuapara,Ghasuapara,ML,AA,-------B,0006,,,
,IN,GZB,Ghaziabad,Ghaziabad,UP,RL,-23-----,0901,,2840N 07726E,
,IN,UDN,Ghb-SEZ/Surat,Ghb-SEZ/Surat,GJ,RQ,-----6--,0907,,2110N 07250E,
,IN,GHA,Ghogha,Ghogha,GJ,AA,1-------,0006,,,
,IN,GJX,Ghojadanga,Ghojadanga,WB,AA,-------B,0006,,,
,IN,GNG,Gidc-SEZ/Gandhinagar,Gidc-SEZ/Gandhinagar,GJ,RQ,-----6--,1001,,2313N 07241E,
,IN,ADG,Gipl-SEZ/Ahmadabad,Gipl-SEZ/Ahmadabad,GJ,RQ,-----6--,1001,,2302N 07237E,
,IN,GTG,Gitaldah Road,Gitaldah Road,AS,AA,-------B,0006,,,
,IN,URG,GMR Hyderabad Aviation-SEZ/Mamidipally,GMR Hyderabad Aviation-SEZ/Mamidipally,AP,AF,-----6--,1101,,1750N 07843E,
,IN,GOI,Goa,Goa,,AI,---4----,0001,,,
,IN,GOA,Goalpara,Goalpara,AS,RL,--3-----,1201,,2610N 09037E,
,IN,HEB,GOCL SEZ/Bangalore,GOCL SEZ/Bangalore,KA,AA,-----6--,1601,,1259N 07735E,
,IN,GAH,Godhra,Godhra,GJ,RL,-23-----,0701,,2245N 07338E,
,IN,GGA,Gogha,Gogha,GJ,AA,1-------,0002,,,
,IN,GOL,Golaghat,Golaghat,AS,RL,--3-----,1201,,2631N 09358E,
,IN,GKJ,Golakganj,Golakganj,AS,AA,-2------,1207,,,
,IN,GON,Gonda,Gonda,UP,RL,--3-----,1201,,2750N 07753E,
+,IN,GDA,Gondia,Gondia,MH,RL,--3-----,1907,,2128N 08012E,
,IN,GPP,Gopalpur,Gopalpur,HR,AA,-23-----,1601,,2827N 07657E,
,IN,GPR,Gopalpur,Gopalpur,OR,AA,1-------,0002,,,
,IN,GOP,Gorakhpur,Gorakhpur,UP,AI,-234----,0207,,2645N 08321E,
,IN,GNP,GPRPL SEZ/Gurgaon,GPRPL SEZ/Gurgaon,HR,AA,-----6--,1607,,2820N 07709E,
,IN,GND,Greater Nodia,Greater Nodia,UP,RQ,123-----,1001,,2849N 07753E,
,IN,GNO,Greater Noida,Greater Noida,UP,RQ,1-------,1701,,2828N 07731E,
,IN,BFR,GRFL ICD/Ballabhgarh,GRFL ICD/Ballabhgarh,HR,RL,-----6--,1407,,2821N 07719E,
,IN,SGF,GRFL ICD/Sahnwewal,GRFL ICD/Sahnwewal,PB,AA,-----6--,1601,,3049N 07557E,
,IN,GUL,Gulabpura,Gulabpura,RJ,RL,--3-----,1301,,2548N 07537E,
,IN,GBA,Gulbarga,Gulbarga,KA,RL,--3-----,1207,,1720N 07650E,
,IN,GUA,Gumla,Gumla,JH,RL,--3-----,1201,,2302N 08432E,
,IN,GUM,Gummidipoondi,Gummidipoondi,AN,RQ,--3-----,0901,,,
,IN,GMM,Gummidipundi,Gummidipundi,TN,RL,--3-----,1301,,1324N 08009E,
,IN,GUX,Guna,Guna,,AI,---4----,0001,,,
,IN,GJI,Gunji,Gunji,UP,AA,-------B,0006,,,
,IN,GTR,Guntur,Guntur,AP,RL,-23-----,0002,,,
,IN,GDR,Gurdaspur,Gurdaspur,PB,RL,--3-----,0901,,3202N 07531E,
,IN,GGN,Gurgaon,Gurgaon,HR,RL,-23-----,1501,,2828N 07702E,HR? MH?
,IN,HHG,Gurgaon,Gurgaon,MH,RL,-----6--,1401,,1920N 07717E,
,IN,GAW,Guwahati,Guwahati,AS,RL,-2------,0002,,,
,IN,GWL,Gwalior,Gwalior,MP,AI,-234-6--,0501,,2613N 07810E,
,IN,GUD,Güdür,Gudur,,RL,-23-----,0207,,1408N 07950E,
,IN,HAI,Hailakandi,Hailakandi,AS,RL,--3-----,1201,,2441N 09234E,
,IN,HAL,Haldia,Haldia,WB,AA,1-------,0002,,,
,IN,HLD,Haldibari,Haldibari,AS,AA,-2------,1207,,,
,IN,HLO,Halol,Halol,GJ,RL,--3-----,0607,,2250N 07646E,
,IN,HGT,Hangarkatta,Hangarkatta,KA,AA,1-------,0006,,,
,IN,HGH,Hanumangarh,Hanumangarh,RJ,RL,--3-----,1201,,2935N 07419E,
,IN,HRA,Haora,Haora,WB,RL,--3-----,1301,,2235N 08818E,
,IN,HAA,Harda,Harda,MP,RL,--3-----,1201,,2220N 07706E,
,IN,HAO,Hardoi,Hardoi,UP,RL,--3-----,1201,,2725N 08007E,
,IN,HRN,Harnai,Harnai,MH,AA,1-------,0006,,,
,IN,HAR,Haryana,Haryana,HR,RL,--3-----,1207,,2937N 07659E,
,IN,HAS,Hassan,Hassan,KA,AA,--3--6--,0501,,1300N 07605E,
,IN,HTS,Hatisar,Hatisar,AS,AA,-------B,0006,,,
,IN,HZR,Hazira,Hazira,HR,RL,--3--6--,1207,,2919N 07505E,
,IN,HZA,Hazira Port/Surat,Hazira Port/Surat,GJ,RL,1-------,1207,,2105N 07237E,
,IN,LCH,HCL SEZ/Lucknow,HCL SEZ/Lucknow,UP,AA,-----6--,1607,,2650N 08054E,
,IN,HND,Hemnagar Lcs,Hemnagar Lcs,WB,AA,-----6-B,1901,,2227N 08858E,
,IN,FMH,Hgsezl-SEZ/Ranga Reddy,Hgsezl-SEZ/Ranga Reddy,AP,RQ,-----6--,1001,,1722N 07828E,
,IN,HLI,Hilli,Hilli,WB,AA,-------B,0006,,,
,IN,HIP,Himachal Pradesh,Himachal Pradesh,AN,RQ,1-3-----,0901,,,
,IN,HNG,Himatnagar,Himatnagar,GJ,AA,-23-----,1901,,2336N 07257E,
,IN,HAN,Hindaun ICD/Karauli,Hindaun ICD/Karauli,RJ,AA,-----6--,1601,,2630N 07701E,
,IN,HDR,Hindupur,Hindupur,AP,RL,-----6--,1201,,1349N 07729E,
,IN,HGL,Hingalganj,Hingalganj,WB,AA,-------B,0006,,,
,IN,HIN,Hingoli,Hingoli,MH,RL,--3-----,1201,,1943N 07709E,
,IN,TNI,Hipl SEZ/Visakhapatnam,Hipl SEZ/Visakhapatnam,AP,RQ,-----6--,0907,,1742N 08318E,
,IN,HPR,Hirapur,Hirapur,CT,RL,--3-----,1401,,2133N 07947E,
,IN,TBH,HIRL SEZ/Kancheepuram,HIRL SEZ/Kancheepuram,TN,AA,--3--6--,1207,,1250N 07943E,
,IN,HSS,Hissar,Hissar,,AI,---4----,0001,,,
,IN,VKH,HNB SEZ/Mumbai,HNB SEZ/Mumbai,MH,AA,--3--6--,1207,,1858N 07249E,
,IN,HON,Honavar,Honavar,KA,RL,1-------,0002,,,
,IN,HWR,Honawar,Honawar,KA,AA,1-------,0006,,,
,IN,HOS,Hoshiarpur,Hoshiarpur,PB,RL,-----6--,1107,,3131N 07555E,
,IN,HPT,Hospet,Hospet,KA,RL,-----6--,1201,,1516N 07624E,
,IN,HSR,Hosur,Hosur,KA,RL,--3-----,0701,,1243N 07749E,
,IN,HSU,HOSUR ICD,HOSUR ICD,TN,RL,-----6--,1501,,1243N 07749E,
,IN,HOW,Howrah,Howrah,WB,RL,-23-----,1207,,2236N 08816E,
,IN,TBS,HTL SEZ/Siruseri,HTL SEZ/Siruseri,TN,AF,-----6--,1401,,1305N 08017E,
,IN,HBX,Hubli,Hubli,,AI,---4----,0001,,,
+,IN,TSI,HVCPL SEZ/KADAYAM,HVCPL SEZ/KADAYAM,TN,AA,-----6--,1907,,0842N 07728E,
,IN,HYD,Hyderabad,Hyderabad,TG,AA,--34-6--,1607,,,ICD/CFS = SNF
,IN,AIK,Ibrahimpur Icd/Khurja,Ibrahimpur Icd/Khurja,UP,AA,-----6--,1601,,2816N 07752E,
+,IN,JJK,ICD JSL/JAJPUR,ICD JSL/JAJPUR,OR,AA,-----6--,1907,,2050N 08621E,
,IN,IDU,Idukki,Idukki,KL,RL,--3-----,1201,,0951N 07658E,
,IN,CJI,IG3I SEZ/Kancheepuram,IG3I SEZ/Kancheepuram,TN,AA,--3--6--,1207,,1250N 07943E,
,IN,PKD,Igel Sez/Kodur-Settipali,Igel Sez/Kodur-Settipali,AP,AA,-----6--,1801,,1743N 07801E,
,IN,AII,IGGSL SEZ/Thane,IGGSL SEZ/Thane,MH,RL,-----6--,1501,,1912N 07258E,
,IN,INI,IIPL SEZ/Indore,IIPL SEZ/Indore,MP,AF,-----6--,1401,,2243N 07550E,
,IN,DWR,Il Sez/Hubli,Il Sez/Hubli,KA,AA,-----6--,1701,,1520N 07507E,
,IN,IMF,Imphal,Imphal,MN,AA,---4----,0002,,,
,IN,NDP,Indapur,Indapur,MH,RL,--3-----,1207,,1807N 07502E,
,IN,IDR,Indore,Indore,MP,AA,--34-6--,0401,,2243N 07550E,
,IN,IND,Indrad,Indrad,GJ,AA,--3-----,1601,,2318N 07224E,
,IN,KNK,INFOPARK SEZ/Koratty,INFOPARK SEZ/Koratty,KL,AA,-----6--,1601,,1029N 07629E,
,IN,HLE,Infosys Electronic City Sez/Begur Hobli,Infosys Electronic City Sez/Begur Hobli,KA,AA,-----6--,1707,,1156N 07641E,
,IN,DEF,Infosys Sez/Dadri,Infosys Sez/Dadri,UP,AA,-----6--,1701,,2833N 07734E,
,IN,INN,INFOSYS SEZ/Indore,INFOSYS SEZ/Indore,MP,AF,-----6--,1401,,2243N 07550E,
,IN,SAS,Infosys Sez/Mohali,Infosys Sez/Mohali,PB,AA,-----6--,1701,,3059N 07631E,
,IN,GBN,Ingau,Ingau,UP,RQ,--3-----,1207,,2832N 07728E,
,IN,IRU,Irungattukottai,Irungattukottai,TN,RL,--3--6--,0901,,1300N 07959E,
,IN,ILP,Irungattukottai-Ilp-ICD,Irungattukottai-Ilp-ICD,TN,RQ,-----6--,1001,,1259N 07959E,
,IN,ISP,Islampur,Islampur,WB,AA,--3-----,1801,,2409N 08828E,
,IN,BAU,IT-ITES-A-SEZ/Ulwe,IT-ITES-A-SEZ/Ulwe,MH,RQ,-----6--,1007,,1815N 07326E,
,IN,BAI,IT-ITES-B-SEZ/Ulwe,IT-ITES-B-SEZ/Ulwe,MH,RQ,-----6--,1007,,1815N 07326E,
,IN,BAT,IT-ITES-C-SEZ/Ulwe,IT-ITES-C-SEZ/Ulwe,MH,AF,-----6--,1101,,1845N 07320E,
,IN,KLN,IT-ITES-SEZ/Kalamboli,IT-ITES-SEZ/Kalamboli,MH,AF,-----6--,1101,,1902N 07306E,
,IN,ITA,Itanagar,Itanagar,AR,RL,--3-----,1207,,2706N 09337E,
,IN,PIT,ITL SEZ/Pune,ITL SEZ/Pune,MH,AA,--3--6--,1207,,1832N 07352E,
,IN,GTI,ITL SEZ/Ranga Reddy,ITL SEZ/Ranga Reddy,AP,AA,--3--6--,1207,,1705N 07843E,
,IN,WFT,Itpl Sezii/Whitefield,Itpl Sezii/Whitefield,KA,AA,-----6--,1707,,1258N 07745E,
,IN,JLR,Jabalpur,Jabalpur,,AI,---4----,0001,,,
,IN,JCH,Jadcheria,Jadcheria,AP,RL,--3-----,1807,,1645N 07808E,
,IN,JBD,Jafarabad,Jafarabad,GJ,AA,1-3-----,0207,,2051N 07122E,
,IN,JTD,Jagatdal,Jagatdal,WB,AA,--3-----,1801,,2251N 08823E,
,IN,JAG,Jagatsinghpur,Jagatsinghpur,OR,RL,--3-----,1201,,2011N 08620E,
,IN,JGB,Jagdalpur,Jagdalpur,,AI,---4----,0001,,,
,IN,JHD,Jahanabad,Jahanabad,BR,RL,-----6--,1201,,2503N 08348E,
,IN,JGD,Jaigad,Jaigad,MH,AA,1-------,0006,,,
,IN,JIG,Jaigaon,Jaigaon,WB,AA,-------B,0006,,,
,IN,JAI,Jaipur,Jaipur,RJ,AA,-234-6--,0407,,2655N 07549E,
,IN,KKU,Jaipur-Kanakpura,Jaipur-Kanakpura,,RN,1-3-----,0407,,,
,IN,JSZ,Jaipur-Sitapura,Jaipur-Sitapura,RJ,AA,--3--6--,0401,,2517N 07541E,
,IN,JSA,Jaisalmer,Jaisalmer,,AI,---4----,0001,,,
,IN,JTP,Jaitapur,Jaitapur,MH,AA,1-------,0006,,,
,IN,JAJ,Jajpur,Jajpur,OR,RL,--3-----,1201,,2051N 08620E,
,IN,JAK,Jakhau,Jakhau,GJ,AA,1-------,0002,,,
,IN,JUC,Jalandhar,Jalandhar,PB,AA,-----6--,0002,,,ICD/CFS
,IN,JAL,Jalgaon,Jalgaon,MH,AA,-----6--,0002,,,ICD/CFS
,IN,JAN,Jalna,Jalna,MH,RL,--3-----,1201,,1950N 07553E,
,IN,JAO,Jalore,Jalore,RJ,RL,--3-----,1201,,2520N 07236E,
,IN,JPG,Jalpaiguri,Jalpaiguri,WB,AA,-------B,0006,,,
,IN,IXJ,Jammu,Jammu,JK,AI,1234-6--,0701,,3242N 07451E,
,IN,JGA,Jamnagar,Jamnagar,,AI,---4----,0001,,,
,IN,IXW,Jamshedpur,Jamshedpur,JH,AI,-234----,1401,,2248N 08611E,
,IN,JNL,Janaula,Janaula,HR,RL,--3-----,1401,,2821N 07648E,
,IN,JWA,Jarwa,Jarwa,UP,AA,-------B,0006,,,
,IN,JPR,Jaunpur,Jaunpur,UP,RQ,-----6--,1001,,2544N 08241E,
,IN,NSA,Jawaharlal Nehru (Nhava Sheva),Jawaharlal Nehru (Nhava Sheva),MH,AA,1-------,0002,,,
,IN,JAY,Jayanagar,Jayanagar,BR,AA,-------B,0006,,,
,IN,JAD,Jehanabad,Jehanabad,BR,RL,-----6--,1201,,2512N 08459E,
,IN,PYB,Jeypore,Jeypore,,AI,---4----,0001,,,
,IN,CJG,JGHIPL SEZ/Sriperumbudur,JGHIPL SEZ/Sriperumbudur,TN,AA,-----6--,1501,,1258N 07956E,
,IN,JHB,Jhabua,Jhabua,MP,RL,--3-----,1201,,2246N 07436E,
,IN,JHA,Jhagadia,Jhagadia,GJ,RQ,--3-----,1001,,2142N 07309E,
,IN,JJR,Jhajjar,Jhajjar,HR,AA,--3-----,1801,,2837N 07639E,
,IN,JLW,Jhalawar,Jhalawar,RJ,RL,--3-----,1201,,2436N 07609E,
,IN,JHR,Jharsuguda,Jharsuguda,OR,RL,-----6--,1107,,2151N 08402E,
,IN,JHO,Jhulaghat (Pithoragarh),Jhulaghat (Pithoragarh),UP,AA,-------B,0006,,,
,IN,JJN,Jhunjhunu,Jhunjhunu,RJ,RL,--3-----,1201,,2808N 07524E,
,IN,JIN,Jind,Jind,HR,AA,--3-----,1601,,2919N 07619E,
,IN,CJJ,JMFTZ-SEZ/Mannur,JMFTZ-SEZ/Mannur,TN,AF,-----6--,1101,,1030N 07729E,
,IN,JDG,Jodhpur,Jodhpur,GJ,RL,1----6--,1107,,2153N 07002E,
,IN,JDH,Jodhpur,Jodhpur,RJ,AA,--34-6--,1101,,2615N 07302E,ICD/CFS = JUX
,IN,BGK,Jodhpur-Bhagat Ki Kothi,Jodhpur-Bhagat Ki Kothi,,RN,--3-----,0407,,,
,IN,THA,Jodhpur-Thar,Jodhpur-Thar,,RN,-23-----,0407,,,
,IN,JDA,Jodia,Jodia,GJ,AA,1-------,0002,,,
,IN,JBN,Jogbani,Jogbani,BR,AA,-------B,0006,,,
,IN,RIC,Johdpur ICD,Johdpur ICD,RJ,RL,--3-----,1207,,2617N 07301E,
,IN,JRH,Jorhat,Jorhat,,AI,---4----,9601,,,
,IN,BHC,Jubilant-Chemical-SEZ/Vilayat,Jubilant-Chemical-SEZ/Vilayat,GJ,AF,-----6--,1101,,2302N 07237E,
,IN,QJU,Jullundur,Jullundur,PB,RL,--3-----,0907,,3119N 07535E,
,IN,JUN,Junagadh,Junagadh,GJ,RQ,-----6--,1001,,2131N 07028E,
,IN,KGM,Kachigam,Kachigam,DD,AA,--3-----,1601,,2023N 07352E,
,IN,KDI,Kadmat Is,Kadmat Is,LD,AA,1-------,0006,,,
,IN,KAG,Kagal,Kagal,MH,RL,-----6--,1107,,1635N 07419E,
,IN,KKL,Kaikalur,Kaikalur,AP,RL,--3-----,1207,,1634N 08112E,
,IN,IXH,Kailashahar,Kailashahar,,AI,---4----,0001,,,
,IN,KWH,Kakarahawa Lcs,Kakarahawa Lcs,UP,AA,-----6--,1801,,2524N 08153E,
,IN,KAK,Kakinada,Kakinada,AP,AA,1----6--,0002,,,
,IN,KKK,Kakkanad,Kakkanad,,RL,-----6--,1107,,0959N 07620E,
,IN,KRA,Kakrala,Kakrala,PB,RL,-23-----,1207,,3022N 07606E,
,IN,KAA,Kala Amb,Kala Amb,HP,RL,-----6--,1201,,3030N 07712E,
,IN,KHN,Kalahandi,Kalahandi,OR,RL,--3-----,1201,,2006N 08309E,
,IN,KLE,Kalamboli,Kalamboli,MH,RL,-----6--,1201,,1902N 07306E,
,IN,KAL,Kallai,Kallai,KL,AA,1-------,0006,,,
,IN,KPI,Kalpeni Island,Kalpeni Island,LD,RQ,1-------,0901,,1004N 07338E,
,IN,KLY,Kalyan,Kalyan,MH,AA,1-------,0006,,,
,IN,IXQ,Kamalpur,Kamalpur,,AI,---4----,0001,,,
,IN,PBL,Kamardwisa Lcs,Kamardwisa Lcs,AS,AA,-----6--,1801,,2619N 09047E,
,IN,KAM,Kampur,Kampur,AS,RL,--3-----,1207,,2612N 09238E,
,IN,KKP,Kanakapura,Kanakapura,KA,RQ,-23-----,1901,,1233N 07725E,
,IN,MAB,Kanara,Kanara,KA,RL,-----6--,1201,,1400N 07500E,
,IN,KCP,Kanchipuram,Kanchipuram,TN,RL,-23-----,0901,,1250N 07943E,
,IN,KHL,Kandhamal,Kandhamal,OR,RL,--3-----,1201,,2008N 08401E,
,IN,IXY,Kandla,Kandla,GJ,AA,1234-6--,0307,,2302N 07013E,
,IN,KDL,Kandla-SEZ/Gandhidham,Kandla-SEZ/Gandhidham,GJ,RQ,-----6--,0907,,2302N 07013E,
,IN,SNI,Kanech ICD/Sahnewal,Kanech ICD/Sahnewal,PB,AA,-----6--,1501,,3051N 07559E,
,IN,KND,Kankudy,Kankudy,KL,AA,1-------,0006,,,
,IN,KNN,Kannur,Kannur,KL,AA,--3-----,1601,,1151N 07522E,
,IN,KNU,Kanpur,Kanpur,UP,AA,---4-6--,0002,,,ICD/CFS = CPC
,IN,KKM,Kanyakumari,Kanyakumari,TN,RQ,1-------,0901,,,
,IN,KAP,Kapadra (Surat),Kapadra (Surat),GJ,AA,-----6--,0002,,,ICD/CFS
,IN,KPT,Kapurthala,Kapurthala,PB,RL,--3-----,1201,,3122N 07523E,
,IN,KRK,Karaikal,Karaikal,PY,AA,1-------,0002,,,
,IN,UTQ,Karamadi,Karamadi,TN,RL,--3-----,1301,,1116N 07658E,
,IN,KMD,Karamsad,Karamsad,GJ,RL,--3-----,1301,,2233N 07254E,
,IN,KRN,Karanja,Karanja,MH,AA,1-------,0006,,,
,IN,KAU,Karauli,Karauli,RJ,RL,--3-----,1201,,2630N 07701E,
,IN,KAN,Karbi Anglong,Karbi Anglong,AS,RL,--3-----,1201,,2545N 09309E,
,IN,KDD,Karedu,Karedu,AP,AA,-----6--,0002,,,ICD/CFS
,IN,KRG,Karegaon,Karegaon,MH,RL,-----6--,1107,,1934N 07512E,
,IN,KIM,Karimganj,Karimganj,AS,RL,--3-----,1201,,2452N 09221E,
,IN,KMR,Karimnagar,Karimnagar,AP,RL,--3-----,0901,,1830N 07915E,
,IN,KRL,Karnal,Karnal,,RQ,-----6--,1001,,2941N 07659E,
,IN,KAR,Karur,Karur,TN,AA,123--6--,0501,,1057N 07805E,
,IN,KRW,Karwar,Karwar,KA,AA,1-------,0002,,,Incl Sardeshivagad
,IN,KSG,Kasargod,Kasargod,KL,AA,1-------,0006,,,
,IN,KSR,Kashipur,Kashipur,UT,RL,--3-----,1307,,2913N 07857E,
,IN,KWD,Kasrawad,Kasrawad,MP,RL,--3-----,1207,,2208N 07536E,
,IN,KTG,Katarniyaghat,Katarniyaghat,UP,AA,-------B,0006,,,
,IN,KTR,Kathinhar,Kathinhar,BR,AA,-------B,0006,,,
,IN,CML,Kathuwas Icd/Alwar,Kathuwas Icd/Alwar,RJ,AA,-----6--,1601,,2733N 07635E,
,IN,KAI,Katni,Katni,MP,RL,--3-----,1201,,2349N 08024E,
,IN,KAT,Kattupalli,Kattupalli,TN,RL,123-----,1201,,1318N 08021E,
,IN,KTP,Kattupalli Port,Kattupalli Port,TN,RL,123-----,1207,,1318N 08023E,
,IN,KVT,Kavaram Is,Kavaram Is,LD,AA,1-------,0006,,,
,IN,KVI,Kavi,Kavi,GJ,AA,1-------,0006,,,
,IN,BNC,Kbits-SEZ/Bangalore,Kbits-SEZ/Bangalore,KA,RQ,-----6--,0907,,1259N 07735E,
,IN,KEL,Kel Sahar Subdivision,Kel Sahar Subdivision,TR,AA,-------B,0006,,,
,IN,KSH,Kelshi,Kelshi,MH,AA,1-------,0006,,,
,IN,KIW,Kelwa,Kelwa,MH,AA,1-------,0006,,,
,IN,KNP,Kendrapara,Kendrapara,OR,RL,--3-----,1201,,2030N 08625E,
,IN,KHR,Kendujhar,Kendujhar,OR,RL,--3-----,1201,,2137N 08534E,
,IN,KEO,Keonjhar,Keonjhar,OR,RL,--3-----,0901,,2130N 08530E,
,IN,MDU,Kern Icd/Madurai,Kern Icd/Madurai,TN,AA,-----6--,1801,,0955N 07806E,
,IN,IXK,Keshod,Keshod,,AI,---4----,9601,,,
,IN,HJR,Khajuraho,Khajuraho,,AI,---4----,9601,,,
,IN,KLP,Khalapur,Khalapur,MH,RQ,-----6--,1007,,1849N 07316E,
,IN,KHI,Khambhaliya,Khambhaliya,GJ,RL,--3-----,1207,,2221N 06939E,
,IN,KBT,Khambhat,Khambhat,GJ,RL,1-------,0002,,,
,IN,KGA,Khamgaon,Khamgaon,MH,RL,--3-----,0901,,2041N 07634E,
,IN,KHM,Khammam,Khammam,AP,RL,--3-----,1201,,1715N 08009E,
,IN,KHS,Khandsha,Khandsha,HR,AA,--3-----,1601,,2825N 07700E,
,IN,KGR,Kharagpur,Kharagpur,WB,RQ,-----6--,1007,,2220N 08720E,
,IN,WSI,Kharsawan,Kharsawan,JH,RL,--3-----,1201,,2246N 08549E,
,IN,KHU,Khatauli,Khatauli,UP,RL,--3-----,1207,,2917N 07743E,
,IN,KHA,Khatima,Khatima,UP,RQ,--3-----,1001,,2855N 07958E,
,IN,KHE,Kheda,Kheda,GJ,RL,--3-----,1301,,2245N 07241E,
,IN,KHD,Kheda/Dhar,Kheda/Dhar,MP,RL,-----6--,0901,,2236N 07518E,
,IN,LAH,Kheri,Kheri,UP,RL,--3-----,1201,,2754N 08048E,
,IN,KHO,Khodiyar,Khodiyar,GJ,RL,1----6--,1107,,2303N 07256E,
,IN,KPL,Khopoli,Khopoli,,RQ,-----6--,1001,,1847N 07320E,
,IN,KHP,Khopta,Khopta,,AA,-----6--,0401,,,
,IN,IXN,Khowai,Khowai,,AI,---4----,0001,,,
,IN,KWG,Khowaighat,Khowaighat,TR,AA,-------B,0006,,,
,IN,KWA,Khunwa,Khunwa,UP,AA,-------B,0006,,,
,IN,HSF,Kiadbfp-SEZ/Hassan,Kiadbfp-SEZ/Hassan,KA,RQ,-----6--,0907,,1300N 07605E,
,IN,HSP,Kiadbp-SEZ/Hassan,Kiadbp-SEZ/Hassan,KA,RQ,-----6--,0907,,1300N 07605E,
,IN,HST,Kiadbt-SEZ/Hassan,Kiadbt-SEZ/Hassan,KA,RQ,-----6--,0907,,1300N 07605E,
,IN,KKR,Kilakari,Kilakari,TN,AA,1-------,0006,,,
,IN,KTI,Kiltan Is,Kiltan Is,LD,AA,1-------,0006,,,
,IN,TVC,Kinfraa-SEZ/Thiruvananthapuram,Kinfraa-SEZ/Thiruvananthapuram,KL,RQ,-----6--,0907,,0829N 07655E,
,IN,CCT,Kinfrafp-SEZ/Kozhikkode,Kinfrafp-SEZ/Kozhikkode,KL,RQ,-----6--,0907,,1115N 07546E,
,IN,PUI,Kippl-Gdpl Sez/Kharadi,Kippl-Gdpl Sez/Kharadi,MH,AA,-----6--,1801,,1735N 07517E,
,IN,KRP,Kiranpani,Kiranpani,MH,AA,1-------,0006,,,
,IN,KIT,Kishtwar,Kishtwar,JK,RL,--3-----,1201,,3319N 07546E,
,IN,PNK,Klppl-ICD/Panki,Klppl-ICD/Panki,UP,RQ,-----6--,1001,,2628N 08013E,
,IN,KOC,Kochi,Kochi,KL,AI,--3-5---,1601,,0958N 07616E,
,IN,KDM,Kodambakkam,Kodambakkam,TN,RQ,-----6--,1007,,1302N 08013E,
,IN,KDA,Kodarma (Koderma),Kodarma (Koderma),JH,RL,-----6--,1401,,2428N 08536E,
,IN,KOD,Kodinar,Kodinar,GJ,RL,1-------,0002,,,
,IN,KDR,Kodungallur,Kodungallur,KL,RL,----5---,1401,,1013N 07613E,
,IN,KTW,Koheshwar,Koheshwar,GJ,AA,1-------,0006,,,
,IN,KOI,Koilthottum,Koilthottum,KL,RL,1-------,0002,,,
,IN,KOK,Koka,Koka,GJ,AA,1-------,0002,,,
,IN,KOR,Kokrajhar,Kokrajhar,AS,RL,--3-----,1201,,2624N 09016E,
,IN,KOL,Kolabira,Kolabira,OR,RL,--3-----,1207,,2148N 08410E,
,IN,KLR,Kolar,Kolar,KA,RQ,--3-----,0907,,1380N 07880E,
,IN,KLH,Kolhåpur,Kolhapur,MH,AI,--34----,0401,,1642N 07413E,
,IN,CCU,Kolkata (ex Calcutta),Kolkata (ex Calcutta),WB,AA,1--45---,0201,,2234N 08821E,
,IN,BNK,Kolkata IT Park/Bantala,Kolkata IT Park/Bantala,WB,AF,-----6--,1401,,2234N 08822E,
,IN,KUK,Kollam,Kollam,KL,AA,--3--6--,1501,,1127N 07541E,
,IN,KCI,Konakanchi,Konakanchi,AP,RL,--3-----,1807,,1619N 08011E,
,IN,KON,Konarak,Konarak,KA,RL,1-3-----,0002,,,
,IN,KDP,Kondiapetnam,Kondiapetnam,KL,AA,1-------,0006,,,
,IN,KRT,Koraput,Koraput,OR,RL,--3-----,1207,,1849N 08243E,
,IN,KGN,Koregaon,Koregaon,MH,RL,--3-----,1401,,1839N 07405E,
,IN,KTU,Kota,Kota,RJ,AA,---4-6--,0002,,,ICD/CFS
,IN,MHD,Kotawalighat (Mohedipur),Kotawalighat (Mohedipur),WB,AA,-------B,0006,,,
,IN,KTD,Kotda,Kotda,GJ,AA,1-------,0006,,,
,IN,KOT,Kothagudem,Kothagudem,AP,RL,--3-----,0901,,1733N 08038E,
,IN,KYM,Kottayam,Kottayam,KL,RL,-----6--,1307,,0935N 07631E,ICD/CFS
,IN,KTT,Kottivakkam,Kottivakkam,TN,RL,-----6--,1201,,1258N 08015E,
,IN,KVL,Kovalam,Kovalam,KL,AA,1-------,0006,,,
,IN,VPT,Kovilpatti,Kovilpatti,TN,RL,--3-----,1301,,0910N 07752E,
,IN,KYD,Koyambedu,Koyambedu,TN,RQ,-----6--,1007,,1304N 08012E,
,IN,CCJ,Kozhikode (ex Calicut),Kozhikode (ex Calicut),KL,AA,1234----,0207,,1115N 07546E,
,IN,KBC,Kril ICD,Kril ICD,GJ,RL,-23--6--,1207,,2111N 07242E,
,IN,PKR,KRIL ICD/Pali,KRIL ICD/Pali,HR,RL,-----6--,1301,,2811N 07637E,
,IN,KGI,Krishnagiri,Krishnagiri,TN,RL,--3-----,1201,,1232N 07814E,
,IN,KRI,Krishnapatnam,Krishnapatnam,AP,AA,1-------,0002,,,
,IN,COA,Kspl-SEZ/Kakinada,Kspl-SEZ/Kakinada,AP,RQ,-----6--,1001,,1656N 08213E,
,IN,KSP,Kulasekarapanam,Kulasekarapanam,TN,AA,1-------,0006,,,
,IN,KUL,Kulgam,Kulgam,JK,RL,--3-----,1201,,3339N 07501E,
,IN,KMA,Kulkuli Lcs,Kulkuli Lcs,WB,AA,-----6--,1801,,2643N 08826E,
,IN,KUU,Kulu,Kulu,,AI,---4----,0001,,,
,IN,KBM,Kumbakonam,Kumbakonam,TN,RL,-----6--,1107,,1058N 07923E,
,IN,KMB,Kumbharu,Kumbharu,MH,AA,1-------,0006,,,
,IN,KMH,Kumhrar,Kumhrar,BR,RL,--3-----,1401,,2535N 08511E,
,IN,KNL,Kunauli,Kunauli,BR,AA,-------B,0006,,,
,IN,KUD,Kundapur,Kundapur,AP,RL,--3-----,0701,,1742N 07940E,
,IN,KUN,Kundla,Kundla,GJ,RL,--3-----,9805,,,
,IN,KUI,Kundli,Kundli,HR,RL,--3-----,1401,,2852N 07707E,
,IN,KUS,Kushinagar,Kushinagar,UP,RL,--3-----,1201,,2644N 08353E,
,IN,LIM,Lakhimpur,Lakhimpur,AS,RL,--3-----,1201,,2713N 09405E,
,IN,LWP,Lakshadweep,Lakshadweep,LD,RL,--3-----,1201,,1020N 07247E,
,IN,LAK,Lalakua,Lalakua,AN,RQ,--3-----,0901,,,
,IN,LGL,Lalgola Town,Lalgola Town,WB,AA,-------B,0006,,,
,IN,LAL,Lalru,Lalru,PB,RL,-2------,0507,,3029N 07648E,
,IN,YNT,Landt Cel Sezi/Bangalore North,Landt Cel Sezi/Bangalore North,KA,AA,-----6--,1707,,1301N 07721E,
,IN,YNL,Landt Cel Sezii/Bangalore North,Landt Cel Sezii/Bangalore North,KA,AA,-----6--,1707,,1300N 07720E,
,IN,LNG,Lapanga,Lapanga,OR,RL,1----6--,1201,,2144N 08401E,
,IN,LTB,Latu Bazar,Latu Bazar,AS,AA,-------B,0006,,,
,IN,LAT,Latur,Latur,MH,RL,--3-----,0901,,1824N 07635E,
,IN,LKQ,Laukaha Lcs,Laukaha Lcs,BR,AA,-----6--,1801,,2633N 08627E,
,IN,LPR,Leapuram,Leapuram,KL,AA,1-------,0006,,,
,IN,IXL,Leh,Leh,,AI,---4----,9601,,,
,IN,IXI,Lilabari,Lilabari,,AI,---4----,9601,,,
,IN,GNL,LIPD SEZ/Navi Mumbai,LIPD SEZ/Navi Mumbai,MH,AA,-----6--,1607,,1906N 07253E,
,IN,GNR,Lipl-ICD/Marripalem,Lipl-ICD/Marripalem,AP,RQ,-----6--,1007,,1618N 08027E,
,IN,KOY,Lkoyali,Lkoyali,,RL,--3-----,0901,,2222N 07307E,
,IN,LOH,Lohardaga,Lohardaga,BR,RL,--3-----,1201,,2326N 08441E,
,IN,CRX,Loksan Lcs,Loksan Lcs,WB,AA,-----6--,1801,,2631N 08843E,
,IN,LNI,Loni,Loni,MH,RL,--3-----,0901,,1934N 07428E,
,IN,LON,Loni,Loni,UP,RL,-23-----,0907,,2845N 07716E,
,IN,LKH,Loni Kalbhor,Loni Kalbhor,MH,RL,-23--6--,0901,,1827N 07402E,
,IN,NOI,Loni-1 LCD/Chaziabad,Loni-1 LCD/Chaziabad,UP,AF,-----6--,1401,,2845N 07717E,
,IN,RJN,LSPL SEZ/Rajnandgaon,LSPL SEZ/Rajnandgaon,CH,AA,--3--6--,1307,,2110N 08100E,
,IN,TLT,LTSL SEZ/Tiruvallur,LTSL SEZ/Tiruvallur,TN,AA,--3--6--,1207,,1309N 07955E,
,IN,LKO,Lucknow,Lucknow,UP,AA,---4----,0002,,,
,IN,LUH,Ludhiana,Ludhiana,PB,AA,---4-6--,0002,,,ICD/CFS = LDH
,IN,MCC,Machhiwara,Machhiwara,PB,RL,--3-----,1301,,3054N 07611E,
,IN,MGJ,Madanganj,Madanganj,RJ,RL,--3-----,1207,,2635N 07452E,
,IN,KRM,MADCL SEZ/Nagpur,MADCL SEZ/Nagpur,MH,AA,--3--6--,1207,,2109N 07906E,
,IN,MRG,Madgaon,Madgaon,GA,AA,-2---6--,0212,,1518N 07357E,ICD/CFS = MDG
,IN,MSH,Madho Singhana,Madho Singhana,HR,RL,--3-----,1407,,2927N 07455E,
,IN,MBS,Madhosingh/Allahabad,Madhosingh/Allahabad,UP,RL,-----6--,0901,,2527N 08151E,
,IN,IXM,Madurai,Madurai,TN,AI,1-34-6--,0701,,0956N 07807E,
,IN,MDT,Maduranthakam,Maduranthakam,TN,AA,--3-----,1601,,1230N 07953E,
,IN,MAG,Magadi,Magadi,KA,RQ,-23-----,1901,,1258N 07714E,
,IN,MDA,Magdalla,Magdalla,GJ,AA,1-------,0002,,,
,IN,HAD,Mahad,Mahad,MH,RL,--3-----,0901,,1805N 07325E,
,IN,MAJ,Maharajganj,Maharajganj,UP,RL,--3-----,1201,,2622N 08117E,
,IN,MHB,Mahbubnagar,Mahbubnagar,AP,RL,--3-----,1401,,1644N 07759E,
,IN,MAH,Mahe,Mahe,PY,AA,123-----,0501,,1142N 07532E,
,IN,MGH,Mahendraganj,Mahendraganj,ML,AA,-------B,0006,,,
,IN,MSA,Mahesana,Mahesana,GJ,RL,--3-----,0901,,2336N 07224E,
,IN,MHN,Mahisasan,Mahisasan,AS,AA,-2------,1207,,,
,IN,MHG,Mahurighat,Mahurighat,TR,AA,-------B,0006,,,
,IN,MHA,Mahuva,Mahuva,GJ,AA,1-------,0002,,,
,IN,MPI,Mainpuri,Mainpuri,UP,RL,--3-----,1201,,2714N 07901E,
,IN,MKN,Makrana,Makrana,RJ,RL,--3-----,1301,,2703N 07443E,
,IN,MPR,Malanpur,Malanpur,MP,AA,--3--6--,0501,,2625N 07820E,
,IN,MRK,Malappuram,Malappuram,KL,RQ,1-------,0901,,,
,IN,LDA,Malda,Malda,,AI,---4----,0001,,,
,IN,MWA,Maliwada,Maliwada,MH,RL,-23-----,0701,,1955N 07513E,
,IN,MLP,Mallipuram,Mallipuram,KL,AA,1-------,0006,,,
,IN,MAL,Malpe,Malpe,KA,AA,1-------,0002,,,
,IN,MLR,Malur,Malur,KA,RL,--3-----,1301,,1300N 07756E,
,IN,MLW,Malwan,Malwan,MH,AA,1-------,0006,,,
,IN,MNI,Manali,Manali,HP,AA,--3-----,1707,,3216N 07710E,
,IN,MNT,Manalithara,Manalithara,KL,AA,--3-----,1601,,1038N 07617E,
,IN,MKK,Manapakkam,Manapakkam,TN,AA,--3-----,1607,,1301N 08017E,
,IN,MDP,Mandapam,Mandapam,TN,AA,1-------,0002,,,
,IN,MNP,Mandideep,Mandideep,MP,RL,--3-----,0901,,2304N 07713E,
,IN,MAN,Mandsaur,Mandsaur,MP,RL,--3-----,1201,,2404N 07504E,
,IN,MNW,Mandwa,Mandwa,MH,AA,1-------,0006,,,
,IN,IXE,Mangalore,Mangalore,KA,AA,1--4----,0002,,,
,IN,MAI,Mangalore,Mangalore,KA,RL,-----6--,1201,,1252N 07453E,
,IN,MAQ,Mangalore SEZ,Mangalore SEZ,KA,AA,-----6--,1301,,1252N 07453E,
,IN,MGR,Mangrol,Mangrol,GJ,AA,1-------,0002,,,
,IN,MKC,Manikarchar,Manikarchar,AS,AA,-------B,0006,,,
,IN,MNR,Manori,Manori,MH,AA,1-------,0006,,,
,IN,MNS,Mansa,Mansa,PB,RL,-----6--,1201,,2959N 07523E,
,IN,MNU,Manu,Manu,AS,AA,--3----B,0501,,,
,IN,MRM,Marmagao (Marmugao),Marmagao (Marmugao),GA,AA,123-----,0207,,1524N 07347E,
,IN,MRM,Marmugao (Marmagao),Marmugao (Marmagao),GA,AA,123-----,0207,,1524N 07347E,
,IN,MLI,Maroli,Maroli,GJ,AA,1-------,0002,,,
,IN,MAP,Masulipatnam,Masulipatnam,AP,AA,1-------,0002,,,
,IN,MKM,Mathilakam,Mathilakam,KL,RL,----5---,1401,,1017N 07610E,
,IN,MAT,Mathura,Mathura,UP,RQ,-23-----,0901,,,
,IN,MAU,Mau,Mau,UP,RL,--3-----,1201,,2558N 08333E,
,IN,MAV,Mavalli,Mavalli,KA,AA,--3-----,1601,,1257N 07735E,
,IN,MYB,Mayabandar,Mayabandar,AN,AA,1-------,0006,,,
,IN,MYN,Mayurbhanj,Mayurbhanj,OR,RL,--3-----,1201,,2155N 08644E,
,IN,MDW,Meadows,Meadows,AN,AA,1-------,0006,,,
,IN,MED,Medinipur,Medinipur,WB,RL,--3-----,0901,,2226N 08720E,
,IN,MER,Meerut,Meerut,UP,AA,--3--6--,0002,,,ICD/CFS = MTC
,IN,MBZ,Metia Bruz,Metia Bruz,WB,RL,--3-----,1401,,2233N 08818E,
,IN,MTT,Mettupalayam,Mettupalayam,TN,RL,--3-----,1201,,1118N 07656E,
,IN,MTR,Mettur,Mettur,TN,RL,--3-----,1301,,1148N 07748E,
,IN,MTW,Metwad,Metwad,GJ,AA,1-------,0006,,,
,IN,MCI,Minicoi I,Minicoi I,KL,AA,1-------,0002,,,
,IN,MRJ,Miraj,Miraj,MH,AA,--3-----,0501,,1650N 07438E,
,IN,MRI,Mithivirdi,Mithivirdi,GJ,RQ,1-------,0401,,2128N 07214E,
,IN,YNA,Modern Asset Sezi/Yelahanka Hobli,Modern Asset Sezi/Yelahanka Hobli,KA,AA,-----6--,1707,,1306N 07737E,
,IN,YMA,Modern Asset Sezii/Yelahanka Hobli,Modern Asset Sezii/Yelahanka Hobli,KA,AA,-----6--,1707,,1306N 07736E,
,IN,MUZ,Modinagar Icd/Ghaziabad,Modinagar Icd/Ghaziabad,UP,AA,-----6--,1701,,2839N 07725E,
,IN,MOG,Moga,Moga,PB,RL,--3-----,1201,,3048N 07510E,
,IN,MHI,Mohali,Mohali,MH,RL,--3-----,0002,,,
,IN,MOH,Mohanbari,Mohanbari,,AI,---4----,0001,,,
,IN,MRA,Mora,Mora,MH,AA,1-------,0006,,,
,IN,MOR,Moradabad,Moradabad,UP,AA,-23--6--,0501,,2850N 07847E,
,IN,MOB,Morbi,Morbi,GJ,RL,1-3-----,0701,,2249N 07050E,
,IN,MRE,Moreh,Moreh,ML,AA,-------B,0006,,,
,IN,MOE,Morena,Morena,MP,RL,--3-----,1201,,2629N 07800E,
,IN,MAR,Morigaon,Morigaon,AS,RL,--3-----,1201,,2615N 09220E,
,IN,ADM,Mrpl-SEZ/Ahmadabad,Mrpl-SEZ/Ahmadabad,GJ,RQ,-----6--,1001,,2302N 07237E,
,IN,PMT,MTDCCL SEZ/Pune,MTDCCL SEZ/Pune,MH,AA,--3--6--,1207,,1832N 07352E,
,IN,MHP,Muhammadpur,Muhammadpur,HR,RL,--3-----,1401,,2927N 07656E,
,IN,MDK,Mul Dwårka,Mul Dwarka,GJ,AA,1-------,0212,,2045N 07040E,
,IN,MUL,Mulgund,Mulgund,KA,AA,--3--6--,0607,,1515N 07532E,
,IN,BAP,Multi Services-SEZ/Dronagiri,Multi Services-SEZ/Dronagiri,MH,RQ,-----6--,1007,,1910N 07250E,
,IN,KLM,Multi Services-SEZ/Kalamboli,Multi Services-SEZ/Kalamboli,MH,RQ,-----6--,1007,,1902N 07306E,
,IN,BAM,Multi Services-SEZ/Ulwe,Multi Services-SEZ/Ulwe,MH,RQ,-----6--,1007,,1815N 07326E,
,IN,MUU,Mulund,Mulund,,RQ,-----6--,1001,,1917N 07295E,
,IN,BOM,Mumbai (ex Bombay),Mumbai (ex Bombay),MH,AA,123456--,0501,,1858N 07249E,
,IN,MNB,Munabao,Munabao,RJ,AA,-2------,1207,,,
,IN,MUN,Mundra,Mundra,GJ,AA,1-------,0002,,,
,IN,AJM,Mundra Port SEZ,Mundra Port SEZ,GJ,RQ,-----6--,0907,,2251N 06944E,
,IN,MUG,Munger,Munger,BR,RL,123-----,0601,,2523N 08628E,
,IN,MUR,Murad,Murad,MH,RL,1-------,0002,,,
,IN,MZA,Muzaffarnagar,Muzaffarnagar,,AI,---4----,0001,,,
,IN,MZU,Muzaffarpur,Muzaffarpur,,AI,---4----,0001,,,
,IN,CGA,MWCDL-Apparels-SEZ/Chengalpattu,MWCDL-Apparels-SEZ/Chengalpattu,TN,RQ,-----6--,1001,,1242N 07959E,
,IN,CGL,MWCDL-Auto-Ancillaries-SEZ/Chengalpattu,MWCDL-Auto-Ancillaries-SEZ/Chengalpattu,TN,RQ,-----6--,1001,,1242N 07959E,
,IN,CGI,MWCDL-IT-SEZ/Chengalpattu,MWCDL-IT-SEZ/Chengalpattu,TN,RQ,-----6--,1001,,1242N 07959E,
,IN,MYR,Mylapore,Mylapore,TN,RL,-----6--,1107,,1314N 08016E,
,IN,MYQ,Mysore,Mysore,,AI,---4----,0001,,,
,IN,MDV,Måndvi,Mandvi,GJ,AA,1-3-----,0307,,2250N 06922E,
,IN,NDD,Nadiad,Nadiad,GJ,RL,--3-----,1401,,2242N 07252E,
,IN,NGA,Nagaon,Nagaon,AS,RL,--3-----,1201,,2621N 09241E,
,IN,NPT,Nagappattinam,Nagappattinam,TN,AA,1-3-----,0207,,1047N 07949E,
,IN,NPR,Nagapur,Nagapur,MH,RL,--3-----,9806,,,
+,IN,NGK,Nagarkata Lcs,Nagarkata Lcs,WB,AA,-----6--,1907,,2654N 08855E,
,IN,NAU,Nagaur,Nagaur,RJ,RL,--3-----,1201,,2712N 07344E,
,IN,NGC,Nagercoil,Nagercoil,TN,RL,1-3-----,0701,,0810N 07726E,
,IN,NAG,Nagpur,Nagpur,MH,AA,---4-6--,0002,,,ICD/CFS = NGP
,IN,NAT,Nainital,Nainital,UT,AA,--3-----,1601,,2923N 07927E,
,IN,NJD,Najibabad,Najibabad,UP,RL,--3-----,1301,,2938N 07820E,
,IN,NAA,Nalagarh,Nalagarh,PB,AA,--3-----,1601,,3103N 07643E,
,IN,NAL,Nalbari,Nalbari,AS,RL,--3-----,1201,,2641N 09151E,
,IN,TNN,Namakkal,Namakkal,TN,RL,--3-----,1301,,1114N 07810E,
,IN,NKN,Namkhana,Namkhana,WB,AA,-------B,0006,,,
,IN,NMK,Namkum,Namkum,JH,RL,-23-----,1401,,2321N 08522E,
,IN,NPG,Nampong,Nampong,AP,AA,-------B,0006,,,
,IN,NAN,Nancowrie,Nancowrie,AN,AA,1-------,0002,,,
,IN,DID,Nanded,Nanded,MH,RL,-----6--,1201,,1909N 07720E,
,IN,NDC,Nanded,Nanded,,AI,---4----,0001,,,
,IN,NDG,Nandgaon,Nandgaon,MH,AA,1-------,0006,,,
,IN,ISK,Nasik,Nasik,MH,AA,---4-6--,0907,,1959N 07348E,ICD/CFS = NSK
,IN,NVB,Navabunder,Navabunder,GJ,AA,1-------,0006,,,
,IN,NVP,Navaspur,Navaspur,AP,AA,1-------,0006,,,
,IN,NMB,Navi Mumbai,Navi Mumbai,MH,RL,--3--6--,0607,,1910N 07300E,
,IN,SAJ,NAVKAR ICD/Umbergaon,NAVKAR ICD/Umbergaon,GJ,AA,-----6--,1601,,2037N 07255E,
,IN,NAV,Navlakhi,Navlakhi,GJ,AA,1-------,0002,,,
,IN,QNW,Nawanshahar,Nawanshahar,JK,RL,--3-----,0907,,3246N 07432E,
,IN,NYG,Nayagarh,Nayagarh,OR,RL,--3-----,1201,,2008N 08506E,
,IN,CNC,NCTL SEZ/Kancheepuram,NCTL SEZ/Kancheepuram,TN,AA,--3--6--,1207,,1250N 07943E,
,IN,CJC,NCTL(ENGG) SEZ/Kancheepuram,NCTL(ENGG) SEZ/Kancheepuram,TN,AA,-----6--,1501,,1249N 07943E,
,IN,NMT,Neamari Stemerghat,Neamari Stemerghat,AS,AA,-------B,0006,,,
,IN,NER,Neemrana,Neemrana,RJ,RL,-----6--,1201,,2759N 07623E,
,IN,NEM,Neemuch,Neemuch,MP,RL,--3-----,1201,,2427N 07452E,
,IN,NEL,Nellore,Nellore,AP,RL,1-------,0002,,,
,IN,NGR,Nepalgunj Road,Nepalgunj Road,UP,AA,-------B,0006,,,
,IN,ICD,New Delhi,New Delhi,DL,RL,123--6--,0407,,2836N 07712E,
,IN,NML,New Mangalore,New Mangalore,KA,AA,1-------,0002,,,
,IN,NTU,New Tuticorin,New Tuticorin,TN,RL,1-3-----,0607,,0845N 07813E,
,IN,NWP,Newapur,Newapur,MH,AA,1-------,0006,,,
,IN,NVY,Neyveli,Neyveli,,AI,---4----,0001,,,
,IN,VLN,NG Realty-SEZ/Bavla,NG Realty-SEZ/Bavla,GJ,AF,-----6--,1101,,2302N 07237E,
,IN,NSA,Nhava Sheva (Jawaharlal Nehru),Nhava Sheva (Jawaharlal Nehru),MH,AA,1-------,0002,,,
,IN,NHV,Nhave,Nhave,MH,RL,1-------,0212,,1857N 07258E,
,IN,NID,Nidadavole,Nidadavole,AP,RL,--3-----,1207,,1655N 08140E,
,IN,NGI,Nilgiris,Nilgiris,TN,RL,--3-----,1201,,1129N 07644E,
,IN,NKR,Nilokheri,Nilokheri,HR,RQ,-----6--,1001,,2950N 07655E,
,IN,NEE,Nindakara,Nindakara,KL,AA,1-3-----,0207,,0856N 07632E,
,IN,CJN,Nipl-SEZ/Sriperumbudur,Nipl-SEZ/Sriperumbudur,TN,RQ,-----6--,1001,,1258N 07956E,
,IN,NVT,Nivti,Nivti,MH,AA,1-------,0006,,,
,IN,NIZ,Nizamabad,Nizamabad,AP,RL,--3-----,1201,,1840N 07807E,
,IN,NDA,Noida,Noida,UP,AA,--3-----,1601,,2834N 07719E,
,IN,NSI,North Sikkim,North Sikkim,SK,RL,--3-----,1201,,2749N 08833E,
,IN,JNJ,NPLP SEZ/Thane,NPLP SEZ/Thane,MH,AA,-----6--,1607,,1911N 07257E,
,IN,NUA,Nuapada,Nuapada,OR,RL,--3-----,1201,,2049N 08231E,
,IN,NUH,Nuh,Nuh,HR,RL,--3-----,1401,,2807N 07701E,
,IN,KUR,OIIDC SEZ/Khurda,OIIDC SEZ/Khurda,OR,RL,--3-----,1407,,2011N 08537E,
,IN,OKH,Okha,Okha,GJ,AA,1-------,0002,,,
,IN,RGB,Old Raghna Bazar,Old Raghna Bazar,TR,AA,-------B,0006,,,
,IN,ONG,Ongole,Ongole,AP,RL,--3-----,0901,,1530N 08003E,
,IN,ONJ,Onjal,Onjal,GJ,AA,1-------,0006,,,
,IN,GAO,OPGS SEZ/Gandhidham,OPGS SEZ/Gandhidham,GJ,AF,-----6--,1401,,2305N 07008E,
,IN,HOI,OPTO INFRA SEZ/Hassan,OPTO INFRA SEZ/Hassan,KA,AA,--3--6--,1207,,1300N 07605E,
,IN,ORS,Orissa,Orissa,,RL,1----6--,1201,,2014N 08416E,
,IN,OMN,Osmanabad,Osmanabad,,AI,---4----,0001,,,
,IN,PDI,Padi,Padi,,RQ,--3-----,9806,,,
,IN,GJT,Padra,Padra,GJ,RL,--3-----,1301,,2214N 07305E,
,IN,PDD,Padubidri,Padubidri,KA,AA,1-------,0501,,,
,IN,MBD,Pakwara (Moradabad),Pakwara (Moradabad),UP,AA,-----6--,0002,,,ICD/CFS
,IN,PAJ,Pal,Pal,RJ,RQ,--3-----,1001,,2613N 07258E,
,IN,PAD,Palakkad,Palakkad,KL,RL,--3-----,1201,,1047N 07639E,
,IN,PAM,Palamu,Palamu,JH,RL,--3-----,1201,,2355N 08417E,
,IN,PKN,Palani,Palani,TN,RL,--3-----,1301,,1027N 07730E,
,IN,PLS,Palasa,Palasa,AP,RL,-----6--,1107,,1846N 08425E,
,IN,PLD,Paldi,Paldi,GJ,RL,--3-----,1301,,2300N 07233E,
,IN,PLJ,Palej,Palej,GJ,RL,--3-----,1301,,2155N 07304E,
,IN,PGR,Palghar,Palghar,MH,RL,--3-----,1301,,1941N 07245E,
,IN,PAL,Palghat,Palghat,KL,RL,-23-----,0701,,1047N 07639E,
,IN,PAI,Pali,Pali,RJ,RL,--3-----,1201,,2546N 07319E,
,IN,PSH,Palshet,Palshet,MH,AA,1-------,0006,,,
,IN,PWL,Palwal ICD,Palwal ICD,HR,AA,-----6--,1601,,2809N 07720E,
,IN,PMB,Pamban,Pamban,TN,AA,1-------,0006,,,
,IN,PAN,Panaji Port,Panaji Port,GA,AA,1-------,0002,,,
,IN,PNA,Panchkula,Panchkula,HR,RL,--3-----,1201,,3041N 07651E,
,IN,5PA,Paneli,Paneli,GJ,RL,--3-----,1407,,2152N 07009E,
,IN,PAP,Panipat,Panipat,HR,RL,-23-----,0002,,,
,IN,PNI,Panipat,Panipat,HR,RL,-----6--,1201,,2923N 07658E,
,IN,PNT,Panitankit (Nazalbari),Panitankit (Nazalbari),WB,AA,-------B,0006,,,
,IN,PNJ,Panjim,Panjim,GA,AA,1-------,0006,,,
,IN,PAA,Panna,Panna,MP,RL,--3-----,1201,,2443N 08012E,
,IN,NOL,Panoli,Panoli,GJ,RL,-23-----,1207,,2132N 07258E,
,IN,PGH,Pantnagar,Pantnagar,,AI,---4----,9601,,,
,IN,PVL,Panvel,Panvel,MH,RL,--3-----,0607,,1859N 07306E,
,IN,PRT,Paradip Garh,Paradip Garh,OR,AA,123-----,0307,,2019N 08637E,
,IN,PPT,Paradip Port,Paradip Port,OR,RQ,1-------,1001,,2015N 08635E,
,IN,PJT,Parantij,Parantij,GJ,RL,--3-----,1401,,2326N 07251E,
,IN,PAR,Parbhani,Parbhani,MH,RL,--3-----,1201,,1916N 07647E,
,IN,PWN,Parwanoo,Parwanoo,HP,RL,-----6--,1201,,3050N 07657E,
,IN,IXT,Pasighat,Pasighat,,AI,---4----,0001,,,
,IN,PTU,Patancheru,Patancheru,AP,RL,--3-----,1301,,1731N 07815E,
,IN,IXP,Pathankot,Pathankot,,AI,---4----,0001,,,
,IN,PTQ,Patiala,Patiala,PB,RL,-----6--,1707,,3020N 07622E,
,IN,PTL,Patli,Patli,HR,RQ,-----6--,0901,,,
,IN,PAT,Patna,Patna,BR,AA,---4----,0002,,,
,IN,PPG,Patparganj,Patparganj,DL,AA,--3--6--,0002,,,
,IN,PAK,Payyannur,Payyannur,KL,RL,-----6--,1207,,1206N 07512E,
,IN,PNL,PDPL SEZ/Raigarh,PDPL SEZ/Raigarh,MH,AA,-----6--,1607,,1852N 07303E,
,IN,PEE,Peenya,Peenya,,RL,--3-----,1107,,,
,IN,PPJ,Pellet Plant Jetty/Shiroda,Pellet Plant Jetty/Shiroda,GA,AA,1-------,0006,,,
,IN,PBR,Perambalur,Perambalur,TN,RL,--3-----,1201,,1114N 07853E,
,IN,PLY,Periyapalayam,Periyapalayam,TN,RL,--3-----,1207,,1319N 08003E,
,IN,PRM,Pernem,Pernem,GA,AA,--3-----,1701,,1543N 07348E,
,IN,PER,Perundurai,Perundurai,TN,RQ,1-3-----,0901,,,
,IN,PTP,Petrapole Road,Petrapole Road,WB,AA,-------B,0006,,,
,IN,TBM,Phpl-SEZ/Kancheepuram,Phpl-SEZ/Kancheepuram,TN,RQ,-----6--,1001,,1250N 07943E,
,IN,PHB,Phulbari,Phulbari,AS,AA,-------B,0006,,,
,IN,PHU,Phursungi,Phursungi,MH,RL,--3-----,1407,,1828N 07359E,
,IN,COP,Picpl-SEZ/Kakinada,Picpl-SEZ/Kakinada,AP,RQ,-----6--,1001,,1656N 08213E,
,IN,PLN,Pilani,Pilani,RJ,RL,--3-----,1807,,2822N 07536E,
,IN,PIL,Pilibhit,Pilibhit,UP,RL,--3-----,1201,,2838N 07948E,
,IN,PMP,Pimpri,Pimpri,MH,AA,-----6--,0002,,,ICD/CFS
,IN,PIN,Pindhara,Pindhara,GJ,AA,1-------,0002,,,
,IN,PAV,Pipavav (Victor) Port,Pipavav (Victor) Port,GJ,AA,123-----,0701,,2058N 07133E,
,IN,KJI,Pipraun Lcs,Pipraun Lcs,BR,AA,-----6--,1801,,2620N 08605E,
,IN,PIR,Pithampur,Pithampur,MP,AA,--3--6--,0002,,,ICD/CFS = IND
,IN,PNY,Pondicherry,Pondicherry,PY,AA,1-34-6--,0501,,1155N 07949E,
,IN,PNN,Ponnani,Ponnani,KL,AA,1-------,0006,,,
,IN,PON,Ponneri,Ponneri,TN,RL,--3-----,1207,,1319N 08012E,
,IN,PBD,Porbandar,Porbandar,GJ,AA,1--4----,0002,,,
,IN,IXZ,Port Blair,Port Blair,AN,AA,1--4----,0002,,,
,IN,PID,Port Indai,Port Indai,,QQ,1-------,8103,,,
,IN,PPV,Port Pipavav,Port Pipavav,GJ,RL,1-------,1301,,2056N 07131E,
,IN,PRN,Portonovo,Portonovo,TN,AA,1-------,0006,,,
,IN,PST,Positra,Positra,GJ,RL,1-3-----,0401,,2224N 06910E,
,IN,PRK,Powarkheda ICD/Hoshangabad,Powarkheda ICD/Hoshangabad,MP,AA,-----6--,1601,,2245N 07743E,
+,IN,PKM,Prakasam,Prakasam,AP,RL,--3-----,1907,,1537N 07930E,
,IN,PTJ,Prantij,Prantij,,RQ,-----6--,1001,,2326N 07251E,
,IN,BPQ,Pratapganj,Pratapganj,BR,RL,1-3-----,1401,,2618N 08658E,
,IN,PTG,Pratapgarh,Pratapgarh,RJ,RL,--3-----,1201,,2716N 07610E,
,IN,BDB,Precious Cargo Customs Clearance Centre/Bandra,Precious Cargo Customs Clearance Centre/Bandra,MH,AF,-----6--,1101,,1904N 07250E,
,IN,DDL,PSWC ICD/Dhandari Kalan,PSWC ICD/Dhandari Kalan,PB,AA,-----6--,1601,,3051N 07552E,
,IN,PUD,Puducherry,Puducherry,PY,RL,--3-----,1201,,1155N 07947E,
,IN,PUK,Pudukkottai,Pudukkottai,TN,RL,--3-----,1201,,1023N 07849E,
,IN,PUL,Pulicat,Pulicat,TN,RL,1-------,0002,,,
,IN,PLV,Pulivendula,Pulivendula,AP,RL,-----6--,1201,,1425N 07814E,
,IN,PNQ,Pune,Pune,MH,AA,-234-6--,1801,,,
,IN,PRG,Purangad,Purangad,MH,AA,1-------,0006,,,
,IN,PUR,Puri,Puri,OR,RL,1-------,0002,,,
,IN,ERP,Puthuvypeen-SEZ/Ernakulam,Puthuvypeen-SEZ/Ernakulam,KL,RQ,-----6--,0907,,0959N 07617E,
,IN,PUT,Puttaparthi,Puttaparthi,,AI,---4----,0001,,,
,IN,TEY,Puzhal,Puzhal,TN,RL,--3-----,1401,,1310N 08012E,
,IN,BGQ,Quest-SEZ/Belgaum,Quest-SEZ/Belgaum,KA,RQ,-----6--,0907,,1552N 07430E,
,IN,QUI,Quilon,Quilon,KL,RL,1-------,0002,,,
,IN,QUT,Quthbullapur,Quthbullapur,TG,AA,--3-----,1601,,1730N 07827E,
,IN,RPL,Raddipalam,Raddipalam,AP,AA,-----6--,0002,,,ICD/CFS
,IN,RDP,Radhikapur,Radhikapur,WB,AA,-2------,1207,,,
,IN,RBL,Rae Bareli,Rae Bareli,UP,RL,--3-----,0901,,2613N 08114E,
,IN,RAR,Raichur,Raichur,KA,RL,--3-----,0901,,1612N 07722W,
,IN,RA7,Raigad,Raigad,MH,RL,--3-----,1301,,1839N 07252E,
+,IN,RGJ,Raiganj Railway Station Lcs,Raiganj Railway Station Lcs,WB,AA,-2------,1907,,2537N 08807E,
,IN,RGA,Raigarh,Raigarh,MH,RL,--3-----,0901,,2154N 08324E,
,IN,RIG,Raigarh,Raigarh,CH,RL,--3-----,1307,,3042N 07645E,
,IN,RRI,Raili,Raili,BR,RL,1-------,0002,,,
,IN,RPR,Raipur,Raipur,CT,AA,---4-6--,1401,,2114N 08138E,ICD/CFS = RAI
,IN,RGP,Rairangpur,Rairangpur,OR,RL,--3-----,1207,,2216N 08610E,
,IN,RAI,Raisen,Raisen,MP,RL,--3-----,0901,,2320N 07748E,
,IN,RNN,Raj Nandgaon,Raj Nandgaon,CH,RL,--3-----,1307,,2106N 08101E,
,IN,RJA,Rajahmundry,Rajahmundry,,AI,---4----,0001,,,
,IN,RKG,Rajakkamangalam,Rajakkamangalam,KL,AA,1-------,0006,,,
,IN,RAH,Rajgarh,Rajgarh,MP,RL,--3-----,1201,,2240N 07457E,
,IN,RIR,Rajgir,Rajgir,BR,AA,--3-----,1801,,2502N 08525E,
,IN,RAJ,Rajkot,Rajkot,GJ,AI,-234-6--,0407,,2217N 07047E,
,IN,RJI,Rajouri,Rajouri,,AI,---4----,0001,,,
,IN,RJP,Rajpara/Navabunder,Rajpara/Navabunder,GJ,AA,1-------,0006,,,
,IN,RJR,Rajpuri,Rajpuri,MH,AA,1-------,0006,,,
,IN,RAD,Rajsamand,Rajsamand,RJ,RL,--3-----,1201,,2504N 07353E,
,IN,RJU,Rajula,Rajula,GJ,RL,--3--6--,0607,,2102N 07126E,
,IN,RMD,Ramagundam,Ramagundam,,AI,---4----,0001,,,
,IN,RMP,Ramanathapuram,Ramanathapuram,TN,RL,--3-----,1201,,0923N 07850E,
,IN,RAB,Ramban,Ramban,JK,RL,--3-----,1201,,3315N 07515E,
,IN,RAM,Rameshwaram,Rameshwaram,TN,AA,1-------,0002,,,
,IN,RAG,Ramgarh,Ramgarh,JH,RL,--3-----,1201,,3254N 07447E,
,IN,RAP,Rampur,Rampur,UP,RL,--3-----,1201,,2648N 07901E,
,IN,RMT,Ramtek,Ramtek,MH,RL,-23-----,1407,,2124N 07920E,
,IN,RNG,Ranaghat,Ranaghat,WB,AA,-2------,1207,,,
,IN,RNM,Ranasthalam,Ranasthalam,AP,RL,-23-----,1207,,1812N 08341E,
,IN,IXR,Ranchi,Ranchi,BR,AI,-234----,0207,,2321N 08520E,
,IN,RGT,Ranghat Bay,Ranghat Bay,AN,AA,1-------,0006,,,
,IN,RAN,Rania,Rania,HR,RL,--3-----,1101,,2932N 07450E,
,IN,TN9,Ranipet,Ranipet,TN,RL,--3-----,1407,,1255N 07919E,
,IN,RNR,Ranpar,Ranpar,MH,AA,1-------,0002,,,
,IN,RTM,Ratlam,Ratlam,MP,RQ,-----6--,0907,,2319N 07505E,
,IN,RTC,Ratnagiri,Ratnagiri,MH,AA,1--4----,0002,,,
,IN,RXL,Raxaul,Raxaul,BR,AA,-------B,0006,,,
,IN,RAY,Rayapalayam,Rayapalayam,AN,RQ,--3-----,0901,,,
,IN,RED,Redi,Redi,MH,AA,1-------,0002,,,
,IN,LPJ,Reliance SEZ/Jamnagar,Reliance SEZ/Jamnagar,GJ,RQ,-----6--,0907,,2228N 07004E,
,IN,RGN,Renigunta,Renigunta,AP,RL,-23-----,1207,,1339N 07931E,
,IN,RKO,Renukoot,Renukoot,UP,RL,-23-----,1807,,2413N 08302E,
,IN,RVD,Revdanda,Revdanda,MH,AA,1-------,0002,,,
,IN,REW,Rewa,Rewa,,AI,---4----,0001,,,
,IN,REA,Rewari,Rewari,HR,AA,--3--6--,0501,,2811N 07637E,
,IN,CRL,Rga Sez/Chikkankannelli,Rga Sez/Chikkankannelli,KA,AA,-----6--,1701,,1325N 07637E,
,IN,JPI,Riico SEZ-I/Sitapura,Riico SEZ-I/Sitapura,RJ,AC,-----6--,1901,,2544N 07536E,
,IN,KOH,Rll-SEZ/Medak,Rll-SEZ/Medak,AP,RQ,-----6--,1001,,1802N 07816E,
,IN,RHA,Roha,Roha,MH,RL,--3-----,1301,,1826N 07307E,
,IN,ROH,Rohtak,Rohtak,HR,RL,--3-----,0607,,2853N 07635E,
,IN,ROO,Roorkee,Roorkee,UP,RL,--3-----,1301,,2952N 07753E,
,IN,RRK,Rourkela,Rourkela,,AI,---4----,0001,,,
,IN,RYP,Royapuram,Royapuram,TN,RL,-----6--,1107,,1306N 08017E,
,IN,ROZ,Rozi,Rozi,GJ,RL,1-------,1207,,2234N 07002E,
,IN,AKR,RPCIPL SEZ/Visakhapatnam,RPCIPL SEZ/Visakhapatnam,AP,RQ,-----6--,0907,,1742N 08318E,
,IN,MDR,RTPL SEZ/Madurai,RTPL SEZ/Madurai,TN,AA,--3--6--,1207,,0956N 07807E,
,IN,RUD,Rudrapur,Rudrapur,UT,RL,-----6--,1307,,2930N 07928E,
,IN,RPN,Rupnagar,Rupnagar,PB,RL,--3-----,1201,,3057N 07631E,
,IN,RUP,Rupsi,Rupsi,,AI,---4----,0001,,,
,IN,RGU,Ryngku,Ryngku,ML,AA,-------B,0006,,,
,IN,SBT,Sabarmati,Sabarmati,GJ,RQ,-----6--,0907,,2305N 07240E,
,IN,SAB,Sabroom,Sabroom,TR,AA,-------B,0006,,,
,IN,JKA,Sachana ICD/Viramgam,Sachana ICD/Viramgam,GJ,AA,-----6--,1607,,2307N 07202E,
,IN,SAC,Sachin (Surat),Sachin (Surat),GJ,AA,-----6--,0002,,,ICD/CFS
,IN,SGR,Sagar,Sagar,MP,RL,--3-----,1201,,2216N 07926E,
,IN,SRE,Saharanpur,Saharanpur,UP,AA,-----6--,0002,,,ICD/CFS
,IN,SHB,Sahibabad,Sahibabad,UP,RL,-23-----,1401,,2841N 07724E,
,IN,SWA,Sahnewal,Sahnewal,PB,RQ,1----6--,0907,,3051N 07557E,
,IN,SAL,Salaya,Salaya,GJ,AA,1-------,0002,,,
,IN,SXV,Salem,Salem,TN,AA,---4-6--,0002,,,ICD/CFS = SXT
,IN,SLT,Salt Lake,Salt Lake,WB,AA,--3--6--,0401,,,
,IN,DWN,Samalkha ICD/Panipat,Samalkha ICD/Panipat,HR,AA,-----6--,1601,,2914N 07701E,
,IN,SAM,Samalkot,Samalkot,AP,RL,123--6--,1207,,1703N 08211E,
,IN,JSJ,Sambalpur,Sambalpur,OR,RL,--3-----,1301,,2127N 08358E,
,IN,SAA,Sanand,Sanand,GJ,RQ,--3-----,1001,,2259N 07223E,
,IN,SAD,Sanathnagar,Sanathnagar,HR,RL,1-3-----,0607,,,
,IN,HPI,Sandkhera ICD/Kashipur,Sandkhera ICD/Kashipur,UT,AA,-----6--,1607,,2912N 07856E,
,IN,JPW,Sanganer,Sanganer,RJ,RL,-----6--,1201,,2649N 07547E,
,IN,SAG,Sangli,Sangli,MH,RL,--3-----,1201,,1652N 07434E,
,IN,SAN,Sangrur,Sangrur,PB,RL,--3-----,1207,,3014N 07550E,
,IN,DBS,Santa-SEZ/Muppireddipally,Santa-SEZ/Muppireddipally,AP,AF,-----6--,1101,,1802N 07816E,
,IN,SCH,Sap-SEZ/Surat,Sap-SEZ/Surat,GJ,RQ,-----6--,0907,,2110N 07250E,
,IN,CAS,SAPL SEZ/Ganjam,SAPL SEZ/Ganjam,OR,RL,--3-----,1407,,1923N 08504E,
,IN,SAR,Sardar,Sardar,AN,RQ,--3-----,0901,,,
,IN,SRL,Saroli,Saroli,RJ,RL,--3-----,1301,,2606N 07603E,
,IN,STA,Satara,Satara,MH,RQ,--3-----,0901,,,
,IN,STM,Satara,Satara,MH,RL,-----6--,1201,,1741N 07359E,
,IN,STN,Satna,Satna,MP,RQ,---4----,0907,,2435N 08050E,
,IN,STP,Satpati,Satpati,MH,AA,1-------,0006,,,
,IN,STY,Satyavedu,Satyavedu,TN,RL,--3-----,1301,,1326N 07959E,
,IN,TSM,Sawai Madhopur,Sawai Madhopur,RJ,RL,--3-----,1201,,2601N 07620E,
,IN,MUC,SCPL SEZ/Mulund,SCPL SEZ/Mulund,MH,AA,--3--6--,1207,,1912N 07258E,
,IN,HBB,Sdpl Sez/Bangalore,Sdpl Sez/Bangalore,KA,AA,-----6--,1701,,1254N 07734E,
,IN,CBS,SE&C LTD-SEZ/Coimbatore,SE&C LTD-SEZ/Coimbatore,TN,AA,-----6--,1207,,1100N 07658E,
,IN,BRS,SE&C-LTD-SEZ/Waghodia,SE&C-LTD-SEZ/Waghodia,GJ,AF,-----6--,1301,,2218N 07322E,
,IN,UND,Secunderabad,Secunderabad,AP,RL,--3-----,9805,,,
,IN,SEH,Sehore,Sehore,MP,RL,--3-----,1201,,2312N 07705E,
,IN,SLU,Selu,Selu,MH,RQ,-----6--,1007,,2051N 07842E,
,IN,SHW,Sendhwa,Sendhwa,MP,RL,-----6--,1107,,2141N 07506E,
,IN,SHH,Shahada,Shahada,MH,RL,-----6--,1201,,2133N 07428E,
,IN,SHA,Shahapur,Shahapur,MH,RL,-----6--,1107,,1927N 07320E,
,IN,SHD,Shahdol,Shahdol,MP,RL,--3-----,1201,,2317N 08121E,
,IN,SJN,Shahjahanpur,Shahjahanpur,UP,RL,--3-----,1201,,2753N 07955E,
,IN,SHJ,Shajapur,Shajapur,MP,RL,--3-----,1201,,2326N 07616E,
,IN,SH2,Shamli,Shamli,UP,RL,--3-----,1407,,2927N 07719E,
,IN,HIR,SHB ICD/Surat,SHB ICD/Surat,GJ,AA,-----6--,1601,,2109N 07249E,
,IN,SBZ,Shella Bazar,Shella Bazar,ML,AA,-------B,0006,,,
,IN,SHE,Sheopur,Sheopur,MP,RL,--3-----,1201,,2240N 07642E,
,IN,NTL,Sherathang Lcs,Sherathang Lcs,SK,AA,-----6--,1801,,2721N 08836E,
,IN,SRI,Shertallai,Shertallai,KL,RQ,-----6--,1001,,0942N 07620E,
,IN,SHL,Shillong,Shillong,,AI,---4----,0001,,,
,IN,SMK,Shimoga,Shimoga,KA,RL,-----6--,1201,,1355N 07534E,
,IN,SHI,Shirola,Shirola,KA,RL,1-------,0002,,,
,IN,SHU,Shirur,Shirur,MH,RQ,-----6--,1007,,1883N 07438E,
,IN,SHV,Shivpuri,Shivpuri,MP,RL,--3-----,1201,,2526N 07739E,
,IN,SSE,Sholapur,Sholapur,,AI,---4----,0001,,,
,IN,SHR,Sholinghur,Sholinghur,TN,RL,--3-----,0407,,1307N 07925E,
,IN,SHN,Shopian,Shopian,JK,RL,--3-----,1201,,3343N 07449E,
,IN,SWD,Shriwardhan,Shriwardhan,MH,AA,1-------,0006,,,
,IN,SIB,Sibsagar,Sibsagar,AS,RL,--3-----,1201,,2659N 09438E,
,IN,HDD,Sidcul Icd/Pantnagar,Sidcul Icd/Pantnagar,UT,AA,-----6--,1607,,2903N 07931E,
,IN,SAP,Siddapur,Siddapur,KA,RL,-----6--,1201,,1218N 07552E,
,IN,SDD,Siddharthnagar,Siddharthnagar,UP,RL,--3-----,1201,,2715N 08300E,
,IN,SID,Sidhi,Sidhi,MP,RL,--3-----,1201,,2423N 08152E,
,IN,SHO,Sihor,Sihor,MP,RL,--3-----,1301,,2541N 07807E,
,IN,SIK,Sika,Sika,GJ,AA,123-----,0207,,2226N 06950E,
,IN,SKR,Sikar,Sikar,RJ,RQ,--3-----,0907,,2737N 07509E,
,IN,SKK,Sikkim,Sikkim,AN,RL,1-3-----,1707,,2719N 08837E,
,IN,STF,Sikta Lcs,Sikta Lcs,BR,AA,-----6--,1801,,2703N 08406E,
,IN,IXS,Silchar,Silchar,,AI,---4----,9601,,,
,IN,SIL,Siliguri,Siliguri,WB,RL,123-----,0701,,2643N 08825E,
,IN,SIV,Silvassa,Silvassa,DN,RL,--3-----,0701,,2016N 07301E,
,IN,SIM,Sima/Navabunder,Sima/Navabunder,GJ,AA,1-------,0006,,,
,IN,SHP,Simbhour Port,Simbhour Port,,AA,1-------,0006,,,
,IN,SLV,Simla,Simla,,AI,---4----,0001,,,
,IN,SMR,Simor,Simor,GJ,AA,1-------,0006,,,
,IN,SBH,Sinbhour,Sinbhour,GJ,AA,1-------,0006,,,
,IN,SIN,Sindhudurg,Sindhudurg,MH,RL,--3-----,1201,,1622N 07375E,
,IN,SIR,Singanallur,Singanallur,TN,AA,--3--6--,0207,,1100N 07700E,ICD/CFS = SLL
,IN,SNG,Singhabad,Singhabad,WB,AA,-2------,1207,,,
,IN,SLI,Singrauli,Singrauli,MP,RL,--3-----,1201,,2412N 08240E,
,IN,NKI,Sinnar,Sinnar,MH,RL,-----6--,1201,,1951N 07400E,
,IN,HSI,SIPC SEZ/Krishnagiri,SIPC SEZ/Krishnagiri,TN,AA,--3--6--,1207,,1232N 07814E,
,IN,VLR,SIPC SEZ/Vellore,SIPC SEZ/Vellore,TN,AA,--3--6--,1207,,1256N 07908E,
,IN,TEN,Sipcot-Gangaikondan-SEZ/Tirunelveli,Sipcot-Gangaikondan-SEZ/Tirunelveli,TN,RQ,-----6--,1001,,0844N 07742E,
,IN,CJO,Sipcot-Hi-Tech-SEZ-Oragadam/Sriperumbudur,Sipcot-Hi-Tech-SEZ-Oragadam/Sriperumbudur,TN,RQ,-----6--,1001,,1258N 07956E,
,IN,CJS,Sipcot-Hi-Tech-SEZ/Sriperumbudur,Sipcot-Hi-Tech-SEZ/Sriperumbudur,TN,RQ,-----6--,1001,,1258N 07956E,
,IN,PYS,Sipcot-SEZ/Erode,Sipcot-SEZ/Erode,TN,RQ,-----6--,1001,,1121N 07744E,
,IN,CSP,SIPL SEZ/Kancheepuram,SIPL SEZ/Kancheepuram,TN,AA,--3--6--,1207,,1250N 07943E,
,IN,PSI,SIPL SEZ/Pune,SIPL SEZ/Pune,MH,AA,--3--6--,1207,,1832N 07352E,
,IN,SIO,Sirohi,Sirohi,RJ,RL,--3-----,1201,,2453N 07252E,
,IN,SPR,Sirpur,Sirpur,AN,RQ,--3-----,0901,,,
,IN,STI,Sitai,Sitai,WB,AA,-------B,0006,,,
,IN,SIT,Sitapur,Sitapur,UP,RL,--3-----,1201,,2734N 08041E,
,IN,STG,Sitarganj,Sitarganj,UP,RL,-----6--,1107,,2856N 07942E,
,IN,SVK,Sivakasi,Sivakasi,TN,RL,--3-----,1301,,0927N 07749E,
,IN,PVS,Snpip Sez/Tambaram,Snpip Sez/Tambaram,TN,AA,-----6--,1801,,1255N 08006E,
,IN,SKA,Sokhana,Sokhana,UP,AA,--3-----,1601,,2736N 07804E,
,IN,QSL,Solan,Solan,,RQ,--3-----,1001,,3055N 07707E,
,IN,SOL,Solapur,Solapur,MH,RL,--3-----,1201,,1741N 07555E,
,IN,SNB,Sonabarsa,Sonabarsa,DL,AA,-------B,0006,,,
,IN,SNL,Sonauli,Sonauli,UP,AA,-------B,0006,,,
,IN,SUB,Sonepur,Sonepur,OR,RL,--3-----,1201,,2051N 08350E,
,IN,SON,Sonipat,Sonipat,HR,RL,-23-----,1301,,2859N 07701E,
,IN,SSI,South Sikkim,South Sikkim,SK,RL,--3-----,1201,,2723N 08821E,
,IN,TBP,SPIPL SEZ/Perungalathur,SPIPL SEZ/Perungalathur,TN,AA,-----6--,1501,,1250N 07943E,
,IN,AIR,SPPL SEZ/Thane,SPPL SEZ/Thane,MH,AA,--3--6--,1207,,1912N 07258E,
,IN,GNS,Srehpl-SEZ/Gandhinagar,Srehpl-SEZ/Gandhinagar,GJ,RQ,-----6--,1001,,2313N 07241E,
,IN,TAS,Sri City Pvt Ltd-SEZ/Satyavedu,Sri City Pvt Ltd-SEZ/Satyavedu,AP,AF,-----6--,1101,,1326N 07959E,
,IN,MUK,Sri Muktsar Sahib,Sri Muktsar Sahib,PB,RL,--3-----,1201,,3028N 07430E,
,IN,SMP,Srimantapur,Srimantapur,TR,AA,-------B,0006,,,
,IN,SXR,Srinagar,Srinagar,JK,AA,---4----,0002,,,
,IN,SRP,Sriperumbudur,Sriperumbudur,TN,RL,--3--6--,1001,,1258N 07957E,
,IN,TNS,SSL SEZ/Tuticorin,SSL SEZ/Tuticorin,TN,AA,-----6--,1501,,0847N 07808E,
,IN,SKN,St Kabir Nagar,St Kabir Nagar,UP,RL,--3-----,1201,,2645N 08305E,
,IN,KNM,Startrack,Startrack,UP,RL,--3-----,1207,,2831N 07732E,
,IN,BHS,Sterling-SEZ/Bharuch,Sterling-SEZ/Bharuch,GJ,RQ,-----6--,1001,,2142N 07258E,
,IN,STT,Sttpl Cfs/Dadri,Sttpl Cfs/Dadri,UP,RQ,-----6--,1001,,2834N 07733E,
,IN,SKP,Sukhia Pokhari,Sukhia Pokhari,WB,AA,-------B,0006,,,
,IN,SUM,Sunam,Sunam,PB,RL,-----6--,1201,,3008N 07548E,
,IN,SUN,Sundargarh,Sundargarh,OR,RL,--3-----,1201,,2207N 08402E,
,IN,SJP,Surajpur,Surajpur,UP,RL,--3--6--,0407,,2831N 07729E,ICD
,IN,SRV,Surasani-Yanam,Surasani-Yanam,AP,AA,1-------,0006,,,
,IN,STV,Surat,Surat,GJ,AI,1234-6--,0307,,2110N 07250E,
,IN,STR,Sutarkandi,Sutarkandi,AS,AA,-------B,0006,,,
,IN,CSV,SVPL SEZ/Coimbatore,SVPL SEZ/Coimbatore,TN,AA,--3--6--,1207,,1100N 07658E,
,IN,PNS,SVRL SEZ/Raigad,SVRL SEZ/Raigad,MH,AA,--3--6--,1207,,1859N 07306E,
,IN,UDI,Synefra-SEZ/Udupi,Synefra-SEZ/Udupi,KA,AA,-----6--,1207,,1321N 07445E,
,IN,TTS,T.T.Shed,T.T.Shed,WB,AA,-------B,0006,,,
,IN,TAD,Tadri,Tadri,KA,AA,1-3-----,0501,,1431N 07421E,
,IN,TJA,Talaja,Talaja,GJ,AA,1-------,0002,,,
,IN,TGD,Talegaon Dabhade,Talegaon Dabhade,MH,RQ,-----6--,0907,,1843N 07341E,
,IN,TLG,Talegoan,Talegoan,MH,RQ,-----6--,0901,,1832N 07352E,
,IN,TLB,Taliparamba,Taliparamba,KL,RQ,-----6--,1007,,1203N 07521E,
,IN,TPN,Talpona,Talpona,GA,AA,1-------,0006,,,
,IN,TAL,Talwara,Talwara,PB,RL,-----6--,1401,,3156N 07552E,
,IN,TAM,Tamilnada,Tamilnada,AN,RQ,--3-----,0901,,,
,IN,TNK,Tankari,Tankari,GJ,AA,1-------,0006,,,
,IN,TRP,Tarapur,Tarapur,MH,AA,1-------,0006,,,
,IN,TT8,Tarn Taran,Tarn Taran,PB,RL,-2------,1301,,3127N 07455E,
,IN,CAG,Tata Steel SEZ/Ganjam,Tata Steel SEZ/Ganjam,OR,AA,-----6--,1607,,1923N 08504E,
,IN,INT,TCS SEZ/Indore,TCS SEZ/Indore,MP,AF,-----6--,1401,,2243N 07550E,
,IN,GNT,TCS-SEZ/Gandhinagar,TCS-SEZ/Gandhinagar,GJ,RQ,-----6--,1001,,2313N 07241E,
,IN,TBT,TCSL SEZ/Siruseri,TCSL SEZ/Siruseri,TN,AA,--3--6--,1207,,1305N 08017E,
,IN,CBT,TDPL SEZ/Coimbatore,TDPL SEZ/Coimbatore,TN,AA,--3--6--,1207,,1100N 07658E,
,IN,TEL,Tellicherry,Tellicherry,KL,AA,1-------,0002,,,
,IN,TKS,Tenkasi,Tenkasi,TN,RQ,1-------,0901,,,
,IN,TEZ,Tezpur,Tezpur,,AI,---4----,9601,,,
,IN,TEI,Tezu,Tezu,,AI,---4----,0001,,,
,IN,THL,Thal,Thal,MH,AA,1-------,0006,,,
,IN,TNA,Thana,Thana,MH,AA,1-------,0006,,,
,IN,THN,Thane,Thane,MH,RL,123-----,0701,,1912N 07258E,
,IN,TJV,Thanjavur,Thanjavur,,AI,---4----,0001,,,
,IN,THE,Theni,Theni,TN,RQ,-----6--,0901,,,
,IN,TRV,Thiruvananthapuram (ex Trivandrum),Thiruvananthapuram (ex Trivandrum),KL,AI,-234----,1207,,0829N 07655E,
,IN,TVR,Thiruvarur,Thiruvarur,TN,RL,--3-----,1201,,1308N 07954E,
,IN,NTV,Thootibari Lcs,Thootibari Lcs,UP,AA,-----6--,1801,,2615N 08307E,
,IN,TPP,Thoppumpady,Thoppumpady,,RQ,-----6--,1007,,0956N 07615E,
,IN,TPH,Thopputhurai,Thopputhurai,TN,AA,1-------,0006,,,
,IN,THR,Thrissur,Thrissur,KL,RL,--3-----,1201,,1031N 07613E,
,IN,TCR,Tics ICD/Mathilakam,Tics ICD/Mathilakam,KL,RL,-----6--,1107,,1031N 07613E,
,IN,TIK,Tikamgarh,Tikamgarh,UP,RL,--3-----,1201,,2444N 07850E,
,IN,TKN,Tikonia,Tikonia,UP,AA,-------B,0006,,,
,IN,TSK,Tinsukia,Tinsukia,AS,RL,--3-----,1101,,2730N 09522E,
,IN,MAS,TIPL SEZ/Chennai,TIPL SEZ/Chennai,TN,AA,--3--6--,1207,,1305N 08017E,
,IN,TCH,Tiruchengodu,Tiruchengodu,TN,RL,--3-----,1301,,1123N 07756E,
,IN,TRZ,Tiruchirapalli,Tiruchirapalli,TN,AA,---4----,0002,,,
,IN,TRI,Tiruchirappalli,Tiruchirappalli,TN,RL,--3-----,1201,,1047N 07842E,
,IN,TYR,Tirukkadayyur,Tirukkadayyur,TN,AA,1-------,0002,,,
,IN,TIR,Tirupati,Tirupati,,AI,---4----,9601,,,
,IN,TUP,Tiruppur,Tiruppur,TN,AA,--3--6--,0212,,1105N 07721E,
,IN,TRU,Tirur,Tirur,KL,RL,--3-----,1207,,1054N 07555E,
,IN,TRL,Tiruvallur,Tiruvallur,TN,RL,-23--6--,1207,,1309N 07955E,
,IN,TVI,Tiruvannamalai,Tiruvannamalai,TN,RQ,-----6--,1007,,1213N 07904E,
,IN,TIV,Tiviri,Tiviri,,QQ,1-------,8103,,,
,IN,TND,Tondi,Tondi,TN,AA,1-------,0006,,,
,IN,TVT,Tondiarpet,Tondiarpet,TN,RL,-----6--,1201,,1307N 08017E,
,IN,KTK,Toranagallu,Toranagallu,KA,RL,1----6--,1201,,1512N 07641E,
,IN,TRA,Tranquebar,Tranquebar,TN,RL,1-------,0002,,,
,IN,TMP,Trombay,Trombay,MH,AA,1-------,0006,,,
,IN,TTP,Ttpl Cfs/Dadri,Ttpl Cfs/Dadri,UP,RQ,-----6--,1001,,2834N 07733E,
,IN,TDE,Tudiyalür,Tudiyalur,TN,RN,-23--6--,0407,,1105N 07657E,
,IN,TKD,Tughlakabad,Tughlakabad,DL,AA,-23--6--,0212,,2830N 07716E,
,IN,TUB,TUMB,TUMB,GJ,AA,--3-----,1607,,2010N 07245E,
,IN,ZUM,Tumkur,Tumkur,KA,RL,1-3-----,1707,,1630N 07705E,
,IN,TUN,Tuna,Tuna,GJ,AA,1-------,0002,,,
,IN,TNG,Tungi,Tungi,WB,AA,-------B,0006,,,
,IN,TUT,Tuticorin,Tuticorin,TN,AA,123--6--,0501,,0847N 07808E,
,IN,UDR,Udaipur,Udaipur,RJ,AA,---4-6--,0002,,,ICD/CFS = UDZ
,IN,UDH,Udhampur,Udhampur,JK,RL,--3-----,1201,,3256N 07508E,
,IN,UJJ,Ujjain,Ujjain,MP,RL,--3-----,1201,,2311N 07546E,
,IN,ULP,Ultapani,Ultapani,AS,AA,-------B,0006,,,
,IN,ULW,Ulwa,Ulwa,MH,AA,1-------,0006,,,
,IN,UMA,Umaria,Umaria,MP,RL,--3-----,1201,,2342N 07840E,
,IN,UMR,Umarsadi,Umarsadi,GJ,AA,1-------,0006,,,
,IN,UMG,Umbergaon,Umbergaon,MH,RQ,--3-----,0212,,2012N 07251E,
,IN,UMB,Umbergoan,Umbergoan,GJ,AA,1-------,0002,,,
,IN,UNA,Una,Una,HP,RQ,-----6--,1001,,3129N 07617E,
,IN,URA,Uran,Uran,MH,RL,123-----,0901,,1853N 07256E,
,IN,UTN,Uttan,Uttan,MH,AA,1-------,0006,,,
,IN,VRU,Vadarevu,Vadarevu,AP,AA,1-------,0006,,,
,IN,VAD,Vadinar,Vadinar,GJ,AA,1-------,0002,,,
,IN,BDQ,Vadodara,Vadodara,GJ,AI,1234----,1207,,2218N 07312E,
,IN,VVK,Valasaravakkam,Valasaravakkam,TN,RL,--3-----,1301,,1302N 08010E,
,IN,VKM,Valinokkam,Valinokkam,TN,AA,1-------,0002,,,
,IN,ERV,Vallarpadom-SEZ/Ernakulam,Vallarpadom-SEZ/Ernakulam,KL,RQ,-----6--,0907,,0959N 07617E,
,IN,VSD,Valsad,Valsad,GJ,RL,--3-----,0901,,2038N 07256E,
,IN,VAL,Valvada,Valvada,GJ,RQ,-----6--,0901,,,
,IN,VSI,Vansi-Borsi,Vansi-Borsi,GJ,AA,1-------,0002,,,
,IN,VPI,Vapi,Vapi,GJ,AA,-23-----,1101,,2022N 07254E,
,IN,VNS,Varanasi,Varanasi,UP,AA,--34-6--,1301,,2520N 08300E,ICD/CFS = BSBICD/CFS = BSB
,IN,VRD,Varavda,Varavda,MH,AA,1-------,0006,,,
,IN,VSV,Varsova,Varsova,MH,AA,1-------,0006,,,
,IN,VGM,Vasco da Gama,Vasco da Gama,GA,RL,--3-----,0701,,1524N 07349E,
,IN,VZJ,Vazhinjam,Vazhinjam,KL,AA,1-------,0002,,,
,IN,MOV,VBTL-SEZ/Medak,VBTL-SEZ/Medak,AP,RQ,-----6--,1001,,1802N 07816E,
,IN,JHV,Vedanta SEZ/Jharsuguda,Vedanta SEZ/Jharsuguda,OR,AA,-----6--,1601,,2150N 08401E,
,IN,VNG,Vemgira,Vemgira,MH,AA,1-------,0006,,,
,IN,VEN,Vengurla,Vengurla,MH,RL,1-------,0002,,,
,IN,VEP,Veppalodai,Veppalodai,TN,AA,1-------,0002,,,
,IN,VVA,Veraval,Veraval,GJ,AA,1-------,0002,,,
,IN,VER,Verna,Verna,GA,RQ,-----6--,1001,,1521N 07355E,
,IN,VHA,Vidisha,Vidisha,MP,RL,--3-----,1301,,2332N 07749E,
,IN,VID,Vidyanagar,Vidyanagar,GJ,RL,--3-----,0901,,2232N 07254E,
,IN,VIA,Vijapur,Vijapur,GJ,RL,-----6--,1107,,2334N 07245E,
,IN,VIJ,Vijayanagar,Vijayanagar,GJ,RL,--3-----,0901,,2359N 07316E,
,IN,VGA,Vijayawada,Vijayawada,,AI,---4----,9601,,,
+,IN,GWM,Vijayawada International Airport/Gannavaram,Vijayawada International Airport/Gannavaram,AP,AA,---4----,1907,,1631N 08037E,
,IN,VYD,Vijaydurg,Vijaydurg,MH,AA,1-------,0006,,,
,IN,NGS,Village Namaya Shipkila,Village Namaya Shipkila,MN,AA,-2------,0006,,,
,IN,VIL,Viluppuram,Viluppuram,TN,RL,--3-----,1201,,1156N 07929E,
,IN,VGH,Virudhunagar,Virudhunagar,TN,RL,--3-----,1301,,0935N 07757E,
,IN,VTZ,Visakhapatnam,Visakhapatnam,AP,AA,1234-6--,0307,,1742N 08318E,
,IN,VSG,Visnagar,Visnagar,GJ,RL,--3-----,1301,,2342N 07233E,
,IN,VIG,Vizagapatanam,Vizagapatanam,DL,RQ,1-------,0901,,,
,IN,CJV,VTPL SEZ/Kancheepuram,VTPL SEZ/Kancheepuram,TN,AA,--3--6--,1207,,1250N 07943E,
,IN,TEV,VVM SEZ/Tirunelveli,VVM SEZ/Tirunelveli,TN,AA,-----6--,1501,,0844N 07742E,
,IN,WAD,Wada,Wada,MH,RL,1-3-----,0701,,1859N 07345E,
,IN,WAI,Wai,Wai,MH,RQ,--3-----,1001,,1756N 07354E,
,IN,WAL,Waluj (Aurangabad),Waluj (Aurangabad),MH,AA,-----6--,0002,,,ICD/CFS
,IN,WRA,Warangal,Warangal,AP,RL,--3-----,1201,,1800N 07935E,
,IN,WAR,Warora,Warora,MH,RL,--3-----,0701,,2014N 07900E,
,IN,WGC,Warrangal,Warrangal,,AI,---4----,0001,,,
,IN,WAS,Washim,Washim,MH,RL,--3-----,1201,,2006N 07709E,
,IN,AJE,Welspun Anjar-SEZ/Anjar,Welspun Anjar-SEZ/Anjar,GJ,RQ,-----6--,0907,,2308N 07001E,
,IN,WSS,West Sikkim,West Sikkim,SK,RL,--3-----,1201,,2724N 08812E,
,IN,KVR,WFPML-SEZ/Kovvur,WFPML-SEZ/Kovvur,AP,RQ,-----6--,1001,,1701N 08144E,
,IN,CCI,Wipro Sez/Hinjewadi,Wipro Sez/Hinjewadi,MH,AA,-----6--,1801,,1848N 07346E,
,IN,KJW,Wipro Sez/Kodathi,Wipro Sez/Kodathi,KA,AA,-----6--,1707,,1288N 07771E,
,IN,BNW,Wipro SEZ/Kolkata,Wipro SEZ/Kolkata,WB,AF,-----6--,1401,,2234N 08822E,
,IN,VSP,Wipro Sez/Resapuvanipalem,Wipro Sez/Resapuvanipalem,AP,AA,-----6--,1801,,1744N 08319E,
,IN,CHJ,WWIL ICD/Wardha,WWIL ICD/Wardha,MH,RL,-----6--,1301,,2045N 07837E,
,IN,YAN,Yanam,Yanam,AP,RL,--3-----,1201,,1644N 08213E,
,IN,YVT,Yavatamal,Yavatamal,MH,RL,--3-----,1107,,2024N 07808E,
,IN,YAV,Yavatmal,Yavatmal,MH,RL,--3-----,1201,,2024N 07808E,
,IN,YCD,Yercaud,Yercaud,TN,RL,-----6--,1201,,1146N 07814E,
,IN,ZER,Zero (Ziro),Zero (Ziro),AP,RL,---4----,0907,,2738N 09350E,
,IN,ZIP,ZIPL-SEZ/Ahmedabad,ZIPL-SEZ/Ahmedabad,GJ,RQ,-----6--,0907,,2302N 07237E,
,IN,ZIR,Zirakpur,Zirakpur,PB,RL,--3-----,1401,,3039N 07649E,
